ANO,BCG,PENTA,ROTA,MENINGOC,PNEUMO,POLIO,HEPB,IDHM,IDHM Renda,IDHM Educação,IDHM Longevidade,AREA_TERRITORIAL,PIB_PERCAPTA,DENSIDADE_DEMOGRAFICA,POPULACAO,POSTOS,mae_escolaridade_ens_medio,pop_urb(%),MACRORREGIAO_INT,PARTIDO PREFEITOS_INT
2020.0,104.98348072307598,113.513513513514,106.52777786111112,110.480549199085,110.44448509237219,107.70655270655271,113.4063143817545,0.687,0.7,0.534,0.849,1496.019,88848.11,19.46,4704.0,98.0,34.0,35.4,6.0,11.0
2021.0,75.70932556349206,126.9759485926655,95.51910361977174,87.1754878072813,87.8787878787879,85.2941176470588,87.06016311118384,0.687,0.7,0.534,0.849,1496.019,88848.11,19.46,4704.0,98.0,34.0,35.4,6.0,11.0
2022.0,145.2422175777439,126.9759485926655,84.83330327080324,87.1754878072813,87.8787878787879,85.2941176470588,87.06016311118384,0.687,0.7,0.534,0.849,1496.019,88848.11,19.46,4704.0,98.0,34.0,35.4,6.0,11.0
2023.0,135.64380064380063,100.0,106.52777786111112,110.480549199085,98.8532110091743,107.70655270655271,100.0,0.687,0.7,0.534,0.849,1496.019,88848.11,19.46,4704.0,98.0,34.0,35.4,6.0,11.0
2024.0,104.98348072307598,100.0,106.52777786111112,99.00087270830306,110.44448509237219,107.70655270655271,100.0,0.687,0.7,0.534,0.849,1496.019,88848.11,19.46,4704.0,98.0,34.0,35.4,6.0,11.0
2020.0,275.0,113.513513513514,95.51910361977174,99.00087270830306,110.44448509237219,96.50389086358356,113.4063143817545,0.697,0.751,0.5225,0.849,405.034,45625.31,19.46,4704.0,98.0,34.0,50.3,5.0,5.0
2021.0,95.83333345833333,87.0967741935484,106.52777786111112,99.00087270830306,110.44448509237219,96.50389086358356,87.06016311118384,0.697,0.751,0.5225,0.849,405.034,45625.31,19.46,4704.0,98.0,34.0,50.3,5.0,5.0
2022.0,145.2422175777439,87.0967741935484,106.52777786111112,110.480549199085,110.44448509237219,107.70655270655271,100.0,0.697,0.751,0.5225,0.849,405.034,45625.31,19.46,4704.0,98.0,34.0,50.3,5.0,5.0
2023.0,125.0,113.513513513514,117.6653439153439,122.08333358333336,121.38558201058203,107.70655270655271,113.4063143817545,0.697,0.751,0.5225,0.849,405.034,45625.31,19.46,4704.0,98.0,34.0,50.3,5.0,5.0
2024.0,125.0,87.0967741935484,84.83330327080324,87.1754878072813,87.8787878787879,85.2941176470588,87.06016311118384,0.697,0.751,0.5225,0.849,405.034,45625.31,19.46,4704.0,98.0,34.0,50.3,5.0,5.0
2020.0,46.1215513794482,140.0,150.6881313131313,145.45454554545452,144.54365083531744,141.74107151190475,140.0,0.753,0.761,0.662,0.849,405.034,56792.915,19.46,4704.0,98.0,34.0,64.75,2.0,2.0
2021.0,75.70932556349206,74.6815286624204,117.6653439153439,122.08333358333336,121.38558201058203,118.518518518519,126.923076923077,0.753,0.761,0.662,0.849,405.034,56792.915,19.46,4704.0,98.0,34.0,64.75,2.0,2.0
2022.0,75.70932556349206,87.0967741935484,117.6653439153439,122.08333358333336,121.38558201058203,131.21597458391912,126.923076923077,0.753,0.761,0.662,0.849,405.034,56792.915,19.46,4704.0,98.0,34.0,64.75,2.0,2.0
2023.0,114.53373015873015,126.9759485926655,129.16666675,133.5763890138889,132.142857142857,131.21597458391912,140.0,0.753,0.761,0.662,0.849,405.034,56792.915,19.46,4704.0,98.0,34.0,64.75,2.0,2.0
2024.0,135.64380064380063,140.0,161.63690480357144,190.6240981240981,167.60912698412704,141.74107151190475,140.0,0.753,0.761,0.662,0.849,405.034,56792.915,19.46,4704.0,98.0,34.0,64.75,2.0,2.0
2020.0,46.1215513794482,87.0967741935484,62.5,87.1754878072813,76.1904761904762,85.2941176470588,87.06016311118384,0.667,0.682,0.5225,0.849,405.034,27276.97,19.46,4704.0,98.0,34.0,42.9,2.0,4.0
2021.0,104.98348072307598,113.513513513514,50.26348435761521,65.0,65.15151533333334,53.125,49.355158896825394,0.667,0.682,0.5225,0.849,405.034,27276.97,19.46,4704.0,98.0,34.0,42.9,2.0,4.0
2022.0,114.53373015873015,113.513513513514,239.27045177045153,231.96530325696995,236.66132486965785,253.846153846154,251.92307692307702,0.667,0.682,0.5225,0.849,405.034,27276.97,19.46,4704.0,98.0,34.0,42.9,2.0,4.0
2023.0,104.98348072307598,140.0,140.824915824916,110.480549199085,155.263157894737,141.74107151190475,140.0,0.667,0.682,0.5225,0.849,405.034,27276.97,19.46,4704.0,98.0,34.0,42.9,2.0,4.0
2024.0,95.83333345833333,113.513513513514,129.16666675,133.5763890138889,144.54365083531744,118.518518518519,113.4063143817545,0.667,0.682,0.5225,0.849,405.034,27276.97,19.46,4704.0,98.0,34.0,42.9,2.0,4.0
2020.0,55.9503105590062,126.9759485926655,106.52777786111112,122.08333358333336,110.44448509237219,118.518518518519,126.923076923077,0.743,0.717,0.662,0.849,7800.552,45625.31,19.46,62543.0,33.0,428.5,90.5,5.0,2.0
2021.0,85.50685425685425,87.0967741935484,95.51910361977174,87.1754878072813,87.8787878787879,96.50389086358356,87.06016311118384,0.743,0.717,0.662,0.849,7800.552,45625.31,19.46,62543.0,33.0,428.5,90.5,5.0,2.0
2022.0,75.70932556349206,87.0967741935484,95.51910361977174,99.00087270830306,98.8532110091743,85.2941176470588,87.06016311118384,0.743,0.717,0.662,0.849,7800.552,45625.31,19.46,62543.0,33.0,428.5,90.5,5.0,2.0
2023.0,166.18882275132276,87.0967741935484,84.83330327080324,110.480549199085,87.8787878787879,85.2941176470588,87.06016311118384,0.743,0.717,0.662,0.849,7800.552,45625.31,19.46,62543.0,33.0,428.5,90.5,5.0,2.0
2024.0,104.98348072307598,100.0,95.51910361977174,99.00087270830306,98.8532110091743,96.50389086358356,100.0,0.743,0.717,0.662,0.849,7800.552,45625.31,19.46,62543.0,33.0,428.5,90.5,5.0,2.0
2020.0,85.50685425685425,113.513513513514,117.6653439153439,110.480549199085,121.38558201058203,107.70655270655271,113.4063143817545,0.697,0.717,0.576,0.817,144.181,36271.065,19.46,4704.0,98.0,34.0,46.7,2.0,2.0
2021.0,55.9503105590062,74.6815286624204,73.6418511066398,76.271186440678,76.1904761904762,74.2857142857143,74.6913580246914,0.697,0.717,0.576,0.817,144.181,36271.065,19.46,4704.0,98.0,34.0,46.7,2.0,2.0
2022.0,135.64380064380063,113.513513513514,95.51910361977174,99.00087270830306,98.8532110091743,85.2941176470588,87.06016311118384,0.697,0.717,0.576,0.817,144.181,36271.065,19.46,4704.0,98.0,34.0,46.7,2.0,2.0
2023.0,145.2422175777439,193.333333333333,206.1069023569024,203.25396825396825,200.0,197.5049603174603,193.8074194324195,0.697,0.717,0.576,0.817,144.181,36271.065,19.46,4704.0,98.0,34.0,46.7,2.0,2.0
2024.0,125.0,126.9759485926655,117.6653439153439,133.5763890138889,121.38558201058203,118.518518518519,126.923076923077,0.697,0.717,0.576,0.817,144.181,36271.065,19.46,4704.0,98.0,34.0,46.7,2.0,2.0
2020.0,75.70932556349206,87.0967741935484,73.6418511066398,76.271186440678,76.1904761904762,85.2941176470588,87.06016311118384,0.743,0.734,0.676,0.828,144.181,110772.2,19.46,4704.0,98.0,34.0,50.3,0.0,7.0
2021.0,85.50685425685425,74.6815286624204,106.52777786111112,110.480549199085,110.44448509237219,118.518518518519,113.4063143817545,0.743,0.734,0.676,0.828,144.181,110772.2,19.46,4704.0,98.0,34.0,50.3,0.0,7.0
2022.0,145.2422175777439,126.9759485926655,106.52777786111112,110.480549199085,110.44448509237219,107.70655270655271,113.4063143817545,0.743,0.734,0.676,0.828,144.181,110772.2,19.46,4704.0,98.0,34.0,50.3,0.0,7.0
2023.0,75.70932556349206,126.9759485926655,161.63690480357144,180.8234127400794,155.263157894737,131.21597458391912,126.923076923077,0.743,0.734,0.676,0.828,144.181,110772.2,19.46,4704.0,98.0,34.0,50.3,0.0,7.0
2024.0,95.83333345833333,166.666666666667,172.91666670833334,145.45454554545452,167.60912698412704,164.28571436904764,166.666666666667,0.743,0.734,0.676,0.828,144.181,110772.2,19.46,4704.0,98.0,34.0,50.3,0.0,7.0
2020.0,75.70932556349206,87.0967741935484,84.83330327080324,87.1754878072813,87.8787878787879,85.2941176470588,87.06016311118384,0.667,0.7,0.548,0.7955000000000001,405.034,45625.31,19.46,4704.0,98.0,34.0,35.4,0.0,4.0
2021.0,104.98348072307598,154.36868691035355,84.83330327080324,87.1754878072813,87.8787878787879,85.2941176470588,87.06016311118384,0.667,0.7,0.548,0.7955000000000001,405.034,45625.31,19.46,4704.0,98.0,34.0,35.4,0.0,4.0
2022.0,75.70932556349206,87.0967741935484,84.83330327080324,87.1754878072813,87.8787878787879,85.2941176470588,87.06016311118384,0.667,0.7,0.548,0.7955000000000001,405.034,45625.31,19.46,4704.0,98.0,34.0,35.4,0.0,4.0
2023.0,95.83333345833333,87.0967741935484,95.51910361977174,99.00087270830306,98.8532110091743,96.50389086358356,87.06016311118384,0.667,0.7,0.548,0.7955000000000001,405.034,45625.31,19.46,4704.0,98.0,34.0,35.4,0.0,4.0
2024.0,85.50685425685425,100.0,95.51910361977174,87.1754878072813,98.8532110091743,96.50389086358356,100.0,0.667,0.7,0.548,0.7955000000000001,405.034,45625.31,19.46,4704.0,98.0,34.0,35.4,0.0,4.0
2020.0,35.1909184726522,100.0,95.51910361977174,122.08333358333336,87.8787878787879,96.50389086358356,100.0,0.743,0.761,0.646,0.86,144.181,36271.065,19.46,4704.0,98.0,34.0,50.3,0.0,7.0
2021.0,95.83333345833333,113.513513513514,84.83330327080324,76.271186440678,87.8787878787879,63.3333333333333,74.6913580246914,0.743,0.761,0.646,0.86,144.181,36271.065,19.46,4704.0,98.0,34.0,50.3,0.0,7.0
2022.0,75.70932556349206,74.6815286624204,117.6653439153439,122.08333358333336,110.44448509237219,118.518518518519,113.4063143817545,0.743,0.761,0.646,0.86,144.181,36271.065,19.46,4704.0,98.0,34.0,50.3,0.0,7.0
2023.0,104.98348072307598,140.0,184.857142857143,169.20093795093794,192.5925925925926,164.28571436904764,140.0,0.743,0.761,0.646,0.86,144.181,36271.065,19.46,4704.0,98.0,34.0,50.3,0.0,7.0
2024.0,85.50685425685425,113.513513513514,95.51910361977174,110.480549199085,98.8532110091743,107.70655270655271,113.4063143817545,0.743,0.761,0.646,0.86,144.181,36271.065,19.46,4704.0,98.0,34.0,50.3,0.0,7.0
2020.0,125.0,61.9047619047619,39.9399399399399,41.666667,41.66666704166666,53.125,61.77257512796453,0.734,0.743,0.606,0.886,144.181,68227.53,19.46,4704.0,98.0,34.0,35.4,4.0,8.0
2021.0,125.0,179.27158489658487,62.5,65.0,65.15151533333334,74.2857142857143,74.6913580246914,0.734,0.743,0.606,0.886,144.181,68227.53,19.46,4704.0,98.0,34.0,35.4,4.0,8.0
2022.0,35.1909184726522,61.9047619047619,117.6653439153439,156.38888897222222,121.38558201058203,131.21597458391912,126.923076923077,0.734,0.743,0.606,0.886,144.181,68227.53,19.46,4704.0,98.0,34.0,35.4,4.0,8.0
2023.0,125.0,113.513513513514,106.52777786111112,110.480549199085,121.38558201058203,118.518518518519,113.4063143817545,0.734,0.743,0.606,0.886,144.181,68227.53,19.46,4704.0,98.0,34.0,35.4,4.0,8.0
2024.0,114.53373015873015,61.9047619047619,106.52777786111112,110.480549199085,87.8787878787879,63.3333333333333,61.77257512796453,0.734,0.743,0.606,0.886,144.181,68227.53,19.46,4704.0,98.0,34.0,35.4,4.0,8.0
2020.0,114.53373015873015,113.513513513514,117.6653439153439,110.480549199085,110.44448509237219,107.70655270655271,113.4063143817545,0.697,0.692,0.563,0.8755,144.181,27276.97,2658.15,191900.0,55.0,1681.0,97.9,1.0,2.0
2021.0,75.70932556349206,74.6815286624204,140.824915824916,156.38888897222222,144.54365083531744,154.78670634920644,154.72222230555556,0.697,0.692,0.563,0.8755,144.181,27276.97,2658.15,191900.0,55.0,1681.0,97.9,1.0,2.0
2022.0,104.98348072307598,74.6815286624204,84.83330327080324,87.1754878072813,98.8532110091743,96.50389086358356,87.06016311118384,0.697,0.692,0.563,0.8755,144.181,27276.97,2658.15,191900.0,55.0,1507.0,97.9,1.0,2.0
2023.0,55.9503105590062,193.333333333333,129.16666675,313.72835497835496,132.142857142857,197.5049603174603,193.8074194324195,0.697,0.692,0.563,0.8755,144.181,27276.97,2658.15,191900.0,55.0,1507.0,97.9,1.0,2.0
2024.0,65.69850288600288,100.0,129.16666675,110.480549199085,132.142857142857,107.70655270655271,100.0,0.697,0.692,0.563,0.8755,144.181,27276.97,2658.15,191900.0,55.0,1507.0,97.9,1.0,2.0
2020.0,145.2422175777439,193.333333333333,239.27045177045153,203.25396825396825,200.0,185.714285714286,193.8074194324195,0.621,0.666,0.461,0.8015000000000001,405.034,36271.065,19.46,4704.0,98.0,34.0,31.6,6.0,4.0
2021.0,46.1215513794482,74.6815286624204,129.16666675,122.08333358333336,121.38558201058203,118.518518518519,113.4063143817545,0.621,0.666,0.461,0.8015000000000001,405.034,36271.065,19.46,4704.0,98.0,34.0,31.6,6.0,4.0
2022.0,55.9503105590062,74.6815286624204,73.6418511066398,76.271186440678,87.8787878787879,74.2857142857143,74.6913580246914,0.621,0.666,0.461,0.8015000000000001,405.034,36271.065,19.46,4704.0,98.0,34.0,31.6,6.0,4.0
2023.0,125.0,33.12500033333333,73.6418511066398,65.0,98.8532110091743,53.125,32.91666683333333,0.621,0.666,0.461,0.8015000000000001,405.034,36271.065,19.46,4704.0,98.0,34.0,31.6,6.0,4.0
2024.0,75.70932556349206,33.12500033333333,39.9399399399399,53.6144578313253,41.66666704166666,30.000000149999998,32.91666683333333,0.621,0.666,0.461,0.8015000000000001,405.034,36271.065,19.46,4704.0,98.0,34.0,31.6,6.0,4.0
2020.0,65.69850288600288,87.0967741935484,106.52777786111112,99.00087270830306,121.38558201058203,96.50389086358356,87.06016311118384,0.687,0.7,0.563,0.807,144.181,27276.97,19.46,4704.0,98.0,34.0,60.75,0.0,7.0
2021.0,114.53373015873015,113.513513513514,206.1069023569024,203.25396825396825,200.0,175.52778920425976,179.87103174603178,0.687,0.7,0.563,0.807,144.181,27276.97,19.46,4704.0,98.0,34.0,60.75,0.0,7.0
2022.0,104.98348072307598,100.0,50.26348435761521,65.0,52.77777802777778,63.3333333333333,61.77257512796453,0.687,0.7,0.563,0.807,144.181,27276.97,19.46,4704.0,98.0,34.0,60.75,0.0,7.0
2023.0,125.0,166.666666666667,172.91666670833334,169.20093795093794,167.60912698412704,164.28571436904764,166.666666666667,0.687,0.7,0.563,0.807,144.181,27276.97,19.46,4704.0,98.0,34.0,60.75,0.0,7.0
2024.0,114.53373015873015,33.12500033333333,84.83330327080324,76.271186440678,87.8787878787879,85.2941176470588,32.91666683333333,0.687,0.7,0.563,0.807,144.181,27276.97,19.46,4704.0,98.0,34.0,60.75,0.0,7.0
2020.0,85.50685425685425,61.9047619047619,73.6418511066398,76.271186440678,76.1904761904762,74.2857142857143,61.77257512796453,0.7244999999999999,0.734,0.606,0.839,405.034,99721.8,19.46,4704.0,98.0,34.0,50.3,0.0,15.0
2021.0,235.8974358974355,220.86956521739148,73.6418511066398,76.271186440678,76.1904761904762,74.2857142857143,74.6913580246914,0.7244999999999999,0.734,0.606,0.839,405.034,99721.8,19.46,4704.0,98.0,34.0,50.3,0.0,15.0
2022.0,174.193548387097,166.666666666667,73.6418511066398,87.1754878072813,87.8787878787879,74.2857142857143,74.6913580246914,0.7244999999999999,0.734,0.606,0.839,405.034,99721.8,19.46,4704.0,98.0,34.0,50.3,0.0,15.0
2023.0,104.98348072307598,87.0967741935484,95.51910361977174,99.00087270830306,98.8532110091743,85.2941176470588,87.06016311118384,0.7244999999999999,0.734,0.606,0.839,405.034,99721.8,19.46,4704.0,98.0,34.0,50.3,0.0,15.0
2024.0,85.50685425685425,87.0967741935484,84.83330327080324,87.1754878072813,98.8532110091743,96.50389086358356,87.06016311118384,0.7244999999999999,0.734,0.606,0.839,405.034,99721.8,19.46,4704.0,98.0,34.0,50.3,0.0,15.0
2020.0,125.0,126.9759485926655,106.52777786111112,133.5763890138889,132.142857142857,118.518518518519,126.923076923077,0.743,0.743,0.633,0.866,144.181,56792.915,19.46,4704.0,98.0,34.0,50.3,3.0,12.0
2021.0,75.70932556349206,74.6815286624204,73.6418511066398,76.271186440678,87.8787878787879,74.2857142857143,74.6913580246914,0.743,0.743,0.633,0.866,144.181,56792.915,19.46,4704.0,98.0,34.0,50.3,3.0,12.0
2022.0,85.50685425685425,74.6815286624204,84.83330327080324,76.271186440678,76.1904761904762,74.2857142857143,74.6913580246914,0.743,0.743,0.633,0.866,144.181,56792.915,19.46,4704.0,98.0,34.0,50.3,3.0,12.0
2023.0,104.98348072307598,74.6815286624204,84.83330327080324,76.271186440678,76.1904761904762,74.2857142857143,74.6913580246914,0.743,0.743,0.633,0.866,144.181,56792.915,19.46,4704.0,98.0,34.0,50.3,3.0,12.0
2024.0,125.0,126.9759485926655,161.63690480357144,145.45454554545452,144.54365083531744,107.70655270655271,126.923076923077,0.743,0.743,0.633,0.866,144.181,56792.915,19.46,4704.0,98.0,34.0,50.3,3.0,12.0
2020.0,95.83333345833333,126.9759485926655,106.52777786111112,122.08333358333336,121.38558201058203,118.518518518519,126.923076923077,0.763,0.776,0.676,0.834,405.034,68227.53,19.46,4704.0,98.0,34.0,72.8,4.0,7.0
2021.0,85.50685425685425,87.0967741935484,117.6653439153439,110.480549199085,121.38558201058203,107.70655270655271,113.4063143817545,0.763,0.776,0.676,0.834,405.034,68227.53,19.46,4704.0,98.0,34.0,72.8,4.0,7.0
2022.0,75.70932556349206,74.6815286624204,95.51910361977174,110.480549199085,110.44448509237219,96.50389086358356,100.0,0.763,0.776,0.676,0.834,405.034,68227.53,19.46,4704.0,98.0,34.0,72.8,4.0,7.0
2023.0,65.69850288600288,126.9759485926655,106.52777786111112,122.08333358333336,110.44448509237219,118.518518518519,126.923076923077,0.763,0.776,0.676,0.834,405.034,68227.53,19.46,4704.0,98.0,34.0,72.8,4.0,7.0
2024.0,35.1909184726522,113.513513513514,106.52777786111112,122.08333358333336,110.44448509237219,118.518518518519,113.4063143817545,0.763,0.776,0.676,0.834,405.034,68227.53,19.46,4704.0,98.0,34.0,72.8,4.0,7.0
2020.0,114.53373015873015,113.513513513514,62.5,99.00087270830306,65.15151533333334,118.518518518519,113.4063143817545,0.687,0.692,0.576,0.834,405.034,56792.915,19.46,4704.0,98.0,34.0,80.3,1.0,5.0
2021.0,55.9503105590062,74.6815286624204,230.769230769231,261.29960317460313,250.0,217.391304347826,220.86956521739148,0.687,0.692,0.576,0.834,405.034,56792.915,19.46,4704.0,98.0,34.0,80.3,1.0,5.0
2022.0,125.0,61.9047619047619,172.91666670833334,156.38888897222222,192.5925925925926,164.28571436904764,166.666666666667,0.687,0.692,0.576,0.834,405.034,56792.915,19.46,4704.0,98.0,34.0,80.3,1.0,5.0
2023.0,95.83333345833333,48.95833354166667,39.9399399399399,87.1754878072813,29.166667208333333,74.2857142857143,49.355158896825394,0.687,0.692,0.576,0.834,405.034,56792.915,19.46,4704.0,98.0,34.0,80.3,1.0,5.0
2024.0,125.0,22.916666833333323,28.1105856250365,31.6455696202532,29.166667208333333,30.000000149999998,22.916666833333323,0.687,0.692,0.576,0.834,405.034,56792.915,19.46,4704.0,98.0,34.0,80.3,1.0,5.0
2020.0,75.70932556349206,140.0,129.16666675,110.480549199085,121.38558201058203,118.518518518519,140.0,0.678,0.7,0.548,0.822,144.181,36271.065,243.59,4704.0,98.0,34.0,80.3,1.0,12.0
2021.0,104.98348072307598,87.0967741935484,62.5,76.271186440678,76.1904761904762,74.2857142857143,74.6913580246914,0.678,0.7,0.548,0.822,144.181,36271.065,243.59,4704.0,98.0,34.0,80.3,1.0,12.0
2022.0,85.50685425685425,126.9759485926655,84.83330327080324,87.1754878072813,76.1904761904762,85.2941176470588,74.6913580246914,0.678,0.7,0.548,0.822,144.181,36271.065,243.59,4704.0,98.0,34.0,80.3,1.0,12.0
2023.0,104.98348072307598,87.0967741935484,106.52777786111112,99.00087270830306,110.44448509237219,96.50389086358356,87.06016311118384,0.678,0.7,0.548,0.822,144.181,36271.065,243.59,4704.0,98.0,34.0,80.3,1.0,12.0
2024.0,104.98348072307598,140.0,129.16666675,133.5763890138889,121.38558201058203,141.74107151190475,140.0,0.678,0.7,0.548,0.822,144.181,36271.065,243.59,4704.0,98.0,34.0,80.3,1.0,12.0
2020.0,125.0,87.0967741935484,84.83330327080324,87.1754878072813,87.8787878787879,85.2941176470588,87.06016311118384,0.772,0.805,0.676,0.855,405.034,182819.23,19.46,4704.0,98.0,34.0,60.75,0.0,9.0
2021.0,65.69850288600288,61.9047619047619,106.52777786111112,99.00087270830306,110.44448509237219,85.2941176470588,87.06016311118384,0.772,0.805,0.676,0.855,405.034,182819.23,19.46,4704.0,98.0,34.0,60.75,0.0,9.0
2022.0,104.98348072307598,87.0967741935484,73.6418511066398,76.271186440678,76.1904761904762,85.2941176470588,74.6913580246914,0.772,0.805,0.676,0.855,405.034,182819.23,19.46,4704.0,98.0,34.0,60.75,0.0,9.0
2023.0,75.70932556349206,100.0,106.52777786111112,133.5763890138889,110.44448509237219,96.50389086358356,100.0,0.772,0.805,0.676,0.855,405.034,182819.23,19.46,4704.0,98.0,34.0,60.75,0.0,9.0
2024.0,125.0,126.9759485926655,117.6653439153439,110.480549199085,121.38558201058203,118.518518518519,126.923076923077,0.772,0.805,0.676,0.855,405.034,182819.23,19.46,4704.0,98.0,34.0,60.75,0.0,9.0
2020.0,125.0,100.0,106.52777786111112,99.00087270830306,110.44448509237219,96.50389086358356,100.0,0.772,0.751,0.705,0.86,144.181,88848.11,145.6,4704.0,98.0,34.0,83.1,3.0,7.0
2021.0,104.98348072307598,100.0,84.83330327080324,65.0,76.1904761904762,74.2857142857143,74.6913580246914,0.772,0.751,0.705,0.86,144.181,88848.11,145.6,4704.0,98.0,34.0,83.1,3.0,7.0
2022.0,85.50685425685425,87.0967741935484,84.83330327080324,87.1754878072813,87.8787878787879,74.2857142857143,61.77257512796453,0.772,0.751,0.705,0.86,144.181,88848.11,145.6,4704.0,98.0,34.0,83.1,3.0,7.0
2023.0,104.98348072307598,154.36868691035355,117.6653439153439,110.480549199085,144.54365083531744,154.78670634920644,154.72222230555556,0.772,0.751,0.705,0.86,144.181,88848.11,145.6,4704.0,98.0,34.0,83.1,3.0,7.0
2024.0,114.53373015873015,87.0967741935484,106.52777786111112,76.271186440678,121.38558201058203,85.2941176470588,87.06016311118384,0.772,0.751,0.705,0.86,144.181,88848.11,145.6,4704.0,98.0,34.0,83.1,3.0,7.0
2020.0,125.0,126.9759485926655,84.83330327080324,76.271186440678,76.1904761904762,107.70655270655271,126.923076923077,0.667,0.761,0.461,0.86,144.181,36271.065,19.46,4704.0,98.0,34.0,27.3,6.0,1.0
2021.0,55.9503105590062,154.36868691035355,73.6418511066398,87.1754878072813,76.1904761904762,63.3333333333333,61.77257512796453,0.667,0.761,0.461,0.86,144.181,36271.065,19.46,4704.0,98.0,34.0,27.3,6.0,1.0
2022.0,174.193548387097,166.666666666667,106.52777786111112,99.00087270830306,98.8532110091743,85.2941176470588,87.06016311118384,0.667,0.761,0.461,0.86,144.181,36271.065,19.46,4704.0,98.0,34.0,27.3,6.0,1.0
2023.0,104.98348072307598,140.0,184.857142857143,231.96530325696995,179.2857142857145,141.74107151190475,140.0,0.667,0.761,0.461,0.86,144.181,36271.065,19.46,4704.0,98.0,34.0,27.3,6.0,1.0
2024.0,95.83333345833333,140.0,106.52777786111112,110.480549199085,110.44448509237219,141.74107151190475,140.0,0.667,0.761,0.461,0.86,144.181,36271.065,19.46,4704.0,98.0,34.0,27.3,6.0,1.0
2020.0,75.70932556349206,113.513513513514,117.6653439153439,122.08333358333336,121.38558201058203,118.518518518519,113.4063143817545,0.743,0.743,0.646,0.843,144.181,36271.065,19.46,4704.0,98.0,34.0,94.4,1.0,2.0
2021.0,35.1909184726522,140.0,84.83330327080324,87.1754878072813,87.8787878787879,85.2941176470588,87.06016311118384,0.743,0.743,0.646,0.843,144.181,36271.065,19.46,4704.0,98.0,34.0,94.4,1.0,2.0
2022.0,25.972222722222217,74.6815286624204,106.52777786111112,122.08333358333336,121.38558201058203,118.518518518519,126.923076923077,0.743,0.743,0.646,0.843,144.181,36271.065,19.46,4704.0,98.0,34.0,94.4,1.0,2.0
2023.0,104.98348072307598,100.0,106.52777786111112,76.271186440678,121.38558201058203,96.50389086358356,100.0,0.743,0.743,0.646,0.843,144.181,36271.065,19.46,4704.0,98.0,34.0,94.4,1.0,2.0
2024.0,85.50685425685425,87.0967741935484,95.51910361977174,99.00087270830306,110.44448509237219,85.2941176470588,87.06016311118384,0.743,0.743,0.646,0.843,144.181,36271.065,19.46,4704.0,98.0,34.0,94.4,1.0,2.0
2020.0,2.63157894736842,100.0,106.52777786111112,110.480549199085,110.44448509237219,96.50389086358356,100.0,0.706,0.7084999999999999,0.591,0.849,405.034,36271.065,19.46,4704.0,98.0,34.0,50.3,3.0,7.0
2021.0,95.83333345833333,126.9759485926655,140.824915824916,133.5763890138889,144.54365083531744,141.74107151190475,140.0,0.706,0.7084999999999999,0.591,0.849,405.034,36271.065,19.46,4704.0,98.0,34.0,50.3,3.0,7.0
2022.0,95.83333345833333,87.0967741935484,73.6418511066398,87.1754878072813,76.1904761904762,85.2941176470588,74.6913580246914,0.706,0.7084999999999999,0.591,0.849,405.034,36271.065,19.46,4704.0,98.0,34.0,50.3,3.0,7.0
2023.0,95.83333345833333,100.0,106.52777786111112,122.08333358333336,110.44448509237219,107.70655270655271,100.0,0.706,0.7084999999999999,0.591,0.849,405.034,36271.065,19.46,4704.0,98.0,34.0,50.3,3.0,7.0
2024.0,104.98348072307598,113.513513513514,106.52777786111112,110.480549199085,121.38558201058203,118.518518518519,113.4063143817545,0.706,0.7084999999999999,0.591,0.849,405.034,36271.065,19.46,4704.0,98.0,34.0,50.3,3.0,7.0
2020.0,55.9503105590062,126.9759485926655,129.16666675,122.08333358333336,132.142857142857,118.518518518519,126.923076923077,0.697,0.7,0.576,0.834,405.034,27276.97,19.46,4704.0,98.0,34.0,90.5,1.0,4.0
2021.0,85.50685425685425,87.0967741935484,95.51910361977174,99.00087270830306,98.8532110091743,107.70655270655271,100.0,0.697,0.7,0.576,0.834,405.034,27276.97,19.46,4704.0,98.0,34.0,90.5,1.0,4.0
2022.0,95.83333345833333,74.6815286624204,84.83330327080324,87.1754878072813,87.8787878787879,85.2941176470588,87.06016311118384,0.697,0.7,0.576,0.834,405.034,27276.97,19.46,4704.0,98.0,34.0,90.5,1.0,4.0
2023.0,95.83333345833333,100.0,95.51910361977174,110.480549199085,98.8532110091743,96.50389086358356,100.0,0.697,0.7,0.576,0.834,405.034,27276.97,19.46,4704.0,98.0,34.0,90.5,1.0,4.0
2024.0,104.98348072307598,100.0,106.52777786111112,110.480549199085,98.8532110091743,96.50389086358356,100.0,0.697,0.7,0.576,0.834,405.034,27276.97,19.46,4704.0,98.0,34.0,90.5,1.0,4.0
2020.0,95.83333345833333,113.513513513514,150.6881313131313,133.5763890138889,155.263157894737,118.518518518519,113.4063143817545,0.66,0.674,0.5225,0.807,2600.969,56792.915,19.46,4704.0,98.0,34.0,86.6,6.0,7.0
2021.0,75.70932556349206,74.6815286624204,129.16666675,122.08333358333336,132.142857142857,154.78670634920644,154.72222230555556,0.66,0.674,0.5225,0.807,2600.969,56792.915,19.46,4704.0,98.0,34.0,86.6,6.0,7.0
2022.0,104.98348072307598,87.0967741935484,161.63690480357144,169.20093795093794,167.60912698412704,175.52778920425976,166.666666666667,0.66,0.674,0.5225,0.807,2600.969,56792.915,19.46,4704.0,98.0,34.0,86.6,6.0,7.0
2023.0,125.0,74.6815286624204,73.6418511066398,99.00087270830306,76.1904761904762,85.2941176470588,74.6913580246914,0.66,0.674,0.5225,0.807,2600.969,56792.915,19.46,4704.0,98.0,34.0,86.6,6.0,7.0
2024.0,85.50685425685425,113.513513513514,150.6881313131313,133.5763890138889,155.263157894737,118.518518518519,113.4063143817545,0.66,0.674,0.5225,0.807,2600.969,56792.915,19.46,4704.0,98.0,34.0,86.6,6.0,7.0
2020.0,95.83333345833333,74.6815286624204,95.51910361977174,99.00087270830306,98.8532110091743,96.50389086358356,74.6913580246914,0.697,0.717,0.576,0.817,144.181,36271.065,19.46,4704.0,98.0,34.0,68.9,0.0,7.0
2021.0,65.69850288600288,100.0,95.51910361977174,76.271186440678,98.8532110091743,85.2941176470588,87.06016311118384,0.697,0.717,0.576,0.817,144.181,36271.065,19.46,4704.0,98.0,34.0,68.9,0.0,7.0
2022.0,85.50685425685425,87.0967741935484,73.6418511066398,76.271186440678,76.1904761904762,63.3333333333333,74.6913580246914,0.697,0.717,0.576,0.817,144.181,36271.065,19.46,4704.0,98.0,34.0,68.9,0.0,7.0
2023.0,85.50685425685425,113.513513513514,117.6653439153439,122.08333358333336,132.142857142857,118.518518518519,113.4063143817545,0.697,0.717,0.576,0.817,144.181,36271.065,19.46,4704.0,98.0,34.0,68.9,0.0,7.0
2024.0,104.98348072307598,87.0967741935484,84.83330327080324,87.1754878072813,87.8787878787879,85.2941176470588,87.06016311118384,0.697,0.717,0.576,0.817,144.181,36271.065,19.46,4704.0,98.0,34.0,68.9,0.0,7.0
2020.0,55.9503105590062,74.6815286624204,84.83330327080324,76.271186440678,87.8787878787879,74.2857142857143,74.6913580246914,0.743,0.776,0.62,0.849,405.034,45625.31,19.46,4704.0,98.0,34.0,57.45,2.0,2.0
2021.0,65.69850288600288,33.12500033333333,129.16666675,133.5763890138889,121.38558201058203,131.21597458391912,126.923076923077,0.743,0.776,0.62,0.849,405.034,45625.31,19.46,4704.0,98.0,34.0,57.45,2.0,2.0
2022.0,85.50685425685425,74.6815286624204,95.51910361977174,99.00087270830306,98.8532110091743,96.50389086358356,87.06016311118384,0.743,0.776,0.62,0.849,405.034,45625.31,19.46,4704.0,98.0,34.0,57.45,2.0,2.0
2023.0,65.69850288600288,100.0,117.6653439153439,99.00087270830306,110.44448509237219,107.70655270655271,100.0,0.743,0.776,0.62,0.849,405.034,45625.31,19.46,4704.0,98.0,34.0,57.45,2.0,2.0
2024.0,55.9503105590062,100.0,84.83330327080324,65.0,87.8787878787879,96.50389086358356,100.0,0.743,0.776,0.62,0.849,405.034,45625.31,19.46,4704.0,98.0,34.0,57.45,2.0,2.0
2020.0,95.83333345833333,126.9759485926655,117.6653439153439,122.08333358333336,121.38558201058203,118.518518518519,126.923076923077,0.743,0.743,0.646,0.849,4090.36,36271.065,19.46,111457.5,33.0,937.0,97.9,6.0,15.0
2021.0,65.69850288600288,74.6815286624204,117.6653439153439,110.480549199085,110.44448509237219,107.70655270655271,100.0,0.743,0.743,0.646,0.849,4090.36,36271.065,19.46,111457.5,33.0,937.0,97.9,6.0,15.0
2022.0,95.83333345833333,74.6815286624204,84.83330327080324,87.1754878072813,87.8787878787879,85.2941176470588,87.06016311118384,0.743,0.743,0.646,0.849,4090.36,36271.065,19.46,111457.5,33.0,937.0,97.9,6.0,15.0
2023.0,125.0,74.6815286624204,84.83330327080324,76.271186440678,87.8787878787879,74.2857142857143,74.6913580246914,0.743,0.743,0.646,0.849,4090.36,36271.065,19.46,111457.5,33.0,937.0,97.9,6.0,15.0
2024.0,95.83333345833333,100.0,95.51910361977174,87.1754878072813,98.8532110091743,96.50389086358356,100.0,0.743,0.743,0.646,0.849,4090.36,36271.065,19.46,111457.5,33.0,937.0,97.9,6.0,15.0
2020.0,166.18882275132276,74.6815286624204,62.5,76.271186440678,65.15151533333334,74.2857142857143,74.6913580246914,0.697,0.7084999999999999,0.563,0.834,144.181,27276.97,145.6,4704.0,98.0,34.0,97.9,1.0,15.0
2021.0,95.83333345833333,87.0967741935484,39.9399399399399,41.666667,41.66666704166666,41.277890466531446,32.91666683333333,0.697,0.7084999999999999,0.563,0.834,144.181,27276.97,145.6,4704.0,98.0,34.0,97.9,1.0,15.0
2022.0,55.9503105590062,74.6815286624204,73.6418511066398,87.1754878072813,76.1904761904762,74.2857142857143,74.6913580246914,0.697,0.7084999999999999,0.563,0.834,144.181,27276.97,145.6,4704.0,98.0,34.0,97.9,1.0,15.0
2023.0,174.193548387097,154.36868691035355,117.6653439153439,145.45454554545452,121.38558201058203,154.78670634920644,154.72222230555556,0.697,0.7084999999999999,0.563,0.834,144.181,27276.97,145.6,4704.0,98.0,34.0,97.9,1.0,15.0
2024.0,75.70932556349206,113.513513513514,106.52777786111112,122.08333358333336,110.44448509237219,107.70655270655271,100.0,0.697,0.7084999999999999,0.563,0.834,144.181,27276.97,145.6,4704.0,98.0,34.0,97.9,1.0,15.0
2020.0,55.9503105590062,140.0,106.52777786111112,110.480549199085,110.44448509237219,118.518518518519,140.0,0.734,0.7,0.676,0.843,144.181,27276.97,19.46,4704.0,98.0,34.0,64.75,0.0,13.0
2021.0,85.50685425685425,87.0967741935484,95.51910361977174,99.00087270830306,98.8532110091743,96.50389086358356,100.0,0.734,0.7,0.676,0.843,144.181,27276.97,19.46,4704.0,98.0,34.0,64.75,0.0,13.0
2022.0,46.1215513794482,61.9047619047619,95.51910361977174,99.00087270830306,98.8532110091743,96.50389086358356,100.0,0.734,0.7,0.676,0.843,144.181,27276.97,19.46,4704.0,98.0,34.0,64.75,0.0,13.0
2023.0,155.102040816327,100.0,129.16666675,145.45454554545452,132.142857142857,107.70655270655271,100.0,0.734,0.7,0.676,0.843,144.181,27276.97,19.46,4704.0,98.0,34.0,64.75,0.0,13.0
2024.0,125.0,126.9759485926655,129.16666675,133.5763890138889,132.142857142857,131.21597458391912,126.923076923077,0.734,0.7,0.676,0.843,144.181,27276.97,19.46,4704.0,98.0,34.0,64.75,0.0,13.0
2020.0,95.83333345833333,61.9047619047619,73.6418511066398,65.0,76.1904761904762,63.3333333333333,61.77257512796453,0.66,0.658,0.548,0.8015000000000001,946.9680000000001,78182.4,19.46,4704.0,98.0,34.0,75.7,5.0,4.0
2021.0,55.9503105590062,33.12500033333333,140.824915824916,133.5763890138889,144.54365083531744,141.74107151190475,140.0,0.66,0.658,0.548,0.8015000000000001,946.9680000000001,78182.4,19.46,4704.0,98.0,34.0,75.7,5.0,4.0
2022.0,85.50685425685425,100.0,84.83330327080324,87.1754878072813,98.8532110091743,74.2857142857143,74.6913580246914,0.66,0.658,0.548,0.8015000000000001,946.9680000000001,78182.4,19.46,4704.0,98.0,34.0,75.7,5.0,4.0
2023.0,95.83333345833333,206.87500004166668,150.6881313131313,169.20093795093794,155.263157894737,197.5049603174603,206.87500004166668,0.66,0.658,0.548,0.8015000000000001,946.9680000000001,78182.4,19.46,4704.0,98.0,34.0,75.7,5.0,4.0
2024.0,104.98348072307598,113.513513513514,129.16666675,133.5763890138889,132.142857142857,118.518518518519,113.4063143817545,0.66,0.658,0.548,0.8015000000000001,946.9680000000001,78182.4,19.46,4704.0,98.0,34.0,75.7,5.0,4.0
2020.0,114.53373015873015,113.513513513514,106.52777786111112,99.00087270830306,98.8532110091743,96.50389086358356,113.4063143817545,0.667,0.692,0.534,0.822,676.805,45625.31,19.46,4704.0,98.0,34.0,75.7,1.0,2.0
2021.0,75.70932556349206,87.0967741935484,95.51910361977174,87.1754878072813,87.8787878787879,85.2941176470588,74.6913580246914,0.667,0.692,0.534,0.822,676.805,45625.31,19.46,4704.0,98.0,34.0,75.7,1.0,2.0
2022.0,104.98348072307598,113.513513513514,117.6653439153439,122.08333358333336,121.38558201058203,118.518518518519,113.4063143817545,0.667,0.692,0.534,0.822,676.805,45625.31,19.46,4704.0,98.0,34.0,75.7,1.0,2.0
2023.0,135.64380064380063,113.513513513514,117.6653439153439,110.480549199085,110.44448509237219,118.518518518519,113.4063143817545,0.667,0.692,0.534,0.822,676.805,45625.31,19.46,4704.0,98.0,34.0,75.7,1.0,2.0
2024.0,85.50685425685425,126.9759485926655,117.6653439153439,110.480549199085,110.44448509237219,131.21597458391912,126.923076923077,0.667,0.692,0.534,0.822,676.805,45625.31,19.46,4704.0,98.0,34.0,75.7,1.0,2.0
2020.0,46.1215513794482,113.513513513514,84.83330327080324,110.480549199085,87.8787878787879,96.50389086358356,113.4063143817545,0.7244999999999999,0.7,0.633,0.843,144.181,45625.31,19.46,4704.0,98.0,34.0,27.3,0.0,15.0
2021.0,95.83333345833333,113.513513513514,106.52777786111112,99.00087270830306,110.44448509237219,96.50389086358356,87.06016311118384,0.7244999999999999,0.7,0.633,0.843,144.181,45625.31,19.46,4704.0,98.0,34.0,27.3,0.0,15.0
2022.0,55.9503105590062,113.513513513514,62.5,76.271186440678,65.15151533333334,63.3333333333333,61.77257512796453,0.7244999999999999,0.7,0.633,0.843,144.181,45625.31,19.46,4704.0,98.0,34.0,27.3,0.0,15.0
2023.0,85.50685425685425,154.36868691035355,106.52777786111112,145.45454554545452,110.44448509237219,154.78670634920644,154.72222230555556,0.7244999999999999,0.7,0.633,0.843,144.181,45625.31,19.46,4704.0,98.0,34.0,27.3,0.0,15.0
2024.0,104.98348072307598,100.0,95.51910361977174,110.480549199085,98.8532110091743,96.50389086358356,100.0,0.7244999999999999,0.7,0.633,0.843,144.181,45625.31,19.46,4704.0,98.0,34.0,27.3,0.0,15.0
2020.0,65.69850288600288,22.916666833333323,19.848485193181816,16.66666725,29.166667208333333,19.3548387096774,22.916666833333323,0.763,0.734,0.705,0.855,144.181,68227.53,19.46,4704.0,98.0,34.0,72.8,0.0,7.0
2021.0,85.50685425685425,100.0,62.5,41.666667,52.77777802777778,41.277890466531446,32.91666683333333,0.763,0.734,0.705,0.855,144.181,68227.53,19.46,4704.0,98.0,34.0,72.8,0.0,7.0
2022.0,114.53373015873015,100.0,95.51910361977174,110.480549199085,110.44448509237219,107.70655270655271,100.0,0.763,0.734,0.705,0.855,144.181,68227.53,19.46,4704.0,98.0,34.0,72.8,0.0,7.0
2023.0,114.53373015873015,74.6815286624204,62.5,53.6144578313253,65.15151533333334,74.2857142857143,74.6913580246914,0.763,0.734,0.705,0.855,144.181,68227.53,19.46,4704.0,98.0,34.0,72.8,0.0,7.0
2024.0,135.64380064380063,166.666666666667,206.1069023569024,145.45454554545452,236.66132486965785,175.52778920425976,179.87103174603178,0.763,0.734,0.705,0.855,144.181,68227.53,19.46,4704.0,98.0,34.0,72.8,0.0,7.0
2020.0,104.98348072307598,126.9759485926655,106.52777786111112,122.08333358333336,110.44448509237219,118.518518518519,126.923076923077,0.706,0.7084999999999999,0.563,0.886,405.034,56792.915,19.46,4704.0,98.0,34.0,64.75,0.0,2.0
2021.0,85.50685425685425,74.6815286624204,84.83330327080324,65.0,76.1904761904762,74.2857142857143,74.6913580246914,0.706,0.7084999999999999,0.563,0.886,405.034,56792.915,19.46,4704.0,98.0,34.0,64.75,0.0,2.0
2022.0,95.83333345833333,113.513513513514,129.16666675,133.5763890138889,132.142857142857,154.78670634920644,154.72222230555556,0.706,0.7084999999999999,0.563,0.886,405.034,56792.915,19.46,4704.0,98.0,34.0,64.75,0.0,2.0
2023.0,114.53373015873015,179.27158489658487,161.63690480357144,169.20093795093794,155.263157894737,154.78670634920644,179.87103174603178,0.706,0.7084999999999999,0.563,0.886,405.034,56792.915,19.46,4704.0,98.0,34.0,64.75,0.0,2.0
2024.0,114.53373015873015,154.36868691035355,161.63690480357144,145.45454554545452,155.263157894737,154.78670634920644,154.72222230555556,0.706,0.7084999999999999,0.563,0.886,405.034,56792.915,19.46,4704.0,98.0,34.0,64.75,0.0,2.0
2020.0,75.70932556349206,100.0,95.51910361977174,87.1754878072813,98.8532110091743,85.2941176470588,100.0,0.65,0.692,0.505,0.7955000000000001,676.805,27276.97,19.46,4704.0,98.0,34.0,42.9,0.0,8.0
2021.0,35.1909184726522,126.9759485926655,73.6418511066398,87.1754878072813,87.8787878787879,85.2941176470588,87.06016311118384,0.65,0.692,0.505,0.7955000000000001,676.805,27276.97,19.46,4704.0,98.0,34.0,42.9,0.0,8.0
2022.0,35.1909184726522,74.6815286624204,95.51910361977174,99.00087270830306,98.8532110091743,107.70655270655271,113.4063143817545,0.65,0.692,0.505,0.7955000000000001,676.805,27276.97,19.46,4704.0,98.0,34.0,42.9,0.0,8.0
2023.0,85.50685425685425,126.9759485926655,106.52777786111112,145.45454554545452,110.44448509237219,118.518518518519,126.923076923077,0.65,0.692,0.505,0.7955000000000001,676.805,27276.97,19.46,4704.0,98.0,34.0,42.9,0.0,8.0
2024.0,65.69850288600288,87.0967741935484,95.51910361977174,87.1754878072813,98.8532110091743,85.2941176470588,87.06016311118384,0.65,0.692,0.505,0.7955000000000001,676.805,27276.97,19.46,4704.0,98.0,34.0,42.9,0.0,8.0
2020.0,95.83333345833333,193.333333333333,172.91666670833334,169.20093795093794,179.2857142857145,154.78670634920644,193.8074194324195,0.743,0.767,0.646,0.834,144.181,68227.53,19.46,4704.0,98.0,34.0,64.75,1.0,7.0
2021.0,75.70932556349206,74.6815286624204,95.51910361977174,99.00087270830306,110.44448509237219,74.2857142857143,87.06016311118384,0.743,0.767,0.646,0.834,144.181,68227.53,19.46,4704.0,98.0,34.0,64.75,1.0,7.0
2022.0,85.50685425685425,154.36868691035355,129.16666675,122.08333358333336,121.38558201058203,131.21597458391912,126.923076923077,0.743,0.767,0.646,0.834,144.181,68227.53,19.46,4704.0,98.0,34.0,64.75,1.0,7.0
2023.0,104.98348072307598,193.333333333333,172.91666670833334,203.25396825396825,167.60912698412704,197.5049603174603,193.8074194324195,0.743,0.767,0.646,0.834,144.181,68227.53,19.46,4704.0,98.0,34.0,64.75,1.0,7.0
2024.0,95.83333345833333,87.0967741935484,84.83330327080324,99.00087270830306,76.1904761904762,85.2941176470588,87.06016311118384,0.743,0.767,0.646,0.834,144.181,68227.53,19.46,4704.0,98.0,34.0,64.75,1.0,7.0
2020.0,104.98348072307598,100.0,84.83330327080324,87.1754878072813,87.8787878787879,85.2941176470588,100.0,0.715,0.743,0.591,0.843,144.181,45625.31,19.46,4704.0,98.0,34.0,72.8,0.0,7.0
2021.0,95.83333345833333,100.0,73.6418511066398,76.271186440678,76.1904761904762,74.2857142857143,74.6913580246914,0.715,0.743,0.591,0.843,144.181,45625.31,19.46,4704.0,98.0,34.0,72.8,0.0,7.0
2022.0,104.98348072307598,100.0,73.6418511066398,76.271186440678,76.1904761904762,74.2857142857143,74.6913580246914,0.715,0.743,0.591,0.843,144.181,45625.31,19.46,4704.0,98.0,34.0,72.8,0.0,7.0
2023.0,104.98348072307598,87.0967741935484,84.83330327080324,99.00087270830306,87.8787878787879,85.2941176470588,87.06016311118384,0.715,0.743,0.591,0.843,144.181,45625.31,19.46,4704.0,98.0,34.0,72.8,0.0,7.0
2024.0,104.98348072307598,87.0967741935484,84.83330327080324,87.1754878072813,87.8787878787879,85.2941176470588,87.06016311118384,0.715,0.743,0.591,0.843,144.181,45625.31,19.46,4704.0,98.0,34.0,72.8,0.0,7.0
2020.0,65.69850288600288,100.0,95.51910361977174,99.00087270830306,110.44448509237219,85.2941176470588,100.0,0.613,0.646,0.438,0.822,405.034,27276.97,19.46,4704.0,98.0,34.0,60.75,1.0,2.0
2021.0,104.98348072307598,140.0,84.83330327080324,87.1754878072813,87.8787878787879,85.2941176470588,87.06016311118384,0.613,0.646,0.438,0.822,405.034,27276.97,19.46,4704.0,98.0,34.0,60.75,1.0,2.0
2022.0,95.83333345833333,74.6815286624204,95.51910361977174,76.271186440678,98.8532110091743,74.2857142857143,74.6913580246914,0.613,0.646,0.438,0.822,405.034,27276.97,19.46,4704.0,98.0,34.0,60.75,1.0,2.0
2023.0,95.83333345833333,113.513513513514,106.52777786111112,99.00087270830306,110.44448509237219,107.70655270655271,113.4063143817545,0.613,0.646,0.438,0.822,405.034,27276.97,19.46,4704.0,98.0,34.0,60.75,1.0,2.0
2024.0,95.83333345833333,87.0967741935484,106.52777786111112,99.00087270830306,121.38558201058203,85.2941176470588,87.06016311118384,0.613,0.646,0.438,0.822,405.034,27276.97,19.46,4704.0,98.0,34.0,60.75,1.0,2.0
2020.0,55.9503105590062,126.9759485926655,117.6653439153439,110.480549199085,110.44448509237219,118.518518518519,126.923076923077,0.621,0.604,0.492,0.8015000000000001,144.181,27276.97,19.46,4704.0,98.0,34.0,22.9,0.0,0.0
2021.0,55.9503105590062,48.95833354166667,84.83330327080324,87.1754878072813,98.8532110091743,107.70655270655271,113.4063143817545,0.621,0.604,0.492,0.8015000000000001,144.181,27276.97,19.46,4704.0,98.0,34.0,22.9,0.0,0.0
2022.0,25.972222722222217,33.12500033333333,62.5,110.480549199085,65.15151533333334,107.70655270655271,113.4063143817545,0.621,0.604,0.492,0.8015000000000001,144.181,27276.97,19.46,4704.0,98.0,34.0,22.9,0.0,0.0
2023.0,95.83333345833333,33.12500033333333,62.5,31.6455696202532,65.15151533333334,41.277890466531446,32.91666683333333,0.621,0.604,0.492,0.8015000000000001,144.181,27276.97,19.46,4704.0,98.0,34.0,22.9,0.0,0.0
2024.0,125.0,48.95833354166667,50.26348435761521,41.666667,52.77777802777778,53.125,49.355158896825394,0.621,0.604,0.492,0.8015000000000001,144.181,27276.97,19.46,4704.0,98.0,34.0,22.9,0.0,0.0
2020.0,85.50685425685425,113.513513513514,84.83330327080324,99.00087270830306,98.8532110091743,96.50389086358356,113.4063143817545,0.78,0.805,0.6895,0.843,144.181,78182.4,464.49,111457.5,33.0,937.0,94.4,4.0,11.0
2021.0,104.98348072307598,87.0967741935484,95.51910361977174,99.00087270830306,87.8787878787879,96.50389086358356,100.0,0.78,0.805,0.6895,0.843,144.181,78182.4,464.49,111457.5,33.0,937.0,94.4,4.0,11.0
2022.0,95.83333345833333,87.0967741935484,117.6653439153439,122.08333358333336,121.38558201058203,96.50389086358356,100.0,0.78,0.805,0.6895,0.843,144.181,78182.4,464.49,111457.5,33.0,651.0,94.4,4.0,11.0
2023.0,95.83333345833333,113.513513513514,161.63690480357144,110.480549199085,167.60912698412704,118.518518518519,113.4063143817545,0.78,0.805,0.6895,0.843,144.181,78182.4,464.49,111457.5,33.0,937.0,94.4,4.0,11.0
2024.0,104.98348072307598,87.0967741935484,140.824915824916,133.5763890138889,132.142857142857,96.50389086358356,87.06016311118384,0.78,0.805,0.6895,0.843,144.181,78182.4,464.49,111457.5,33.0,937.0,94.4,4.0,11.0
2020.0,75.70932556349206,126.9759485926655,129.16666675,122.08333358333336,132.142857142857,118.518518518519,126.923076923077,0.678,0.666,0.563,0.822,144.181,88848.11,19.46,4704.0,98.0,34.0,60.75,0.0,4.0
2021.0,104.98348072307598,87.0967741935484,117.6653439153439,122.08333358333336,121.38558201058203,118.518518518519,126.923076923077,0.678,0.666,0.563,0.822,144.181,88848.11,19.46,4704.0,98.0,34.0,60.75,0.0,4.0
2022.0,104.98348072307598,113.513513513514,62.5,65.0,65.15151533333334,74.2857142857143,74.6913580246914,0.678,0.666,0.563,0.822,144.181,88848.11,19.46,4704.0,98.0,34.0,60.75,0.0,4.0
2023.0,75.70932556349206,113.513513513514,106.52777786111112,110.480549199085,110.44448509237219,107.70655270655271,113.4063143817545,0.678,0.666,0.563,0.822,144.181,88848.11,19.46,4704.0,98.0,34.0,60.75,0.0,4.0
2024.0,25.972222722222217,113.513513513514,106.52777786111112,110.480549199085,110.44448509237219,118.518518518519,113.4063143817545,0.678,0.666,0.563,0.822,144.181,88848.11,19.46,4704.0,98.0,34.0,60.75,0.0,4.0
2020.0,55.9503105590062,74.6815286624204,73.6418511066398,76.271186440678,76.1904761904762,85.2941176470588,74.6913580246914,0.763,0.761,0.6895,0.834,144.181,45625.31,19.46,4704.0,98.0,34.0,72.8,2.0,2.0
2021.0,125.0,100.0,62.5,65.0,65.15151533333334,53.125,49.355158896825394,0.763,0.761,0.6895,0.834,144.181,45625.31,19.46,4704.0,98.0,34.0,72.8,2.0,2.0
2022.0,145.2422175777439,100.0,28.1105856250365,31.6455696202532,41.66666704166666,30.000000149999998,32.91666683333333,0.763,0.761,0.6895,0.834,144.181,45625.31,19.46,4704.0,98.0,34.0,72.8,2.0,2.0
2023.0,95.83333345833333,113.513513513514,117.6653439153439,122.08333358333336,110.44448509237219,118.518518518519,113.4063143817545,0.763,0.761,0.6895,0.834,144.181,45625.31,19.46,4704.0,98.0,34.0,72.8,2.0,2.0
2024.0,75.70932556349206,74.6815286624204,50.26348435761521,41.666667,52.77777802777778,63.3333333333333,61.77257512796453,0.763,0.761,0.6895,0.834,144.181,45625.31,19.46,4704.0,98.0,34.0,72.8,2.0,2.0
2020.0,125.0,100.0,84.83330327080324,87.1754878072813,87.8787878787879,85.2941176470588,100.0,0.706,0.692,0.591,0.849,676.805,120968.485,19.46,4704.0,98.0,34.0,27.3,2.0,12.0
2021.0,2.63157894736842,113.513513513514,95.51910361977174,87.1754878072813,87.8787878787879,85.2941176470588,87.06016311118384,0.706,0.692,0.591,0.849,676.805,120968.485,19.46,4704.0,98.0,34.0,27.3,2.0,12.0
2022.0,65.69850288600288,154.36868691035355,84.83330327080324,87.1754878072813,87.8787878787879,85.2941176470588,87.06016311118384,0.706,0.692,0.591,0.849,676.805,120968.485,19.46,4704.0,98.0,34.0,27.3,2.0,12.0
2023.0,95.83333345833333,87.0967741935484,95.51910361977174,87.1754878072813,98.8532110091743,85.2941176470588,87.06016311118384,0.706,0.692,0.591,0.849,676.805,120968.485,19.46,4704.0,98.0,34.0,27.3,2.0,12.0
2024.0,104.98348072307598,87.0967741935484,84.83330327080324,65.0,87.8787878787879,85.2941176470588,87.06016311118384,0.706,0.692,0.591,0.849,676.805,120968.485,19.46,4704.0,98.0,34.0,27.3,2.0,12.0
2020.0,155.102040816327,126.9759485926655,129.16666675,133.5763890138889,132.142857142857,118.518518518519,126.923076923077,0.734,0.7,0.646,0.866,405.034,88848.11,19.46,4704.0,98.0,34.0,42.9,2.0,7.0
2021.0,75.70932556349206,74.6815286624204,95.51910361977174,87.1754878072813,98.8532110091743,85.2941176470588,87.06016311118384,0.734,0.7,0.646,0.866,405.034,88848.11,19.46,4704.0,98.0,34.0,42.9,2.0,7.0
2022.0,166.18882275132276,113.513513513514,95.51910361977174,110.480549199085,110.44448509237219,118.518518518519,113.4063143817545,0.734,0.7,0.646,0.866,405.034,88848.11,19.46,4704.0,98.0,34.0,42.9,2.0,7.0
2023.0,95.83333345833333,126.9759485926655,150.6881313131313,180.8234127400794,155.263157894737,131.21597458391912,126.923076923077,0.734,0.7,0.646,0.866,405.034,88848.11,19.46,4704.0,98.0,34.0,42.9,2.0,7.0
2024.0,114.53373015873015,113.513513513514,140.824915824916,156.38888897222222,132.142857142857,118.518518518519,113.4063143817545,0.734,0.7,0.646,0.866,405.034,88848.11,19.46,4704.0,98.0,34.0,42.9,2.0,7.0
2020.0,2.63157894736842,113.513513513514,106.52777786111112,122.08333358333336,110.44448509237219,107.70655270655271,113.4063143817545,0.7244999999999999,0.767,0.591,0.849,144.181,45625.31,19.46,4704.0,98.0,34.0,16.4,4.0,11.0
2021.0,65.69850288600288,87.0967741935484,106.52777786111112,99.00087270830306,110.44448509237219,96.50389086358356,100.0,0.7244999999999999,0.767,0.591,0.849,144.181,45625.31,19.46,4704.0,98.0,34.0,16.4,4.0,11.0
2022.0,85.50685425685425,113.513513513514,117.6653439153439,110.480549199085,110.44448509237219,107.70655270655271,100.0,0.7244999999999999,0.767,0.591,0.849,144.181,45625.31,19.46,4704.0,98.0,34.0,16.4,4.0,11.0
2023.0,125.0,126.9759485926655,106.52777786111112,99.00087270830306,98.8532110091743,131.21597458391912,126.923076923077,0.7244999999999999,0.767,0.591,0.849,144.181,45625.31,19.46,4704.0,98.0,34.0,16.4,4.0,11.0
2024.0,85.50685425685425,113.513513513514,106.52777786111112,110.480549199085,110.44448509237219,107.70655270655271,113.4063143817545,0.7244999999999999,0.767,0.591,0.849,144.181,45625.31,19.46,4704.0,98.0,34.0,16.4,4.0,11.0
2020.0,65.69850288600288,61.9047619047619,73.6418511066398,76.271186440678,76.1904761904762,63.3333333333333,61.77257512796453,0.667,0.7,0.505,0.834,2600.969,56792.915,19.46,4704.0,98.0,34.0,80.3,4.0,2.0
2021.0,95.83333345833333,100.0,106.52777786111112,110.480549199085,110.44448509237219,118.518518518519,113.4063143817545,0.667,0.7,0.505,0.834,2600.969,56792.915,19.46,4704.0,98.0,34.0,80.3,4.0,2.0
2022.0,114.53373015873015,100.0,150.6881313131313,156.38888897222222,155.263157894737,164.28571436904764,154.72222230555556,0.667,0.7,0.505,0.834,2600.969,56792.915,19.46,4704.0,98.0,34.0,80.3,4.0,2.0
2023.0,85.50685425685425,100.0,106.52777786111112,99.00087270830306,110.44448509237219,107.70655270655271,100.0,0.667,0.7,0.505,0.834,2600.969,56792.915,19.46,4704.0,98.0,34.0,80.3,4.0,2.0
2024.0,174.193548387097,100.0,95.51910361977174,145.45454554545452,87.8787878787879,96.50389086358356,100.0,0.667,0.7,0.505,0.834,2600.969,56792.915,19.46,4704.0,98.0,34.0,80.3,4.0,2.0
2020.0,207.142857142857,87.0967741935484,84.83330327080324,87.1754878072813,76.1904761904762,85.2941176470588,87.06016311118384,0.743,0.751,0.662,0.834,144.181,68227.53,145.6,4704.0,98.0,34.0,83.1,4.0,11.0
2021.0,75.70932556349206,87.0967741935484,84.83330327080324,87.1754878072813,87.8787878787879,85.2941176470588,74.6913580246914,0.743,0.751,0.662,0.834,144.181,68227.53,145.6,4704.0,98.0,34.0,83.1,4.0,11.0
2022.0,95.83333345833333,113.513513513514,129.16666675,145.45454554545452,132.142857142857,118.518518518519,113.4063143817545,0.743,0.751,0.662,0.834,144.181,68227.53,145.6,4704.0,98.0,34.0,83.1,4.0,11.0
2023.0,104.98348072307598,140.0,117.6653439153439,122.08333358333336,121.38558201058203,131.21597458391912,140.0,0.743,0.751,0.662,0.834,144.181,68227.53,145.6,4704.0,98.0,34.0,83.1,4.0,11.0
2024.0,75.70932556349206,126.9759485926655,150.6881313131313,133.5763890138889,155.263157894737,141.74107151190475,126.923076923077,0.743,0.751,0.662,0.834,144.181,68227.53,145.6,4704.0,98.0,34.0,83.1,4.0,11.0
2020.0,55.9503105590062,140.0,184.857142857143,180.8234127400794,192.5925925925926,154.78670634920644,140.0,0.7244999999999999,0.7,0.646,0.839,144.181,36271.065,19.46,4704.0,98.0,34.0,60.75,0.0,7.0
2021.0,65.69850288600288,87.0967741935484,73.6418511066398,87.1754878072813,76.1904761904762,85.2941176470588,87.06016311118384,0.7244999999999999,0.7,0.646,0.839,144.181,36271.065,19.46,4704.0,98.0,34.0,60.75,0.0,7.0
2022.0,65.69850288600288,61.9047619047619,106.52777786111112,122.08333358333336,121.38558201058203,107.70655270655271,113.4063143817545,0.7244999999999999,0.7,0.646,0.839,144.181,36271.065,19.46,4704.0,98.0,34.0,60.75,0.0,7.0
2023.0,104.98348072307598,126.9759485926655,106.52777786111112,133.5763890138889,110.44448509237219,141.74107151190475,126.923076923077,0.7244999999999999,0.7,0.646,0.839,144.181,36271.065,19.46,4704.0,98.0,34.0,60.75,0.0,7.0
2024.0,104.98348072307598,61.9047619047619,39.9399399399399,53.6144578313253,41.66666704166666,63.3333333333333,61.77257512796453,0.7244999999999999,0.7,0.646,0.839,144.181,36271.065,19.46,4704.0,98.0,34.0,60.75,0.0,7.0
2020.0,104.98348072307598,100.0,106.52777786111112,110.480549199085,110.44448509237219,96.50389086358356,100.0,0.743,0.725,0.646,0.855,144.181,45625.31,145.6,4704.0,98.0,34.0,80.3,3.0,5.0
2021.0,85.50685425685425,87.0967741935484,106.52777786111112,99.00087270830306,110.44448509237219,96.50389086358356,100.0,0.743,0.725,0.646,0.855,144.181,45625.31,145.6,4704.0,98.0,34.0,80.3,3.0,5.0
2022.0,95.83333345833333,74.6815286624204,106.52777786111112,110.480549199085,110.44448509237219,107.70655270655271,100.0,0.743,0.725,0.646,0.855,144.181,45625.31,145.6,4704.0,98.0,34.0,80.3,3.0,5.0
2023.0,114.53373015873015,100.0,95.51910361977174,76.271186440678,98.8532110091743,96.50389086358356,100.0,0.743,0.725,0.646,0.855,144.181,45625.31,145.6,4704.0,98.0,34.0,80.3,3.0,5.0
2024.0,114.53373015873015,100.0,106.52777786111112,99.00087270830306,110.44448509237219,96.50389086358356,100.0,0.743,0.725,0.646,0.855,144.181,45625.31,145.6,4704.0,98.0,34.0,80.3,3.0,5.0
2020.0,95.83333345833333,87.0967741935484,106.52777786111112,99.00087270830306,110.44448509237219,107.70655270655271,87.06016311118384,0.697,0.725,0.563,0.843,144.181,36271.065,19.46,4704.0,98.0,34.0,27.3,3.0,5.0
2021.0,65.69850288600288,74.6815286624204,84.83330327080324,76.271186440678,87.8787878787879,85.2941176470588,87.06016311118384,0.697,0.725,0.563,0.843,144.181,36271.065,19.46,4704.0,98.0,34.0,27.3,3.0,5.0
2022.0,95.83333345833333,126.9759485926655,106.52777786111112,122.08333358333336,110.44448509237219,118.518518518519,113.4063143817545,0.697,0.725,0.563,0.843,144.181,36271.065,19.46,4704.0,98.0,34.0,27.3,3.0,5.0
2023.0,75.70932556349206,113.513513513514,117.6653439153439,110.480549199085,110.44448509237219,107.70655270655271,113.4063143817545,0.697,0.725,0.563,0.843,144.181,36271.065,19.46,4704.0,98.0,34.0,27.3,3.0,5.0
2024.0,104.98348072307598,113.513513513514,117.6653439153439,122.08333358333336,121.38558201058203,118.518518518519,113.4063143817545,0.697,0.725,0.563,0.843,144.181,36271.065,19.46,4704.0,98.0,34.0,27.3,3.0,5.0
2020.0,135.64380064380063,74.6815286624204,95.51910361977174,65.0,87.8787878787879,74.2857142857143,74.6913580246914,0.697,0.666,0.606,0.822,1496.019,45625.31,19.46,4704.0,98.0,34.0,57.45,2.0,7.0
2021.0,46.1215513794482,100.0,73.6418511066398,110.480549199085,87.8787878787879,85.2941176470588,87.06016311118384,0.697,0.666,0.606,0.822,1496.019,45625.31,19.46,4704.0,98.0,34.0,57.45,2.0,7.0
2022.0,65.69850288600288,74.6815286624204,84.83330327080324,76.271186440678,76.1904761904762,63.3333333333333,61.77257512796453,0.697,0.666,0.606,0.822,1496.019,45625.31,19.46,4704.0,98.0,34.0,57.45,2.0,7.0
2023.0,104.98348072307598,113.513513513514,129.16666675,110.480549199085,132.142857142857,107.70655270655271,113.4063143817545,0.697,0.666,0.606,0.822,1496.019,45625.31,19.46,4704.0,98.0,34.0,57.45,2.0,7.0
2024.0,95.83333345833333,61.9047619047619,50.26348435761521,76.271186440678,52.77777802777778,53.125,61.77257512796453,0.697,0.666,0.606,0.822,1496.019,45625.31,19.46,4704.0,98.0,34.0,57.45,2.0,7.0
2020.0,135.64380064380063,113.513513513514,117.6653439153439,122.08333358333336,132.142857142857,118.518518518519,113.4063143817545,0.743,0.776,0.633,0.855,144.181,56792.915,19.46,4704.0,98.0,34.0,38.9,2.0,4.0
2021.0,65.69850288600288,87.0967741935484,84.83330327080324,87.1754878072813,87.8787878787879,96.50389086358356,87.06016311118384,0.743,0.776,0.633,0.855,144.181,56792.915,19.46,4704.0,98.0,34.0,38.9,2.0,4.0
2022.0,104.98348072307598,87.0967741935484,84.83330327080324,87.1754878072813,87.8787878787879,74.2857142857143,74.6913580246914,0.743,0.776,0.633,0.855,144.181,56792.915,19.46,4704.0,98.0,34.0,38.9,2.0,4.0
2023.0,104.98348072307598,126.9759485926655,129.16666675,145.45454554545452,132.142857142857,131.21597458391912,126.923076923077,0.743,0.776,0.633,0.855,144.181,56792.915,19.46,4704.0,98.0,34.0,38.9,2.0,4.0
2024.0,104.98348072307598,113.513513513514,106.52777786111112,110.480549199085,110.44448509237219,107.70655270655271,113.4063143817545,0.743,0.776,0.633,0.855,144.181,56792.915,19.46,4704.0,98.0,34.0,38.9,2.0,4.0
2020.0,114.53373015873015,87.0967741935484,117.6653439153439,122.08333358333336,121.38558201058203,131.21597458391912,87.06016311118384,0.678,0.658,0.563,0.828,144.181,36271.065,19.46,4704.0,98.0,34.0,72.8,0.0,2.0
2021.0,104.98348072307598,87.0967741935484,73.6418511066398,76.271186440678,76.1904761904762,74.2857142857143,74.6913580246914,0.678,0.658,0.563,0.828,144.181,36271.065,19.46,4704.0,98.0,34.0,72.8,0.0,2.0
2022.0,104.98348072307598,100.0,106.52777786111112,110.480549199085,110.44448509237219,118.518518518519,126.923076923077,0.678,0.658,0.563,0.828,144.181,36271.065,19.46,4704.0,98.0,34.0,72.8,0.0,2.0
2023.0,114.53373015873015,100.0,106.52777786111112,110.480549199085,110.44448509237219,96.50389086358356,100.0,0.678,0.658,0.563,0.828,144.181,36271.065,19.46,4704.0,98.0,34.0,72.8,0.0,2.0
2024.0,114.53373015873015,113.513513513514,117.6653439153439,133.5763890138889,121.38558201058203,107.70655270655271,113.4063143817545,0.678,0.658,0.563,0.828,144.181,36271.065,19.46,4704.0,98.0,34.0,72.8,0.0,2.0
2020.0,114.53373015873015,140.0,106.52777786111112,110.480549199085,110.44448509237219,131.21597458391912,140.0,0.697,0.725,0.548,0.849,144.181,27276.97,19.46,4704.0,98.0,34.0,50.3,1.0,7.0
2021.0,2.63157894736842,87.0967741935484,95.51910361977174,110.480549199085,98.8532110091743,107.70655270655271,100.0,0.697,0.725,0.548,0.849,144.181,27276.97,19.46,4704.0,98.0,34.0,50.3,1.0,7.0
2022.0,2.63157894736842,154.36868691035355,84.83330327080324,87.1754878072813,87.8787878787879,74.2857142857143,74.6913580246914,0.697,0.725,0.548,0.849,144.181,27276.97,19.46,4704.0,98.0,34.0,50.3,1.0,7.0
2023.0,75.70932556349206,113.513513513514,117.6653439153439,145.45454554545452,121.38558201058203,118.518518518519,113.4063143817545,0.697,0.725,0.548,0.849,144.181,27276.97,19.46,4704.0,98.0,34.0,50.3,1.0,7.0
2024.0,65.69850288600288,140.0,129.16666675,133.5763890138889,132.142857142857,141.74107151190475,140.0,0.697,0.725,0.548,0.849,144.181,27276.97,19.46,4704.0,98.0,34.0,50.3,1.0,7.0
2020.0,75.70932556349206,154.36868691035355,140.824915824916,145.45454554545452,144.54365083531744,154.78670634920644,154.72222230555556,0.687,0.692,0.563,0.849,676.805,27276.97,19.46,4704.0,98.0,34.0,97.9,1.0,13.0
2021.0,75.70932556349206,74.6815286624204,84.83330327080324,99.00087270830306,87.8787878787879,85.2941176470588,87.06016311118384,0.687,0.692,0.563,0.849,676.805,27276.97,19.46,4704.0,98.0,34.0,97.9,1.0,13.0
2022.0,85.50685425685425,74.6815286624204,84.83330327080324,76.271186440678,87.8787878787879,85.2941176470588,87.06016311118384,0.687,0.692,0.563,0.849,676.805,27276.97,19.46,4704.0,98.0,34.0,97.9,1.0,13.0
2023.0,75.70932556349206,87.0967741935484,95.51910361977174,99.00087270830306,98.8532110091743,85.2941176470588,87.06016311118384,0.687,0.692,0.563,0.849,676.805,27276.97,19.46,4704.0,98.0,34.0,97.9,1.0,13.0
2024.0,125.0,87.0967741935484,73.6418511066398,53.6144578313253,76.1904761904762,96.50389086358356,87.06016311118384,0.687,0.692,0.563,0.849,676.805,27276.97,19.46,4704.0,98.0,34.0,97.9,1.0,13.0
2020.0,75.70932556349206,48.95833354166667,62.5,65.0,65.15151533333334,53.125,49.355158896825394,0.697,0.682,0.62,0.807,2253.234,45625.31,19.46,4704.0,98.0,34.0,80.3,5.0,2.0
2021.0,15.3846153846154,61.9047619047619,95.51910361977174,99.00087270830306,98.8532110091743,96.50389086358356,87.06016311118384,0.697,0.682,0.62,0.807,2253.234,45625.31,19.46,4704.0,98.0,34.0,80.3,5.0,2.0
2022.0,35.1909184726522,61.9047619047619,140.824915824916,156.38888897222222,155.263157894737,154.78670634920644,154.72222230555556,0.697,0.682,0.62,0.807,2253.234,45625.31,19.46,4704.0,98.0,34.0,80.3,5.0,2.0
2023.0,104.98348072307598,113.513513513514,106.52777786111112,122.08333358333336,121.38558201058203,118.518518518519,113.4063143817545,0.697,0.682,0.62,0.807,2253.234,45625.31,19.46,4704.0,98.0,34.0,80.3,5.0,2.0
2024.0,104.98348072307598,126.9759485926655,129.16666675,169.20093795093794,121.38558201058203,118.518518518519,126.923076923077,0.697,0.682,0.62,0.807,2253.234,45625.31,19.46,4704.0,98.0,34.0,80.3,5.0,2.0
2020.0,125.0,100.0,84.83330327080324,99.00087270830306,87.8787878787879,96.50389086358356,100.0,0.743,0.743,0.646,0.855,3577.487,45625.31,19.46,62543.0,33.0,651.0,86.6,3.0,7.0
2021.0,95.83333345833333,74.6815286624204,73.6418511066398,76.271186440678,76.1904761904762,74.2857142857143,74.6913580246914,0.743,0.743,0.646,0.855,3577.487,45625.31,19.46,62543.0,98.0,651.0,86.6,3.0,7.0
2022.0,85.50685425685425,74.6815286624204,84.83330327080324,87.1754878072813,98.8532110091743,74.2857142857143,74.6913580246914,0.743,0.743,0.646,0.855,3577.487,45625.31,19.46,62543.0,33.0,651.0,86.6,3.0,7.0
2023.0,104.98348072307598,100.0,95.51910361977174,110.480549199085,98.8532110091743,107.70655270655271,100.0,0.743,0.743,0.646,0.855,3577.487,45625.31,19.46,62543.0,33.0,651.0,86.6,3.0,7.0
2024.0,95.83333345833333,100.0,106.52777786111112,99.00087270830306,110.44448509237219,96.50389086358356,100.0,0.743,0.743,0.646,0.855,3577.487,45625.31,19.46,62543.0,33.0,428.5,86.6,3.0,7.0
2020.0,35.1909184726522,140.0,106.52777786111112,122.08333358333336,110.44448509237219,118.518518518519,140.0,0.753,0.751,0.676,0.855,144.181,56792.915,3112.48,133230.0,33.0,1173.0,97.9,1.0,12.0
2021.0,85.50685425685425,74.6815286624204,73.6418511066398,76.271186440678,76.1904761904762,74.2857142857143,61.77257512796453,0.753,0.751,0.676,0.855,144.181,56792.915,3112.48,133230.0,33.0,937.0,97.9,1.0,12.0
2022.0,75.70932556349206,74.6815286624204,73.6418511066398,76.271186440678,76.1904761904762,85.2941176470588,87.06016311118384,0.753,0.751,0.676,0.855,144.181,56792.915,3112.48,133230.0,33.0,937.0,97.9,1.0,12.0
2023.0,85.50685425685425,113.513513513514,129.16666675,133.5763890138889,132.142857142857,118.518518518519,113.4063143817545,0.753,0.751,0.676,0.855,144.181,56792.915,3112.48,133230.0,33.0,937.0,97.9,1.0,12.0
2024.0,85.50685425685425,100.0,106.52777786111112,99.00087270830306,98.8532110091743,107.70655270655271,100.0,0.753,0.751,0.676,0.855,144.181,56792.915,3112.48,133230.0,55.0,937.0,97.9,1.0,12.0
2020.0,155.102040816327,113.513513513514,106.52777786111112,110.480549199085,110.44448509237219,107.70655270655271,113.4063143817545,0.66,0.674,0.534,0.813,144.181,36271.065,19.46,4704.0,98.0,34.0,38.9,0.0,4.0
2021.0,114.53373015873015,87.0967741935484,73.6418511066398,76.271186440678,76.1904761904762,63.3333333333333,61.77257512796453,0.66,0.674,0.534,0.813,144.181,36271.065,19.46,4704.0,98.0,34.0,38.9,0.0,4.0
2022.0,95.83333345833333,100.0,50.26348435761521,65.0,65.15151533333334,53.125,61.77257512796453,0.66,0.674,0.534,0.813,144.181,36271.065,19.46,4704.0,98.0,34.0,38.9,0.0,4.0
2023.0,155.102040816327,166.666666666667,184.857142857143,133.5763890138889,192.5925925925926,175.52778920425976,166.666666666667,0.66,0.674,0.534,0.813,144.181,36271.065,19.46,4704.0,98.0,34.0,38.9,0.0,4.0
2024.0,95.83333345833333,87.0967741935484,84.83330327080324,99.00087270830306,98.8532110091743,96.50389086358356,100.0,0.66,0.674,0.534,0.813,144.181,36271.065,19.46,4704.0,98.0,34.0,38.9,0.0,4.0
2020.0,95.83333345833333,126.9759485926655,129.16666675,133.5763890138889,132.142857142857,131.21597458391912,126.923076923077,0.715,0.7084999999999999,0.606,0.855,144.181,36271.065,19.46,4704.0,98.0,34.0,64.75,2.0,7.0
2021.0,85.50685425685425,74.6815286624204,95.51910361977174,87.1754878072813,87.8787878787879,85.2941176470588,74.6913580246914,0.715,0.7084999999999999,0.606,0.855,144.181,36271.065,19.46,4704.0,98.0,34.0,64.75,2.0,7.0
2022.0,125.0,126.9759485926655,84.83330327080324,87.1754878072813,87.8787878787879,74.2857142857143,74.6913580246914,0.715,0.7084999999999999,0.606,0.855,144.181,36271.065,19.46,4704.0,98.0,34.0,64.75,2.0,7.0
2023.0,114.53373015873015,140.0,140.824915824916,133.5763890138889,144.54365083531744,141.74107151190475,140.0,0.715,0.7084999999999999,0.606,0.855,144.181,36271.065,19.46,4704.0,98.0,34.0,64.75,2.0,7.0
2024.0,104.98348072307598,87.0967741935484,95.51910361977174,87.1754878072813,98.8532110091743,96.50389086358356,87.06016311118384,0.715,0.7084999999999999,0.606,0.855,144.181,36271.065,19.46,4704.0,98.0,34.0,64.75,2.0,7.0
2020.0,104.98348072307598,87.0967741935484,84.83330327080324,87.1754878072813,87.8787878787879,85.2941176470588,87.06016311118384,0.697,0.717,0.576,0.817,144.181,36271.065,19.46,4704.0,98.0,34.0,42.9,0.0,4.0
2021.0,85.50685425685425,140.0,84.83330327080324,76.271186440678,87.8787878787879,74.2857142857143,74.6913580246914,0.697,0.717,0.576,0.817,144.181,36271.065,19.46,4704.0,98.0,34.0,42.9,0.0,4.0
2022.0,85.50685425685425,87.0967741935484,73.6418511066398,76.271186440678,76.1904761904762,74.2857142857143,74.6913580246914,0.697,0.717,0.576,0.817,144.181,36271.065,19.46,4704.0,98.0,34.0,42.9,0.0,4.0
2023.0,135.64380064380063,87.0967741935484,95.51910361977174,99.00087270830306,98.8532110091743,85.2941176470588,87.06016311118384,0.697,0.717,0.576,0.817,144.181,36271.065,19.46,4704.0,98.0,34.0,42.9,0.0,4.0
2024.0,135.64380064380063,87.0967741935484,95.51910361977174,99.00087270830306,98.8532110091743,85.2941176470588,87.06016311118384,0.697,0.717,0.576,0.817,144.181,36271.065,19.46,4704.0,98.0,34.0,42.9,0.0,4.0
2020.0,55.9503105590062,140.0,140.824915824916,145.45454554545452,144.54365083531744,141.74107151190475,140.0,0.697,0.717,0.576,0.817,1696.571,45625.31,19.46,62543.0,98.0,428.5,80.3,1.0,11.0
2021.0,65.69850288600288,61.9047619047619,84.83330327080324,87.1754878072813,87.8787878787879,85.2941176470588,87.06016311118384,0.697,0.717,0.576,0.817,1696.571,45625.31,19.46,62543.0,98.0,428.5,80.3,1.0,11.0
2022.0,75.70932556349206,61.9047619047619,95.51910361977174,99.00087270830306,98.8532110091743,96.50389086358356,100.0,0.697,0.717,0.576,0.817,1696.571,45625.31,19.46,62543.0,98.0,428.5,80.3,1.0,11.0
2023.0,95.83333345833333,113.513513513514,95.51910361977174,87.1754878072813,98.8532110091743,107.70655270655271,113.4063143817545,0.697,0.717,0.576,0.817,1696.571,45625.31,19.46,62543.0,98.0,428.5,80.3,1.0,11.0
2024.0,104.98348072307598,126.9759485926655,150.6881313131313,145.45454554545452,144.54365083531744,118.518518518519,126.923076923077,0.697,0.717,0.576,0.817,1696.571,45625.31,19.46,62543.0,33.0,428.5,80.3,1.0,11.0
2020.0,104.98348072307598,100.0,84.83330327080324,76.271186440678,87.8787878787879,85.2941176470588,100.0,0.734,0.761,0.606,0.855,144.181,205446.0,19.46,4704.0,98.0,34.0,60.75,0.0,2.0
2021.0,75.70932556349206,100.0,84.83330327080324,76.271186440678,76.1904761904762,74.2857142857143,74.6913580246914,0.734,0.761,0.606,0.855,144.181,205446.0,19.46,4704.0,98.0,34.0,60.75,0.0,2.0
2022.0,46.1215513794482,61.9047619047619,117.6653439153439,122.08333358333336,132.142857142857,131.21597458391912,126.923076923077,0.734,0.761,0.606,0.855,144.181,205446.0,19.46,4704.0,98.0,34.0,60.75,0.0,2.0
2023.0,95.83333345833333,126.9759485926655,117.6653439153439,110.480549199085,121.38558201058203,131.21597458391912,126.923076923077,0.734,0.761,0.606,0.855,144.181,205446.0,19.46,4704.0,98.0,34.0,60.75,0.0,2.0
2024.0,114.53373015873015,113.513513513514,106.52777786111112,110.480549199085,98.8532110091743,107.70655270655271,113.4063143817545,0.734,0.761,0.606,0.855,144.181,205446.0,19.46,4704.0,98.0,34.0,60.75,0.0,2.0
2020.0,95.83333345833333,100.0,84.83330327080324,99.00087270830306,87.8787878787879,85.2941176470588,100.0,0.697,0.7084999999999999,0.576,0.839,1228.91,45625.31,19.46,4704.0,98.0,34.0,72.8,1.0,2.0
2021.0,85.50685425685425,74.6815286624204,117.6653439153439,122.08333358333336,121.38558201058203,131.21597458391912,140.0,0.697,0.7084999999999999,0.576,0.839,1228.91,45625.31,19.46,4704.0,98.0,34.0,72.8,1.0,2.0
2022.0,65.69850288600288,61.9047619047619,84.83330327080324,99.00087270830306,87.8787878787879,96.50389086358356,87.06016311118384,0.697,0.7084999999999999,0.576,0.839,1228.91,45625.31,19.46,4704.0,98.0,34.0,72.8,1.0,2.0
2023.0,104.98348072307598,154.36868691035355,117.6653439153439,133.5763890138889,110.44448509237219,154.78670634920644,154.72222230555556,0.697,0.7084999999999999,0.576,0.839,1228.91,45625.31,19.46,4704.0,98.0,34.0,72.8,1.0,2.0
2024.0,85.50685425685425,166.666666666667,140.824915824916,145.45454554545452,144.54365083531744,164.28571436904764,166.666666666667,0.697,0.7084999999999999,0.576,0.839,1228.91,45625.31,19.46,4704.0,98.0,34.0,72.8,1.0,2.0
2020.0,75.70932556349206,74.6815286624204,95.51910361977174,99.00087270830306,98.8532110091743,85.2941176470588,74.6913580246914,0.706,0.717,0.563,0.886,405.034,68227.53,19.46,4704.0,98.0,34.0,42.9,4.0,7.0
2021.0,125.0,126.9759485926655,62.5,53.6144578313253,65.15151533333334,63.3333333333333,61.77257512796453,0.706,0.717,0.563,0.886,405.034,68227.53,19.46,4704.0,98.0,34.0,42.9,4.0,7.0
2022.0,95.83333345833333,166.666666666667,62.5,65.0,65.15151533333334,63.3333333333333,61.77257512796453,0.706,0.717,0.563,0.886,405.034,68227.53,19.46,4704.0,98.0,34.0,42.9,4.0,7.0
2023.0,95.83333345833333,126.9759485926655,129.16666675,156.38888897222222,132.142857142857,131.21597458391912,126.923076923077,0.706,0.717,0.563,0.886,405.034,68227.53,19.46,4704.0,98.0,34.0,42.9,4.0,7.0
2024.0,104.98348072307598,87.0967741935484,84.83330327080324,87.1754878072813,87.8787878787879,85.2941176470588,87.06016311118384,0.706,0.717,0.563,0.886,405.034,68227.53,19.46,4704.0,98.0,34.0,42.9,4.0,7.0
2020.0,95.83333345833333,126.9759485926655,117.6653439153439,122.08333358333336,121.38558201058203,131.21597458391912,126.923076923077,0.734,0.7,0.676,0.849,144.181,36271.065,19.46,4704.0,98.0,34.0,46.7,2.0,12.0
2021.0,135.64380064380063,126.9759485926655,95.51910361977174,99.00087270830306,98.8532110091743,96.50389086358356,100.0,0.734,0.7,0.676,0.849,144.181,36271.065,19.46,4704.0,98.0,34.0,46.7,2.0,12.0
2022.0,75.70932556349206,87.0967741935484,62.5,76.271186440678,65.15151533333334,63.3333333333333,61.77257512796453,0.734,0.7,0.676,0.849,144.181,36271.065,19.46,4704.0,98.0,34.0,46.7,2.0,12.0
2023.0,85.50685425685425,113.513513513514,140.824915824916,110.480549199085,110.44448509237219,118.518518518519,113.4063143817545,0.734,0.7,0.676,0.849,144.181,36271.065,19.46,4704.0,98.0,34.0,46.7,2.0,12.0
2024.0,104.98348072307598,154.36868691035355,84.83330327080324,133.5763890138889,110.44448509237219,141.74107151190475,154.72222230555556,0.734,0.7,0.676,0.849,144.181,36271.065,19.46,4704.0,98.0,34.0,46.7,2.0,12.0
2020.0,104.98348072307598,166.666666666667,140.824915824916,133.5763890138889,144.54365083531744,154.78670634920644,166.666666666667,0.763,0.751,0.6895,0.843,144.181,56792.915,19.46,4704.0,98.0,34.0,83.1,0.0,15.0
2021.0,104.98348072307598,87.0967741935484,95.51910361977174,87.1754878072813,98.8532110091743,74.2857142857143,74.6913580246914,0.763,0.751,0.6895,0.843,144.181,56792.915,19.46,4704.0,98.0,34.0,83.1,0.0,15.0
2022.0,114.53373015873015,113.513513513514,62.5,65.0,65.15151533333334,63.3333333333333,61.77257512796453,0.763,0.751,0.6895,0.843,144.181,56792.915,19.46,4704.0,98.0,34.0,83.1,0.0,15.0
2023.0,135.64380064380063,100.0,73.6418511066398,76.271186440678,87.8787878787879,96.50389086358356,100.0,0.763,0.751,0.6895,0.843,144.181,56792.915,19.46,4704.0,98.0,34.0,83.1,0.0,15.0
2024.0,114.53373015873015,113.513513513514,129.16666675,122.08333358333336,132.142857142857,107.70655270655271,113.4063143817545,0.763,0.751,0.6895,0.843,144.181,56792.915,19.46,4704.0,98.0,34.0,83.1,0.0,15.0
2020.0,155.102040816327,126.9759485926655,129.16666675,133.5763890138889,132.142857142857,118.518518518519,126.923076923077,0.743,0.751,0.646,0.849,144.181,68227.53,1026.47,62543.0,33.0,428.5,94.4,1.0,4.0
2021.0,95.83333345833333,87.0967741935484,140.824915824916,133.5763890138889,155.263157894737,131.21597458391912,126.923076923077,0.743,0.751,0.646,0.849,144.181,68227.53,1026.47,62543.0,33.0,428.5,94.4,1.0,4.0
2022.0,85.50685425685425,74.6815286624204,129.16666675,156.38888897222222,121.38558201058203,164.28571436904764,166.666666666667,0.743,0.751,0.646,0.849,144.181,68227.53,1026.47,62543.0,33.0,428.5,94.4,1.0,4.0
2023.0,104.98348072307598,87.0967741935484,129.16666675,110.480549199085,132.142857142857,85.2941176470588,87.06016311118384,0.743,0.751,0.646,0.849,144.181,68227.53,1026.47,62543.0,33.0,428.5,94.4,1.0,4.0
2024.0,95.83333345833333,87.0967741935484,95.51910361977174,87.1754878072813,98.8532110091743,85.2941176470588,87.06016311118384,0.743,0.751,0.646,0.849,144.181,68227.53,1026.47,62543.0,33.0,428.5,94.4,1.0,4.0
2020.0,125.0,113.513513513514,117.6653439153439,122.08333358333336,121.38558201058203,107.70655270655271,113.4063143817545,0.706,0.674,0.591,0.866,144.181,56792.915,19.46,4704.0,98.0,34.0,80.3,2.0,8.0
2021.0,55.9503105590062,74.6815286624204,150.6881313131313,145.45454554545452,144.54365083531744,131.21597458391912,126.923076923077,0.706,0.674,0.591,0.866,144.181,56792.915,19.46,4704.0,98.0,34.0,80.3,2.0,8.0
2022.0,65.69850288600288,100.0,73.6418511066398,76.271186440678,65.15151533333334,85.2941176470588,87.06016311118384,0.706,0.674,0.591,0.866,144.181,56792.915,19.46,4704.0,98.0,34.0,80.3,2.0,8.0
2023.0,104.98348072307598,140.0,150.6881313131313,145.45454554545452,144.54365083531744,141.74107151190475,140.0,0.706,0.674,0.591,0.866,144.181,56792.915,19.46,4704.0,98.0,34.0,80.3,2.0,8.0
2024.0,125.0,87.0967741935484,73.6418511066398,87.1754878072813,76.1904761904762,85.2941176470588,87.06016311118384,0.706,0.674,0.591,0.866,144.181,56792.915,19.46,4704.0,98.0,34.0,80.3,2.0,8.0
2020.0,85.50685425685425,126.9759485926655,117.6653439153439,110.480549199085,110.44448509237219,118.518518518519,126.923076923077,0.706,0.7084999999999999,0.62,0.817,144.181,27276.97,19.46,4704.0,98.0,34.0,60.75,0.0,2.0
2021.0,35.1909184726522,87.0967741935484,84.83330327080324,87.1754878072813,87.8787878787879,85.2941176470588,87.06016311118384,0.706,0.7084999999999999,0.62,0.817,144.181,27276.97,19.46,4704.0,98.0,34.0,60.75,0.0,2.0
2022.0,46.1215513794482,61.9047619047619,106.52777786111112,122.08333358333336,110.44448509237219,118.518518518519,113.4063143817545,0.706,0.7084999999999999,0.62,0.817,144.181,27276.97,19.46,4704.0,98.0,34.0,60.75,0.0,2.0
2023.0,95.83333345833333,87.0967741935484,106.52777786111112,122.08333358333336,98.8532110091743,85.2941176470588,87.06016311118384,0.706,0.7084999999999999,0.62,0.817,144.181,27276.97,19.46,4704.0,98.0,34.0,60.75,0.0,2.0
2024.0,95.83333345833333,126.9759485926655,129.16666675,122.08333358333336,132.142857142857,118.518518518519,126.923076923077,0.706,0.7084999999999999,0.62,0.817,144.181,27276.97,19.46,4704.0,98.0,34.0,60.75,0.0,2.0
2020.0,85.50685425685425,87.0967741935484,84.83330327080324,87.1754878072813,87.8787878787879,85.2941176470588,87.06016311118384,0.678,0.7,0.5225,0.843,946.9680000000001,45625.31,19.46,4704.0,98.0,34.0,57.45,3.0,8.0
2021.0,65.69850288600288,74.6815286624204,95.51910361977174,99.00087270830306,98.8532110091743,96.50389086358356,87.06016311118384,0.678,0.7,0.5225,0.843,946.9680000000001,45625.31,19.46,4704.0,98.0,34.0,57.45,3.0,8.0
2022.0,85.50685425685425,87.0967741935484,84.83330327080324,76.271186440678,87.8787878787879,74.2857142857143,74.6913580246914,0.678,0.7,0.5225,0.843,946.9680000000001,45625.31,19.46,4704.0,98.0,34.0,57.45,3.0,8.0
2023.0,114.53373015873015,100.0,95.51910361977174,99.00087270830306,98.8532110091743,96.50389086358356,100.0,0.678,0.7,0.5225,0.843,946.9680000000001,45625.31,19.46,4704.0,33.0,34.0,57.45,3.0,8.0
2024.0,114.53373015873015,100.0,106.52777786111112,99.00087270830306,98.8532110091743,96.50389086358356,100.0,0.678,0.7,0.5225,0.843,946.9680000000001,45625.31,19.46,4704.0,33.0,34.0,57.45,3.0,8.0
2020.0,95.83333345833333,61.9047619047619,50.26348435761521,31.6455696202532,52.77777802777778,41.277890466531446,61.77257512796453,0.697,0.7084999999999999,0.563,0.86,946.9680000000001,158672.67,19.46,4704.0,98.0,34.0,80.3,6.0,2.0
2021.0,2.63157894736842,74.6815286624204,84.83330327080324,87.1754878072813,98.8532110091743,85.2941176470588,87.06016311118384,0.697,0.7084999999999999,0.563,0.86,946.9680000000001,158672.67,19.46,4704.0,98.0,34.0,80.3,6.0,2.0
2022.0,2.63157894736842,87.0967741935484,62.5,65.0,65.15151533333334,63.3333333333333,61.77257512796453,0.697,0.7084999999999999,0.563,0.86,946.9680000000001,158672.67,19.46,4704.0,98.0,34.0,80.3,6.0,2.0
2023.0,95.83333345833333,113.513513513514,150.6881313131313,122.08333358333336,144.54365083531744,118.518518518519,113.4063143817545,0.697,0.7084999999999999,0.563,0.86,946.9680000000001,158672.67,19.46,4704.0,98.0,34.0,80.3,6.0,2.0
2024.0,95.83333345833333,87.0967741935484,129.16666675,110.480549199085,121.38558201058203,74.2857142857143,74.6913580246914,0.697,0.7084999999999999,0.563,0.86,946.9680000000001,158672.67,19.46,4704.0,98.0,34.0,80.3,6.0,2.0
2020.0,85.50685425685425,113.513513513514,84.83330327080324,99.00087270830306,98.8532110091743,96.50389086358356,113.4063143817545,0.743,0.734,0.662,0.849,144.181,36271.065,145.6,62543.0,98.0,428.5,97.9,4.0,2.0
2021.0,55.9503105590062,61.9047619047619,73.6418511066398,76.271186440678,76.1904761904762,74.2857142857143,74.6913580246914,0.743,0.734,0.662,0.849,144.181,36271.065,145.6,62543.0,98.0,428.5,97.9,4.0,2.0
2022.0,85.50685425685425,74.6815286624204,84.83330327080324,87.1754878072813,87.8787878787879,85.2941176470588,87.06016311118384,0.743,0.734,0.662,0.849,144.181,36271.065,145.6,62543.0,98.0,428.5,97.9,4.0,2.0
2023.0,125.0,100.0,95.51910361977174,87.1754878072813,98.8532110091743,96.50389086358356,100.0,0.743,0.734,0.662,0.849,144.181,36271.065,145.6,62543.0,98.0,428.5,97.9,4.0,2.0
2024.0,85.50685425685425,100.0,95.51910361977174,76.271186440678,98.8532110091743,107.70655270655271,100.0,0.743,0.734,0.662,0.849,144.181,36271.065,145.6,62543.0,98.0,428.5,97.9,4.0,2.0
2020.0,15.3846153846154,126.9759485926655,106.52777786111112,110.480549199085,98.8532110091743,107.70655270655271,126.923076923077,0.65,0.682,0.492,0.817,3577.487,36271.065,19.46,62543.0,98.0,428.5,42.9,6.0,2.0
2021.0,15.3846153846154,100.0,84.83330327080324,76.271186440678,87.8787878787879,74.2857142857143,74.6913580246914,0.65,0.682,0.492,0.817,3577.487,36271.065,19.46,62543.0,98.0,428.5,42.9,6.0,2.0
2022.0,95.83333345833333,87.0967741935484,117.6653439153439,110.480549199085,110.44448509237219,118.518518518519,126.923076923077,0.65,0.682,0.492,0.817,3577.487,36271.065,19.46,62543.0,98.0,428.5,42.9,6.0,2.0
2023.0,95.83333345833333,166.666666666667,184.857142857143,169.20093795093794,192.5925925925926,164.28571436904764,166.666666666667,0.65,0.682,0.492,0.817,3577.487,36271.065,19.46,62543.0,98.0,428.5,42.9,6.0,2.0
2024.0,95.83333345833333,166.666666666667,129.16666675,169.20093795093794,144.54365083531744,154.78670634920644,166.666666666667,0.65,0.682,0.492,0.817,3577.487,36271.065,19.46,62543.0,98.0,428.5,42.9,6.0,2.0
2020.0,125.0,61.9047619047619,73.6418511066398,76.271186440678,76.1904761904762,63.3333333333333,61.77257512796453,0.753,0.767,0.633,0.866,144.181,78182.4,2658.15,347657.0,128.0,2558.5,97.9,1.0,9.0
2021.0,75.70932556349206,74.6815286624204,62.5,53.6144578313253,65.15151533333334,74.2857142857143,74.6913580246914,0.753,0.767,0.633,0.866,144.181,78182.4,2658.15,347657.0,128.0,2558.5,97.9,1.0,9.0
2022.0,75.70932556349206,61.9047619047619,84.83330327080324,87.1754878072813,87.8787878787879,85.2941176470588,87.06016311118384,0.753,0.767,0.633,0.866,144.181,78182.4,2658.15,347657.0,128.0,2285.0,97.9,1.0,9.0
2023.0,95.83333345833333,100.0,95.51910361977174,110.480549199085,98.8532110091743,107.70655270655271,100.0,0.753,0.767,0.633,0.866,144.181,78182.4,2658.15,347657.0,153.0,2285.0,97.9,1.0,9.0
2024.0,95.83333345833333,87.0967741935484,95.51910361977174,87.1754878072813,87.8787878787879,74.2857142857143,87.06016311118384,0.753,0.767,0.633,0.866,144.181,78182.4,2658.15,347657.0,153.0,1970.0,97.9,1.0,9.0
2020.0,15.3846153846154,100.0,95.51910361977174,99.00087270830306,98.8532110091743,107.70655270655271,100.0,0.715,0.751,0.576,0.839,144.181,36271.065,19.46,4704.0,98.0,1970.0,27.3,3.0,2.0
2021.0,85.50685425685425,154.36868691035355,62.5,65.0,65.15151533333334,63.3333333333333,61.77257512796453,0.715,0.751,0.576,0.839,144.181,36271.065,19.46,4704.0,98.0,1970.0,27.3,3.0,2.0
2022.0,35.1909184726522,87.0967741935484,73.6418511066398,76.271186440678,76.1904761904762,74.2857142857143,74.6913580246914,0.715,0.751,0.576,0.839,144.181,36271.065,19.46,4704.0,98.0,1970.0,27.3,3.0,2.0
2023.0,95.83333345833333,87.0967741935484,84.83330327080324,87.1754878072813,87.8787878787879,85.2941176470588,87.06016311118384,0.715,0.751,0.576,0.839,144.181,36271.065,19.46,4704.0,98.0,1970.0,27.3,3.0,2.0
2024.0,85.50685425685425,100.0,95.51910361977174,99.00087270830306,98.8532110091743,96.50389086358356,100.0,0.715,0.751,0.576,0.839,144.181,36271.065,19.46,4704.0,98.0,1970.0,27.3,3.0,2.0
2020.0,15.3846153846154,113.513513513514,129.16666675,110.480549199085,132.142857142857,118.518518518519,113.4063143817545,0.66,0.674,0.5225,0.817,144.181,27276.97,19.46,4704.0,98.0,34.0,68.9,1.0,7.0
2021.0,95.83333345833333,74.6815286624204,140.824915824916,122.08333358333336,144.54365083531744,141.74107151190475,140.0,0.66,0.674,0.5225,0.817,144.181,27276.97,19.46,4704.0,98.0,34.0,68.9,1.0,7.0
2022.0,85.50685425685425,87.0967741935484,106.52777786111112,133.5763890138889,110.44448509237219,141.74107151190475,140.0,0.66,0.674,0.5225,0.817,144.181,27276.97,19.46,4704.0,98.0,34.0,68.9,1.0,7.0
2023.0,85.50685425685425,113.513513513514,129.16666675,122.08333358333336,121.38558201058203,107.70655270655271,113.4063143817545,0.66,0.674,0.5225,0.817,144.181,27276.97,19.46,4704.0,98.0,34.0,68.9,1.0,7.0
2024.0,65.69850288600288,74.6815286624204,106.52777786111112,87.1754878072813,121.38558201058203,63.3333333333333,74.6913580246914,0.66,0.674,0.5225,0.817,144.181,27276.97,19.46,4704.0,98.0,34.0,68.9,1.0,7.0
2020.0,55.9503105590062,61.9047619047619,50.26348435761521,53.6144578313253,52.77777802777778,53.125,61.77257512796453,0.743,0.751,0.662,0.843,144.181,27276.97,19.46,4704.0,98.0,34.0,46.7,3.0,11.0
2021.0,85.50685425685425,113.513513513514,39.9399399399399,53.6144578313253,52.77777802777778,53.125,49.355158896825394,0.743,0.751,0.662,0.843,144.181,27276.97,19.46,4704.0,98.0,34.0,46.7,3.0,11.0
2022.0,85.50685425685425,113.513513513514,73.6418511066398,76.271186440678,87.8787878787879,74.2857142857143,74.6913580246914,0.743,0.751,0.662,0.843,144.181,27276.97,19.46,4704.0,98.0,34.0,46.7,3.0,11.0
2023.0,104.98348072307598,87.0967741935484,84.83330327080324,110.480549199085,98.8532110091743,85.2941176470588,87.06016311118384,0.743,0.751,0.662,0.843,144.181,27276.97,19.46,4704.0,98.0,34.0,46.7,3.0,11.0
2024.0,46.1215513794482,87.0967741935484,73.6418511066398,87.1754878072813,87.8787878787879,85.2941176470588,87.06016311118384,0.743,0.751,0.662,0.843,144.181,27276.97,19.46,4704.0,98.0,34.0,46.7,3.0,11.0
2020.0,114.53373015873015,61.9047619047619,50.26348435761521,65.0,52.77777802777778,53.125,61.77257512796453,0.763,0.805,0.662,0.834,405.034,99721.8,19.46,4704.0,98.0,34.0,86.6,1.0,4.0
2021.0,75.70932556349206,61.9047619047619,19.848485193181816,31.6455696202532,20.000000416666666,19.3548387096774,22.916666833333323,0.763,0.805,0.662,0.834,405.034,99721.8,19.46,4704.0,98.0,34.0,86.6,1.0,4.0
2022.0,104.98348072307598,87.0967741935484,84.83330327080324,87.1754878072813,87.8787878787879,74.2857142857143,74.6913580246914,0.763,0.805,0.662,0.834,405.034,99721.8,19.46,4704.0,98.0,34.0,86.6,1.0,4.0
2023.0,85.50685425685425,100.0,95.51910361977174,76.271186440678,98.8532110091743,96.50389086358356,100.0,0.763,0.805,0.662,0.834,405.034,99721.8,19.46,4704.0,98.0,34.0,86.6,1.0,4.0
2024.0,85.50685425685425,87.0967741935484,84.83330327080324,87.1754878072813,98.8532110091743,85.2941176470588,87.06016311118384,0.763,0.805,0.662,0.834,405.034,99721.8,19.46,4704.0,98.0,34.0,86.6,1.0,4.0
2020.0,85.50685425685425,100.0,95.51910361977174,87.1754878072813,98.8532110091743,96.50389086358356,100.0,0.639,0.658,0.505,0.7805,405.034,130995.01,19.46,4704.0,98.0,34.0,22.9,0.0,4.0
2021.0,95.83333345833333,154.36868691035355,95.51910361977174,99.00087270830306,98.8532110091743,96.50389086358356,100.0,0.639,0.658,0.505,0.7805,405.034,130995.01,19.46,4704.0,98.0,34.0,22.9,0.0,4.0
2022.0,125.0,126.9759485926655,84.83330327080324,87.1754878072813,87.8787878787879,85.2941176470588,87.06016311118384,0.639,0.658,0.505,0.7805,405.034,130995.01,19.46,4704.0,98.0,34.0,22.9,0.0,4.0
2023.0,75.70932556349206,100.0,95.51910361977174,110.480549199085,98.8532110091743,107.70655270655271,100.0,0.639,0.658,0.505,0.7805,405.034,130995.01,19.46,4704.0,98.0,34.0,22.9,0.0,4.0
2024.0,85.50685425685425,87.0967741935484,95.51910361977174,87.1754878072813,87.8787878787879,96.50389086358356,87.06016311118384,0.639,0.658,0.505,0.7805,405.034,130995.01,19.46,4704.0,98.0,34.0,22.9,0.0,4.0
2020.0,55.9503105590062,87.0967741935484,95.51910361977174,99.00087270830306,98.8532110091743,85.2941176470588,87.06016311118384,0.743,0.761,0.633,0.849,144.181,36271.065,660.47,62543.0,98.0,651.0,97.9,1.0,15.0
2021.0,25.972222722222217,22.916666833333323,84.83330327080324,76.271186440678,87.8787878787879,74.2857142857143,74.6913580246914,0.743,0.761,0.633,0.849,144.181,36271.065,660.47,62543.0,98.0,651.0,97.9,1.0,15.0
2022.0,85.50685425685425,74.6815286624204,62.5,65.0,65.15151533333334,63.3333333333333,61.77257512796453,0.743,0.761,0.633,0.849,144.181,36271.065,660.47,62543.0,98.0,651.0,97.9,1.0,15.0
2023.0,75.70932556349206,87.0967741935484,84.83330327080324,87.1754878072813,87.8787878787879,85.2941176470588,87.06016311118384,0.743,0.761,0.633,0.849,144.181,36271.065,660.47,62543.0,33.0,428.5,97.9,1.0,15.0
2024.0,2.63157894736842,87.0967741935484,84.83330327080324,87.1754878072813,87.8787878787879,85.2941176470588,87.06016311118384,0.743,0.761,0.633,0.849,144.181,36271.065,660.47,62543.0,98.0,428.5,97.9,1.0,15.0
2020.0,125.0,113.513513513514,84.83330327080324,87.1754878072813,87.8787878787879,107.70655270655271,113.4063143817545,0.667,0.639,0.548,0.86,946.9680000000001,68227.53,19.46,4704.0,98.0,428.5,31.6,5.0,7.0
2021.0,104.98348072307598,140.0,150.6881313131313,133.5763890138889,144.54365083531744,154.78670634920644,154.72222230555556,0.667,0.639,0.548,0.86,946.9680000000001,68227.53,19.46,4704.0,98.0,428.5,31.6,5.0,7.0
2022.0,125.0,140.0,95.51910361977174,87.1754878072813,87.8787878787879,85.2941176470588,87.06016311118384,0.667,0.639,0.548,0.86,946.9680000000001,68227.53,19.46,4704.0,98.0,428.5,31.6,5.0,7.0
2023.0,114.53373015873015,33.12500033333333,62.5,41.666667,41.66666704166666,30.000000149999998,32.91666683333333,0.667,0.639,0.548,0.86,946.9680000000001,68227.53,19.46,4704.0,98.0,428.5,31.6,5.0,7.0
2024.0,75.70932556349206,33.12500033333333,28.1105856250365,31.6455696202532,29.166667208333333,30.000000149999998,32.91666683333333,0.667,0.639,0.548,0.86,946.9680000000001,68227.53,19.46,4704.0,98.0,428.5,31.6,5.0,7.0
2020.0,75.70932556349206,61.9047619047619,95.51910361977174,87.1754878072813,87.8787878787879,53.125,61.77257512796453,0.639,0.666,0.4765,0.813,676.805,36271.065,19.46,4704.0,98.0,34.0,94.4,6.0,7.0
2021.0,35.1909184726522,48.95833354166667,150.6881313131313,156.38888897222222,179.2857142857145,141.74107151190475,154.72222230555556,0.639,0.666,0.4765,0.813,676.805,36271.065,19.46,4704.0,98.0,34.0,94.4,6.0,7.0
2022.0,85.50685425685425,74.6815286624204,106.52777786111112,122.08333358333336,98.8532110091743,131.21597458391912,126.923076923077,0.639,0.666,0.4765,0.813,676.805,36271.065,19.46,4704.0,98.0,34.0,94.4,6.0,7.0
2023.0,95.83333345833333,140.0,150.6881313131313,122.08333358333336,167.60912698412704,141.74107151190475,140.0,0.639,0.666,0.4765,0.813,676.805,36271.065,19.46,4704.0,98.0,34.0,94.4,6.0,7.0
2024.0,85.50685425685425,126.9759485926655,117.6653439153439,122.08333358333336,110.44448509237219,131.21597458391912,126.923076923077,0.639,0.666,0.4765,0.813,676.805,36271.065,19.46,4704.0,98.0,34.0,94.4,6.0,7.0
2020.0,95.83333345833333,100.0,84.83330327080324,99.00087270830306,98.8532110091743,107.70655270655271,100.0,0.763,0.761,0.705,0.839,676.805,56792.915,19.46,62543.0,33.0,428.5,97.9,0.0,2.0
2021.0,104.98348072307598,61.9047619047619,84.83330327080324,76.271186440678,76.1904761904762,63.3333333333333,61.77257512796453,0.763,0.761,0.705,0.839,676.805,56792.915,19.46,62543.0,33.0,428.5,97.9,0.0,2.0
2022.0,114.53373015873015,74.6815286624204,95.51910361977174,99.00087270830306,98.8532110091743,96.50389086358356,87.06016311118384,0.763,0.761,0.705,0.839,676.805,56792.915,19.46,62543.0,33.0,651.0,97.9,0.0,2.0
2023.0,104.98348072307598,140.0,129.16666675,122.08333358333336,132.142857142857,131.21597458391912,140.0,0.763,0.761,0.705,0.839,676.805,56792.915,19.46,62543.0,33.0,428.5,97.9,0.0,2.0
2024.0,104.98348072307598,48.95833354166667,50.26348435761521,31.6455696202532,52.77777802777778,53.125,49.355158896825394,0.763,0.761,0.705,0.839,676.805,56792.915,19.46,62543.0,33.0,428.5,97.9,0.0,2.0
2020.0,95.83333345833333,87.0967741935484,84.83330327080324,99.00087270830306,87.8787878787879,96.50389086358356,87.06016311118384,0.65,0.658,0.505,0.828,144.181,27276.97,19.46,4704.0,98.0,34.0,27.3,1.0,11.0
2021.0,85.50685425685425,87.0967741935484,84.83330327080324,87.1754878072813,87.8787878787879,74.2857142857143,74.6913580246914,0.65,0.658,0.505,0.828,144.181,27276.97,19.46,4704.0,98.0,34.0,27.3,1.0,11.0
2022.0,104.98348072307598,113.513513513514,84.83330327080324,87.1754878072813,87.8787878787879,85.2941176470588,87.06016311118384,0.65,0.658,0.505,0.828,144.181,27276.97,19.46,4704.0,98.0,34.0,27.3,1.0,11.0
2023.0,104.98348072307598,113.513513513514,106.52777786111112,122.08333358333336,121.38558201058203,107.70655270655271,113.4063143817545,0.65,0.658,0.505,0.828,144.181,27276.97,19.46,4704.0,98.0,34.0,27.3,1.0,11.0
2024.0,125.0,100.0,106.52777786111112,110.480549199085,110.44448509237219,107.70655270655271,100.0,0.65,0.658,0.505,0.828,144.181,27276.97,19.46,4704.0,98.0,34.0,27.3,1.0,11.0
2020.0,125.0,166.666666666667,129.16666675,122.08333358333336,132.142857142857,131.21597458391912,166.666666666667,0.8005,0.836,0.719,0.834,144.181,120968.485,145.6,4704.0,98.0,34.0,80.3,4.0,7.0
2021.0,85.50685425685425,87.0967741935484,95.51910361977174,99.00087270830306,98.8532110091743,107.70655270655271,113.4063143817545,0.8005,0.836,0.719,0.834,144.181,120968.485,145.6,4704.0,98.0,34.0,80.3,4.0,7.0
2022.0,65.69850288600288,61.9047619047619,129.16666675,133.5763890138889,121.38558201058203,118.518518518519,113.4063143817545,0.8005,0.836,0.719,0.834,144.181,120968.485,145.6,4704.0,98.0,34.0,80.3,4.0,7.0
2023.0,145.2422175777439,113.513513513514,129.16666675,133.5763890138889,132.142857142857,118.518518518519,113.4063143817545,0.8005,0.836,0.719,0.834,144.181,120968.485,145.6,4704.0,98.0,34.0,80.3,4.0,7.0
2024.0,95.83333345833333,113.513513513514,140.824915824916,145.45454554545452,155.263157894737,107.70655270655271,113.4063143817545,0.8005,0.836,0.719,0.834,144.181,120968.485,145.6,4704.0,98.0,34.0,80.3,4.0,7.0
2020.0,114.53373015873015,100.0,95.51910361977174,99.00087270830306,98.8532110091743,96.50389086358356,100.0,0.743,0.734,0.62,0.886,144.181,45625.31,19.46,4704.0,98.0,34.0,31.6,0.0,13.0
2021.0,95.83333345833333,113.513513513514,62.5,53.6144578313253,65.15151533333334,63.3333333333333,61.77257512796453,0.743,0.734,0.62,0.886,144.181,45625.31,19.46,4704.0,98.0,34.0,31.6,0.0,13.0
2022.0,65.69850288600288,74.6815286624204,84.83330327080324,87.1754878072813,87.8787878787879,74.2857142857143,74.6913580246914,0.743,0.734,0.62,0.886,144.181,45625.31,19.46,4704.0,98.0,34.0,31.6,0.0,13.0
2023.0,135.64380064380063,126.9759485926655,129.16666675,122.08333358333336,132.142857142857,131.21597458391912,126.923076923077,0.743,0.734,0.62,0.886,144.181,45625.31,19.46,4704.0,98.0,34.0,31.6,0.0,13.0
2024.0,155.102040816327,87.0967741935484,95.51910361977174,99.00087270830306,98.8532110091743,96.50389086358356,87.06016311118384,0.743,0.734,0.62,0.886,144.181,45625.31,19.46,4704.0,98.0,34.0,31.6,0.0,13.0
2020.0,46.1215513794482,113.513513513514,117.6653439153439,133.5763890138889,121.38558201058203,118.518518518519,113.4063143817545,0.78,0.776,0.731,0.849,144.181,88848.11,19.46,4704.0,98.0,34.0,68.9,0.0,2.0
2021.0,85.50685425685425,87.0967741935484,84.83330327080324,87.1754878072813,87.8787878787879,85.2941176470588,87.06016311118384,0.78,0.776,0.731,0.849,144.181,88848.11,19.46,4704.0,98.0,34.0,68.9,0.0,2.0
2022.0,114.53373015873015,100.0,106.52777786111112,110.480549199085,110.44448509237219,118.518518518519,113.4063143817545,0.78,0.776,0.731,0.849,144.181,88848.11,19.46,4704.0,98.0,34.0,68.9,0.0,2.0
2023.0,104.98348072307598,126.9759485926655,117.6653439153439,99.00087270830306,121.38558201058203,141.74107151190475,126.923076923077,0.78,0.776,0.731,0.849,144.181,88848.11,19.46,4704.0,98.0,34.0,68.9,0.0,2.0
2024.0,104.98348072307598,193.333333333333,161.63690480357144,190.6240981240981,192.5925925925926,154.78670634920644,193.8074194324195,0.78,0.776,0.731,0.849,144.181,88848.11,19.46,4704.0,98.0,34.0,68.9,0.0,2.0
2020.0,85.50685425685425,74.6815286624204,50.26348435761521,53.6144578313253,52.77777802777778,53.125,74.6913580246914,0.706,0.7,0.606,0.834,144.181,56792.915,19.46,4704.0,98.0,34.0,54.1,0.0,2.0
2021.0,95.83333345833333,100.0,84.83330327080324,87.1754878072813,87.8787878787879,85.2941176470588,87.06016311118384,0.706,0.7,0.606,0.834,144.181,56792.915,19.46,4704.0,98.0,34.0,54.1,0.0,2.0
2022.0,135.64380064380063,126.9759485926655,62.5,53.6144578313253,52.77777802777778,53.125,61.77257512796453,0.706,0.7,0.606,0.834,144.181,56792.915,19.46,4704.0,98.0,34.0,54.1,0.0,2.0
2023.0,55.9503105590062,100.0,106.52777786111112,110.480549199085,98.8532110091743,107.70655270655271,100.0,0.706,0.7,0.606,0.834,144.181,56792.915,19.46,4704.0,98.0,34.0,54.1,0.0,2.0
2024.0,46.1215513794482,113.513513513514,106.52777786111112,110.480549199085,110.44448509237219,107.70655270655271,113.4063143817545,0.706,0.7,0.606,0.834,144.181,56792.915,19.46,4704.0,98.0,34.0,54.1,0.0,2.0
2020.0,55.9503105590062,61.9047619047619,117.6653439153439,87.1754878072813,121.38558201058203,63.3333333333333,61.77257512796453,0.743,0.761,0.633,0.843,676.805,45625.31,19.46,4704.0,98.0,34.0,72.8,2.0,4.0
2021.0,104.98348072307598,87.0967741935484,62.5,65.0,65.15151533333334,107.70655270655271,113.4063143817545,0.743,0.761,0.633,0.843,676.805,45625.31,19.46,4704.0,98.0,34.0,72.8,2.0,4.0
2022.0,75.70932556349206,87.0967741935484,73.6418511066398,99.00087270830306,76.1904761904762,74.2857142857143,74.6913580246914,0.743,0.761,0.633,0.843,676.805,45625.31,19.46,4704.0,98.0,34.0,72.8,2.0,4.0
2023.0,155.102040816327,74.6815286624204,39.9399399399399,65.0,41.66666704166666,74.2857142857143,74.6913580246914,0.743,0.761,0.633,0.843,676.805,45625.31,19.46,4704.0,98.0,34.0,72.8,2.0,4.0
2024.0,85.50685425685425,33.12500033333333,50.26348435761521,31.6455696202532,52.77777802777778,30.000000149999998,32.91666683333333,0.743,0.761,0.633,0.843,676.805,45625.31,19.46,4704.0,98.0,34.0,72.8,2.0,4.0
2020.0,85.50685425685425,74.6815286624204,73.6418511066398,76.271186440678,76.1904761904762,74.2857142857143,74.6913580246914,0.78,0.8105,0.6895,0.86,1696.571,78182.4,243.59,463501.0,128.0,3312.0,97.9,4.0,11.0
2021.0,85.50685425685425,87.0967741935484,84.83330327080324,87.1754878072813,87.8787878787879,85.2941176470588,87.06016311118384,0.78,0.8105,0.6895,0.86,1696.571,78182.4,243.59,463501.0,128.0,3140.0,97.9,4.0,11.0
2022.0,85.50685425685425,87.0967741935484,117.6653439153439,110.480549199085,121.38558201058203,107.70655270655271,100.0,0.78,0.8105,0.6895,0.86,1696.571,78182.4,243.59,463501.0,128.0,3140.0,97.9,4.0,11.0
2023.0,104.98348072307598,179.27158489658487,195.1388888888889,156.38888897222222,216.0195707070709,175.52778920425976,179.87103174603178,0.78,0.8105,0.6895,0.86,1696.571,78182.4,243.59,463501.0,128.0,3140.0,97.9,4.0,11.0
2024.0,104.98348072307598,154.36868691035355,150.6881313131313,180.8234127400794,144.54365083531744,164.28571436904764,154.72222230555556,0.78,0.8105,0.6895,0.86,1696.571,78182.4,243.59,463501.0,128.0,2893.0,97.9,4.0,11.0
2020.0,15.3846153846154,87.0967741935484,95.51910361977174,99.00087270830306,98.8532110091743,85.2941176470588,87.06016311118384,0.706,0.7,0.591,0.855,3094.071,36271.065,19.46,4704.0,98.0,34.0,75.7,3.0,4.0
2021.0,75.70932556349206,61.9047619047619,84.83330327080324,87.1754878072813,87.8787878787879,85.2941176470588,87.06016311118384,0.706,0.7,0.591,0.855,3094.071,36271.065,19.46,4704.0,98.0,34.0,75.7,3.0,4.0
2022.0,75.70932556349206,87.0967741935484,117.6653439153439,122.08333358333336,110.44448509237219,107.70655270655271,100.0,0.706,0.7,0.591,0.855,3094.071,36271.065,19.46,4704.0,98.0,34.0,75.7,3.0,4.0
2023.0,104.98348072307598,87.0967741935484,84.83330327080324,87.1754878072813,98.8532110091743,96.50389086358356,87.06016311118384,0.706,0.7,0.591,0.855,3094.071,36271.065,19.46,4704.0,98.0,34.0,75.7,3.0,4.0
2024.0,104.98348072307598,113.513513513514,95.51910361977174,122.08333358333336,98.8532110091743,118.518518518519,113.4063143817545,0.706,0.7,0.591,0.855,3094.071,36271.065,19.46,4704.0,98.0,34.0,75.7,3.0,4.0
2020.0,125.0,87.0967741935484,106.52777786111112,87.1754878072813,98.8532110091743,85.2941176470588,87.06016311118384,0.706,0.7084999999999999,0.563,0.855,144.181,45625.31,19.46,4704.0,98.0,34.0,42.9,0.0,5.0
2021.0,55.9503105590062,126.9759485926655,106.52777786111112,110.480549199085,98.8532110091743,96.50389086358356,100.0,0.706,0.7084999999999999,0.563,0.855,144.181,45625.31,19.46,4704.0,98.0,34.0,42.9,0.0,5.0
2022.0,65.69850288600288,61.9047619047619,150.6881313131313,145.45454554545452,144.54365083531744,131.21597458391912,126.923076923077,0.706,0.7084999999999999,0.563,0.855,144.181,45625.31,19.46,4704.0,98.0,34.0,42.9,0.0,5.0
2023.0,114.53373015873015,166.666666666667,150.6881313131313,156.38888897222222,155.263157894737,164.28571436904764,166.666666666667,0.706,0.7084999999999999,0.563,0.855,144.181,45625.31,19.46,4704.0,98.0,34.0,42.9,0.0,5.0
2024.0,125.0,154.36868691035355,129.16666675,122.08333358333336,132.142857142857,164.28571436904764,154.72222230555556,0.706,0.7084999999999999,0.563,0.855,144.181,45625.31,19.46,4704.0,98.0,34.0,42.9,0.0,5.0
2020.0,104.98348072307598,126.9759485926655,129.16666675,122.08333358333336,132.142857142857,131.21597458391912,126.923076923077,0.65,0.658,0.505,0.822,405.034,27276.97,19.46,4704.0,98.0,34.0,60.75,6.0,7.0
2021.0,75.70932556349206,140.0,84.83330327080324,87.1754878072813,87.8787878787879,85.2941176470588,87.06016311118384,0.65,0.658,0.505,0.822,405.034,27276.97,19.46,4704.0,98.0,34.0,60.75,6.0,7.0
2022.0,135.64380064380063,126.9759485926655,95.51910361977174,99.00087270830306,98.8532110091743,85.2941176470588,87.06016311118384,0.65,0.658,0.505,0.822,405.034,27276.97,19.46,4704.0,98.0,34.0,60.75,6.0,7.0
2023.0,95.83333345833333,113.513513513514,95.51910361977174,110.480549199085,98.8532110091743,118.518518518519,113.4063143817545,0.65,0.658,0.505,0.822,405.034,27276.97,19.46,4704.0,98.0,34.0,60.75,6.0,7.0
2024.0,95.83333345833333,154.36868691035355,150.6881313131313,156.38888897222222,167.60912698412704,154.78670634920644,154.72222230555556,0.65,0.658,0.505,0.822,405.034,27276.97,19.46,4704.0,98.0,34.0,60.75,6.0,7.0
2020.0,104.98348072307598,113.513513513514,95.51910361977174,99.00087270830306,98.8532110091743,107.70655270655271,113.4063143817545,0.66,0.674,0.534,0.817,144.181,27276.97,19.46,4704.0,98.0,34.0,31.6,3.0,4.0
2021.0,95.83333345833333,126.9759485926655,84.83330327080324,87.1754878072813,87.8787878787879,85.2941176470588,87.06016311118384,0.66,0.674,0.534,0.817,144.181,27276.97,19.46,4704.0,98.0,34.0,31.6,3.0,4.0
2022.0,65.69850288600288,100.0,84.83330327080324,76.271186440678,87.8787878787879,85.2941176470588,87.06016311118384,0.66,0.674,0.534,0.817,144.181,27276.97,19.46,4704.0,98.0,34.0,31.6,3.0,4.0
2023.0,85.50685425685425,87.0967741935484,95.51910361977174,110.480549199085,98.8532110091743,96.50389086358356,87.06016311118384,0.66,0.674,0.534,0.817,144.181,27276.97,19.46,4704.0,98.0,34.0,31.6,3.0,4.0
2024.0,55.9503105590062,100.0,95.51910361977174,99.00087270830306,98.8532110091743,96.50389086358356,100.0,0.66,0.674,0.534,0.817,144.181,27276.97,19.46,4704.0,98.0,34.0,31.6,3.0,4.0
2020.0,55.9503105590062,126.9759485926655,106.52777786111112,110.480549199085,110.44448509237219,118.518518518519,126.923076923077,0.678,0.674,0.563,0.8015000000000001,144.181,27276.97,19.46,4704.0,98.0,34.0,50.3,0.0,7.0
2021.0,85.50685425685425,113.513513513514,106.52777786111112,133.5763890138889,110.44448509237219,131.21597458391912,126.923076923077,0.678,0.674,0.563,0.8015000000000001,144.181,27276.97,19.46,4704.0,98.0,34.0,50.3,0.0,7.0
2022.0,125.0,100.0,73.6418511066398,76.271186440678,65.15151533333334,63.3333333333333,61.77257512796453,0.678,0.674,0.563,0.8015000000000001,144.181,27276.97,19.46,4704.0,98.0,34.0,50.3,0.0,7.0
2023.0,166.18882275132276,61.9047619047619,106.52777786111112,31.6455696202532,87.8787878787879,63.3333333333333,61.77257512796453,0.678,0.674,0.563,0.8015000000000001,144.181,27276.97,19.46,4704.0,98.0,34.0,50.3,0.0,7.0
2024.0,85.50685425685425,100.0,73.6418511066398,99.00087270830306,87.8787878787879,96.50389086358356,100.0,0.678,0.674,0.563,0.8015000000000001,144.181,27276.97,19.46,4704.0,98.0,34.0,50.3,0.0,7.0
2020.0,85.50685425685425,100.0,117.6653439153439,87.1754878072813,110.44448509237219,96.50389086358356,100.0,0.66,0.674,0.505,0.855,405.034,27276.97,19.46,4704.0,98.0,34.0,31.6,1.0,12.0
2021.0,95.83333345833333,100.0,129.16666675,145.45454554545452,144.54365083531744,131.21597458391912,140.0,0.66,0.674,0.505,0.855,405.034,27276.97,19.46,4704.0,98.0,34.0,31.6,1.0,12.0
2022.0,85.50685425685425,87.0967741935484,140.824915824916,122.08333358333336,121.38558201058203,131.21597458391912,126.923076923077,0.66,0.674,0.505,0.855,405.034,27276.97,19.46,4704.0,98.0,34.0,31.6,1.0,12.0
2023.0,65.69850288600288,166.666666666667,184.857142857143,288.82440480357144,167.60912698412704,164.28571436904764,166.666666666667,0.66,0.674,0.505,0.855,405.034,27276.97,19.46,4704.0,98.0,34.0,31.6,1.0,12.0
2024.0,95.83333345833333,113.513513513514,140.824915824916,133.5763890138889,155.263157894737,131.21597458391912,113.4063143817545,0.66,0.674,0.505,0.855,405.034,27276.97,19.46,4704.0,98.0,34.0,31.6,1.0,12.0
2020.0,95.83333345833333,87.0967741935484,73.6418511066398,65.0,76.1904761904762,74.2857142857143,87.06016311118384,0.763,0.751,0.705,0.849,144.181,56792.915,19.46,4704.0,98.0,34.0,83.1,2.0,2.0
2021.0,104.98348072307598,100.0,106.52777786111112,110.480549199085,110.44448509237219,118.518518518519,126.923076923077,0.763,0.751,0.705,0.849,144.181,56792.915,19.46,4704.0,98.0,34.0,83.1,2.0,2.0
2022.0,95.83333345833333,100.0,73.6418511066398,99.00087270830306,87.8787878787879,107.70655270655271,100.0,0.763,0.751,0.705,0.849,144.181,56792.915,19.46,4704.0,98.0,34.0,83.1,2.0,2.0
2023.0,125.0,61.9047619047619,84.83330327080324,76.271186440678,87.8787878787879,63.3333333333333,61.77257512796453,0.763,0.751,0.705,0.849,144.181,56792.915,19.46,4704.0,98.0,34.0,83.1,2.0,2.0
2024.0,85.50685425685425,126.9759485926655,150.6881313131313,145.45454554545452,155.263157894737,141.74107151190475,126.923076923077,0.763,0.751,0.705,0.849,144.181,56792.915,19.46,4704.0,98.0,34.0,83.1,2.0,2.0
2020.0,75.70932556349206,113.513513513514,95.51910361977174,87.1754878072813,98.8532110091743,85.2941176470588,113.4063143817545,0.753,0.751,0.676,0.849,676.805,68227.53,19.46,4704.0,98.0,34.0,68.9,0.0,7.0
2021.0,95.83333345833333,87.0967741935484,95.51910361977174,99.00087270830306,98.8532110091743,118.518518518519,113.4063143817545,0.753,0.751,0.676,0.849,676.805,68227.53,19.46,4704.0,98.0,34.0,68.9,0.0,7.0
2022.0,95.83333345833333,87.0967741935484,106.52777786111112,110.480549199085,121.38558201058203,107.70655270655271,100.0,0.753,0.751,0.676,0.849,676.805,68227.53,19.46,4704.0,98.0,34.0,68.9,0.0,7.0
2023.0,95.83333345833333,154.36868691035355,206.1069023569024,190.6240981240981,216.0195707070709,164.28571436904764,154.72222230555556,0.753,0.751,0.676,0.849,676.805,68227.53,19.46,4704.0,98.0,34.0,68.9,0.0,7.0
2024.0,125.0,100.0,106.52777786111112,122.08333358333336,98.8532110091743,107.70655270655271,100.0,0.753,0.751,0.676,0.849,676.805,68227.53,19.46,4704.0,98.0,34.0,68.9,0.0,7.0
2020.0,95.83333345833333,100.0,84.83330327080324,99.00087270830306,98.8532110091743,96.50389086358356,100.0,0.743,0.725,0.662,0.8705,144.181,56792.915,145.6,4704.0,33.0,34.0,97.9,1.0,16.0
2021.0,85.50685425685425,74.6815286624204,84.83330327080324,99.00087270830306,87.8787878787879,96.50389086358356,100.0,0.743,0.725,0.662,0.8705,144.181,56792.915,145.6,4704.0,33.0,34.0,97.9,1.0,16.0
2022.0,135.64380064380063,100.0,95.51910361977174,99.00087270830306,98.8532110091743,96.50389086358356,87.06016311118384,0.743,0.725,0.662,0.8705,144.181,56792.915,145.6,4704.0,33.0,34.0,97.9,1.0,16.0
2023.0,95.83333345833333,87.0967741935484,106.52777786111112,76.271186440678,98.8532110091743,85.2941176470588,87.06016311118384,0.743,0.725,0.662,0.8705,144.181,56792.915,145.6,4704.0,33.0,34.0,97.9,1.0,16.0
2024.0,104.98348072307598,113.513513513514,106.52777786111112,110.480549199085,110.44448509237219,118.518518518519,113.4063143817545,0.743,0.725,0.662,0.8705,144.181,56792.915,145.6,4704.0,33.0,34.0,97.9,1.0,16.0
2020.0,155.102040816327,100.0,84.83330327080324,76.271186440678,87.8787878787879,74.2857142857143,100.0,0.621,0.7,0.3875,0.886,144.181,45625.31,19.46,4704.0,98.0,34.0,22.9,0.0,7.0
2021.0,35.1909184726522,33.12500033333333,106.52777786111112,110.480549199085,110.44448509237219,107.70655270655271,100.0,0.621,0.7,0.3875,0.886,144.181,45625.31,19.46,4704.0,98.0,34.0,22.9,0.0,7.0
2022.0,46.1215513794482,22.916666833333323,106.52777786111112,110.480549199085,98.8532110091743,107.70655270655271,100.0,0.621,0.7,0.3875,0.886,144.181,45625.31,19.46,4704.0,98.0,34.0,22.9,0.0,7.0
2023.0,135.64380064380063,113.513513513514,117.6653439153439,110.480549199085,121.38558201058203,118.518518518519,113.4063143817545,0.621,0.7,0.3875,0.886,144.181,45625.31,19.46,4704.0,98.0,34.0,22.9,0.0,7.0
2024.0,104.98348072307598,100.0,95.51910361977174,99.00087270830306,98.8532110091743,96.50389086358356,100.0,0.621,0.7,0.3875,0.886,144.181,45625.31,19.46,4704.0,98.0,34.0,22.9,0.0,7.0
2020.0,75.70932556349206,179.27158489658487,140.824915824916,156.38888897222222,144.54365083531744,141.74107151190475,179.87103174603178,0.734,0.7,0.662,0.849,405.034,68227.53,19.46,4704.0,98.0,34.0,72.8,2.0,7.0
2021.0,46.1215513794482,61.9047619047619,95.51910361977174,87.1754878072813,98.8532110091743,96.50389086358356,87.06016311118384,0.734,0.7,0.662,0.849,405.034,68227.53,19.46,4704.0,98.0,34.0,72.8,2.0,7.0
2022.0,114.53373015873015,100.0,95.51910361977174,99.00087270830306,98.8532110091743,85.2941176470588,87.06016311118384,0.734,0.7,0.662,0.849,405.034,68227.53,19.46,4704.0,98.0,34.0,72.8,2.0,7.0
2023.0,95.83333345833333,154.36868691035355,150.6881313131313,190.6240981240981,155.263157894737,164.28571436904764,154.72222230555556,0.734,0.7,0.662,0.849,405.034,68227.53,19.46,4704.0,98.0,34.0,72.8,2.0,7.0
2024.0,104.98348072307598,126.9759485926655,117.6653439153439,122.08333358333336,110.44448509237219,131.21597458391912,126.923076923077,0.734,0.7,0.662,0.849,405.034,68227.53,19.46,4704.0,98.0,34.0,72.8,2.0,7.0
2020.0,25.972222722222217,48.95833354166667,39.9399399399399,31.6455696202532,41.66666704166666,41.277890466531446,49.355158896825394,0.621,0.658,0.438,0.817,144.181,36271.065,19.46,4704.0,98.0,34.0,7.3,1.0,8.0
2021.0,75.70932556349206,113.513513513514,28.1105856250365,31.6455696202532,29.166667208333333,30.000000149999998,32.91666683333333,0.621,0.658,0.438,0.817,144.181,36271.065,19.46,4704.0,98.0,34.0,7.3,1.0,8.0
2022.0,85.50685425685425,100.0,28.1105856250365,16.66666725,20.000000416666666,19.3548387096774,22.916666833333323,0.621,0.658,0.438,0.817,144.181,36271.065,19.46,4704.0,98.0,34.0,7.3,1.0,8.0
2023.0,104.98348072307598,22.916666833333323,28.1105856250365,16.66666725,29.166667208333333,19.3548387096774,22.916666833333323,0.621,0.658,0.438,0.817,144.181,36271.065,19.46,4704.0,98.0,34.0,7.3,1.0,8.0
2024.0,125.0,48.95833354166667,50.26348435761521,41.666667,52.77777802777778,53.125,49.355158896825394,0.621,0.658,0.438,0.817,144.181,36271.065,19.46,4704.0,98.0,34.0,7.3,1.0,8.0
2020.0,35.1909184726522,87.0967741935484,84.83330327080324,87.1754878072813,87.8787878787879,85.2941176470588,87.06016311118384,0.706,0.674,0.662,0.792,144.181,78182.4,19.46,4704.0,98.0,34.0,97.9,6.0,1.0
2021.0,46.1215513794482,87.0967741935484,73.6418511066398,76.271186440678,76.1904761904762,74.2857142857143,74.6913580246914,0.706,0.674,0.662,0.792,144.181,78182.4,19.46,4704.0,98.0,34.0,97.9,6.0,1.0
2022.0,46.1215513794482,61.9047619047619,95.51910361977174,99.00087270830306,110.44448509237219,96.50389086358356,100.0,0.706,0.674,0.662,0.792,144.181,78182.4,19.46,4704.0,98.0,34.0,97.9,6.0,1.0
2023.0,35.1909184726522,87.0967741935484,84.83330327080324,99.00087270830306,87.8787878787879,85.2941176470588,87.06016311118384,0.706,0.674,0.662,0.792,144.181,78182.4,19.46,4704.0,98.0,34.0,97.9,6.0,1.0
2024.0,65.69850288600288,100.0,106.52777786111112,99.00087270830306,110.44448509237219,96.50389086358356,100.0,0.706,0.674,0.662,0.792,144.181,78182.4,19.46,4704.0,98.0,34.0,97.9,6.0,1.0
2020.0,46.1215513794482,74.6815286624204,50.26348435761521,65.0,52.77777802777778,74.2857142857143,74.6913580246914,0.7244999999999999,0.734,0.62,0.849,144.181,27276.97,19.46,4704.0,98.0,34.0,97.9,1.0,7.0
2021.0,85.50685425685425,74.6815286624204,62.5,53.6144578313253,76.1904761904762,63.3333333333333,61.77257512796453,0.7244999999999999,0.734,0.62,0.849,144.181,27276.97,19.46,4704.0,98.0,34.0,97.9,1.0,7.0
2022.0,95.83333345833333,74.6815286624204,106.52777786111112,110.480549199085,110.44448509237219,96.50389086358356,100.0,0.7244999999999999,0.734,0.62,0.849,144.181,27276.97,19.46,4704.0,98.0,34.0,97.9,1.0,7.0
2023.0,95.83333345833333,113.513513513514,95.51910361977174,122.08333358333336,98.8532110091743,107.70655270655271,113.4063143817545,0.7244999999999999,0.734,0.62,0.849,144.181,27276.97,19.46,4704.0,98.0,34.0,97.9,1.0,7.0
2024.0,65.69850288600288,140.0,195.1388888888889,169.20093795093794,192.5925925925926,141.74107151190475,140.0,0.7244999999999999,0.734,0.62,0.849,144.181,27276.97,19.46,4704.0,98.0,34.0,97.9,1.0,7.0
2020.0,114.53373015873015,126.9759485926655,106.52777786111112,122.08333358333336,121.38558201058203,118.518518518519,126.923076923077,0.715,0.725,0.606,0.855,144.181,56792.915,19.46,4704.0,98.0,34.0,60.75,0.0,13.0
2021.0,85.50685425685425,87.0967741935484,84.83330327080324,99.00087270830306,87.8787878787879,96.50389086358356,87.06016311118384,0.715,0.725,0.606,0.855,144.181,56792.915,19.46,4704.0,98.0,34.0,60.75,0.0,13.0
2022.0,95.83333345833333,113.513513513514,62.5,65.0,76.1904761904762,63.3333333333333,61.77257512796453,0.715,0.725,0.606,0.855,144.181,56792.915,19.46,4704.0,98.0,34.0,60.75,0.0,13.0
2023.0,114.53373015873015,113.513513513514,117.6653439153439,133.5763890138889,132.142857142857,107.70655270655271,113.4063143817545,0.715,0.725,0.606,0.855,144.181,56792.915,19.46,4704.0,98.0,34.0,60.75,0.0,13.0
2024.0,85.50685425685425,126.9759485926655,129.16666675,145.45454554545452,144.54365083531744,118.518518518519,126.923076923077,0.715,0.725,0.606,0.855,144.181,56792.915,19.46,4704.0,98.0,34.0,60.75,0.0,13.0
2020.0,95.83333345833333,100.0,129.16666675,133.5763890138889,121.38558201058203,96.50389086358356,100.0,0.763,0.785,0.676,0.839,144.181,36271.065,19.46,4704.0,98.0,34.0,46.7,3.0,7.0
2021.0,85.50685425685425,113.513513513514,84.83330327080324,99.00087270830306,98.8532110091743,107.70655270655271,113.4063143817545,0.763,0.785,0.676,0.839,144.181,36271.065,19.46,4704.0,98.0,34.0,46.7,3.0,7.0
2022.0,75.70932556349206,87.0967741935484,95.51910361977174,87.1754878072813,87.8787878787879,96.50389086358356,100.0,0.763,0.785,0.676,0.839,144.181,36271.065,19.46,4704.0,98.0,34.0,46.7,3.0,7.0
2023.0,104.98348072307598,166.666666666667,184.857142857143,243.75,179.2857142857145,185.714285714286,166.666666666667,0.763,0.785,0.676,0.839,144.181,36271.065,19.46,4704.0,98.0,34.0,46.7,3.0,7.0
2024.0,85.50685425685425,100.0,95.51910361977174,99.00087270830306,98.8532110091743,96.50389086358356,100.0,0.763,0.785,0.676,0.839,144.181,36271.065,19.46,4704.0,98.0,34.0,46.7,3.0,7.0
2020.0,46.1215513794482,48.95833354166667,73.6418511066398,76.271186440678,65.15151533333334,63.3333333333333,49.355158896825394,0.763,0.776,0.676,0.834,144.181,56792.915,19.46,4704.0,98.0,34.0,60.75,2.0,4.0
2021.0,95.83333345833333,100.0,62.5,76.271186440678,65.15151533333334,74.2857142857143,74.6913580246914,0.763,0.776,0.676,0.834,144.181,56792.915,19.46,4704.0,98.0,34.0,60.75,2.0,4.0
2022.0,104.98348072307598,100.0,73.6418511066398,76.271186440678,65.15151533333334,74.2857142857143,74.6913580246914,0.763,0.776,0.676,0.834,144.181,56792.915,19.46,4704.0,98.0,34.0,60.75,2.0,4.0
2023.0,114.53373015873015,74.6815286624204,84.83330327080324,87.1754878072813,87.8787878787879,74.2857142857143,74.6913580246914,0.763,0.776,0.676,0.834,144.181,56792.915,19.46,4704.0,98.0,34.0,60.75,2.0,4.0
2024.0,104.98348072307598,87.0967741935484,106.52777786111112,87.1754878072813,98.8532110091743,85.2941176470588,87.06016311118384,0.763,0.776,0.676,0.834,144.181,56792.915,19.46,4704.0,98.0,34.0,60.75,2.0,4.0
2020.0,75.70932556349206,100.0,106.52777786111112,110.480549199085,110.44448509237219,96.50389086358356,100.0,0.743,0.734,0.662,0.849,405.034,78182.4,19.46,4704.0,98.0,34.0,72.8,2.0,7.0
2021.0,85.50685425685425,100.0,117.6653439153439,99.00087270830306,98.8532110091743,85.2941176470588,87.06016311118384,0.743,0.734,0.662,0.849,405.034,78182.4,19.46,4704.0,98.0,34.0,72.8,2.0,7.0
2022.0,75.70932556349206,100.0,106.52777786111112,110.480549199085,110.44448509237219,118.518518518519,113.4063143817545,0.743,0.734,0.662,0.849,405.034,78182.4,19.46,4704.0,98.0,34.0,72.8,2.0,7.0
2023.0,145.2422175777439,179.27158489658487,140.824915824916,145.45454554545452,155.263157894737,175.52778920425976,179.87103174603178,0.743,0.734,0.662,0.849,405.034,78182.4,19.46,4704.0,98.0,34.0,72.8,2.0,7.0
2024.0,85.50685425685425,113.513513513514,117.6653439153439,110.480549199085,121.38558201058203,107.70655270655271,113.4063143817545,0.743,0.734,0.662,0.849,405.034,78182.4,19.46,4704.0,98.0,34.0,72.8,2.0,7.0
2020.0,65.69850288600288,74.6815286624204,73.6418511066398,87.1754878072813,76.1904761904762,74.2857142857143,74.6913580246914,0.753,0.725,0.662,0.886,144.181,45625.31,19.46,4704.0,98.0,34.0,75.7,0.0,4.0
2021.0,85.50685425685425,48.95833354166667,117.6653439153439,110.480549199085,121.38558201058203,118.518518518519,113.4063143817545,0.753,0.725,0.662,0.886,144.181,45625.31,19.46,4704.0,98.0,34.0,75.7,0.0,4.0
2022.0,135.64380064380063,100.0,73.6418511066398,76.271186440678,76.1904761904762,85.2941176470588,87.06016311118384,0.753,0.725,0.662,0.886,144.181,45625.31,19.46,4704.0,98.0,34.0,75.7,0.0,4.0
2023.0,145.2422175777439,74.6815286624204,106.52777786111112,99.00087270830306,110.44448509237219,74.2857142857143,74.6913580246914,0.753,0.725,0.662,0.886,144.181,45625.31,19.46,4704.0,98.0,34.0,75.7,0.0,4.0
2024.0,75.70932556349206,74.6815286624204,73.6418511066398,76.271186440678,76.1904761904762,74.2857142857143,74.6913580246914,0.753,0.725,0.662,0.886,144.181,45625.31,19.46,4704.0,98.0,34.0,75.7,0.0,4.0
2020.0,95.83333345833333,113.513513513514,84.83330327080324,76.271186440678,87.8787878787879,118.518518518519,113.4063143817545,0.697,0.7,0.534,0.886,144.181,45625.31,19.46,4704.0,98.0,34.0,20.6,3.0,2.0
2021.0,114.53373015873015,126.9759485926655,95.51910361977174,99.00087270830306,98.8532110091743,107.70655270655271,100.0,0.697,0.7,0.534,0.886,144.181,45625.31,19.46,4704.0,98.0,34.0,20.6,3.0,2.0
2022.0,65.69850288600288,100.0,129.16666675,122.08333358333336,132.142857142857,96.50389086358356,100.0,0.697,0.7,0.534,0.886,144.181,45625.31,19.46,4704.0,98.0,34.0,20.6,3.0,2.0
2023.0,125.0,140.0,129.16666675,156.38888897222222,144.54365083531744,141.74107151190475,140.0,0.697,0.7,0.534,0.886,144.181,45625.31,19.46,4704.0,98.0,34.0,20.6,3.0,2.0
2024.0,125.0,113.513513513514,84.83330327080324,110.480549199085,87.8787878787879,107.70655270655271,113.4063143817545,0.697,0.7,0.534,0.886,144.181,45625.31,19.46,4704.0,98.0,34.0,20.6,3.0,2.0
2020.0,104.98348072307598,126.9759485926655,129.16666675,133.5763890138889,121.38558201058203,131.21597458391912,126.923076923077,0.743,0.805,0.62,0.839,144.181,68227.53,19.46,4704.0,98.0,34.0,42.9,0.0,7.0
2021.0,145.2422175777439,154.36868691035355,106.52777786111112,99.00087270830306,98.8532110091743,96.50389086358356,100.0,0.743,0.805,0.62,0.839,144.181,68227.53,19.46,4704.0,98.0,34.0,42.9,0.0,7.0
2022.0,125.0,113.513513513514,95.51910361977174,99.00087270830306,98.8532110091743,96.50389086358356,100.0,0.743,0.805,0.62,0.839,144.181,68227.53,19.46,4704.0,98.0,34.0,42.9,0.0,7.0
2023.0,114.53373015873015,113.513513513514,106.52777786111112,87.1754878072813,98.8532110091743,118.518518518519,113.4063143817545,0.743,0.805,0.62,0.839,144.181,68227.53,19.46,4704.0,98.0,34.0,42.9,0.0,7.0
2024.0,104.98348072307598,140.0,140.824915824916,133.5763890138889,144.54365083531744,141.74107151190475,140.0,0.743,0.805,0.62,0.839,144.181,68227.53,19.46,4704.0,98.0,34.0,42.9,0.0,7.0
2020.0,125.0,126.9759485926655,106.52777786111112,110.480549199085,110.44448509237219,107.70655270655271,126.923076923077,0.743,0.7945,0.606,0.849,144.181,45625.31,19.46,4704.0,98.0,34.0,57.45,2.0,1.0
2021.0,65.69850288600288,74.6815286624204,50.26348435761521,65.0,52.77777802777778,53.125,49.355158896825394,0.743,0.7945,0.606,0.849,144.181,45625.31,19.46,4704.0,98.0,34.0,57.45,2.0,1.0
2022.0,46.1215513794482,33.12500033333333,106.52777786111112,110.480549199085,110.44448509237219,96.50389086358356,100.0,0.743,0.7945,0.606,0.849,144.181,45625.31,19.46,4704.0,98.0,34.0,57.45,2.0,1.0
2023.0,85.50685425685425,126.9759485926655,117.6653439153439,133.5763890138889,121.38558201058203,131.21597458391912,126.923076923077,0.743,0.7945,0.606,0.849,144.181,45625.31,19.46,4704.0,98.0,34.0,57.45,2.0,1.0
2024.0,25.972222722222217,126.9759485926655,129.16666675,122.08333358333336,121.38558201058203,131.21597458391912,126.923076923077,0.743,0.7945,0.606,0.849,144.181,45625.31,19.46,4704.0,98.0,34.0,57.45,2.0,1.0
2020.0,85.50685425685425,179.27158489658487,215.0462962962963,203.25396825396825,223.076923076923,185.714285714286,179.87103174603178,0.667,0.666,0.548,0.8015000000000001,405.034,68227.53,19.46,4704.0,98.0,34.0,72.8,0.0,8.0
2021.0,55.9503105590062,87.0967741935484,129.16666675,145.45454554545452,132.142857142857,131.21597458391912,126.923076923077,0.667,0.666,0.548,0.8015000000000001,405.034,68227.53,19.46,4704.0,98.0,34.0,72.8,0.0,8.0
2022.0,104.98348072307598,87.0967741935484,95.51910361977174,99.00087270830306,87.8787878787879,96.50389086358356,100.0,0.667,0.666,0.548,0.8015000000000001,405.034,68227.53,19.46,4704.0,98.0,34.0,72.8,0.0,8.0
2023.0,155.102040816327,22.916666833333323,39.9399399399399,6.666666666666666e-07,41.66666704166666,30.000000149999998,22.916666833333323,0.667,0.666,0.548,0.8015000000000001,405.034,68227.53,19.46,4704.0,98.0,34.0,72.8,0.0,8.0
2024.0,65.69850288600288,22.916666833333323,28.1105856250365,16.66666725,29.166667208333333,30.000000149999998,22.916666833333323,0.667,0.666,0.548,0.8015000000000001,405.034,68227.53,19.46,4704.0,98.0,34.0,72.8,0.0,8.0
2020.0,75.70932556349206,74.6815286624204,95.51910361977174,99.00087270830306,87.8787878787879,74.2857142857143,74.6913580246914,0.7244999999999999,0.767,0.606,0.834,144.181,36271.065,19.46,4704.0,98.0,34.0,60.75,4.0,2.0
2021.0,75.70932556349206,126.9759485926655,106.52777786111112,110.480549199085,132.142857142857,141.74107151190475,154.72222230555556,0.7244999999999999,0.767,0.606,0.834,144.181,36271.065,19.46,4704.0,98.0,34.0,60.75,4.0,2.0
2022.0,95.83333345833333,61.9047619047619,140.824915824916,145.45454554545452,144.54365083531744,107.70655270655271,113.4063143817545,0.7244999999999999,0.767,0.606,0.834,144.181,36271.065,19.46,4704.0,98.0,34.0,60.75,4.0,2.0
2023.0,104.98348072307598,166.666666666667,117.6653439153439,110.480549199085,98.8532110091743,164.28571436904764,166.666666666667,0.7244999999999999,0.767,0.606,0.834,144.181,36271.065,19.46,4704.0,98.0,34.0,60.75,4.0,2.0
2024.0,85.50685425685425,126.9759485926655,62.5,87.1754878072813,76.1904761904762,107.70655270655271,126.923076923077,0.7244999999999999,0.767,0.606,0.834,144.181,36271.065,19.46,4704.0,98.0,34.0,60.75,4.0,2.0
2020.0,95.83333345833333,100.0,95.51910361977174,87.1754878072813,98.8532110091743,96.50389086358356,100.0,0.743,0.767,0.633,0.834,144.181,56792.915,19.46,4704.0,98.0,34.0,54.1,4.0,7.0
2021.0,65.69850288600288,87.0967741935484,84.83330327080324,87.1754878072813,76.1904761904762,74.2857142857143,74.6913580246914,0.743,0.767,0.633,0.834,144.181,56792.915,19.46,4704.0,98.0,34.0,54.1,4.0,7.0
2022.0,75.70932556349206,100.0,39.9399399399399,41.666667,41.66666704166666,41.277890466531446,32.91666683333333,0.743,0.767,0.633,0.834,144.181,56792.915,19.46,4704.0,98.0,34.0,54.1,4.0,7.0
2023.0,104.98348072307598,61.9047619047619,73.6418511066398,65.0,65.15151533333334,53.125,61.77257512796453,0.743,0.767,0.633,0.834,144.181,56792.915,19.46,4704.0,98.0,34.0,54.1,4.0,7.0
2024.0,95.83333345833333,74.6815286624204,84.83330327080324,76.271186440678,87.8787878787879,74.2857142857143,74.6913580246914,0.743,0.767,0.633,0.834,144.181,56792.915,19.46,4704.0,98.0,34.0,54.1,4.0,7.0
2020.0,65.69850288600288,87.0967741935484,95.51910361977174,87.1754878072813,98.8532110091743,85.2941176470588,87.06016311118384,0.706,0.692,0.591,0.866,405.034,130995.01,19.46,4704.0,98.0,34.0,64.75,0.0,7.0
2021.0,55.9503105590062,74.6815286624204,95.51910361977174,87.1754878072813,87.8787878787879,85.2941176470588,87.06016311118384,0.706,0.692,0.591,0.866,405.034,130995.01,19.46,4704.0,98.0,34.0,64.75,0.0,7.0
2022.0,75.70932556349206,87.0967741935484,95.51910361977174,99.00087270830306,98.8532110091743,96.50389086358356,87.06016311118384,0.706,0.692,0.591,0.866,405.034,130995.01,19.46,4704.0,98.0,34.0,64.75,0.0,7.0
2023.0,75.70932556349206,100.0,129.16666675,122.08333358333336,132.142857142857,107.70655270655271,100.0,0.706,0.692,0.591,0.866,405.034,130995.01,19.46,4704.0,98.0,34.0,64.75,0.0,7.0
2024.0,55.9503105590062,113.513513513514,117.6653439153439,99.00087270830306,121.38558201058203,107.70655270655271,113.4063143817545,0.706,0.692,0.591,0.866,405.034,130995.01,19.46,4704.0,98.0,34.0,64.75,0.0,7.0
2020.0,95.83333345833333,100.0,62.5,65.0,76.1904761904762,96.50389086358356,100.0,0.715,0.7,0.62,0.834,405.034,36271.065,19.46,4704.0,98.0,34.0,54.1,2.0,6.0
2021.0,95.83333345833333,87.0967741935484,129.16666675,122.08333358333336,121.38558201058203,131.21597458391912,126.923076923077,0.715,0.7,0.62,0.834,405.034,36271.065,19.46,4704.0,98.0,34.0,54.1,2.0,6.0
2022.0,104.98348072307598,100.0,73.6418511066398,87.1754878072813,87.8787878787879,63.3333333333333,61.77257512796453,0.715,0.7,0.62,0.834,405.034,36271.065,19.46,4704.0,98.0,34.0,54.1,2.0,6.0
2023.0,125.0,74.6815286624204,50.26348435761521,53.6144578313253,52.77777802777778,74.2857142857143,74.6913580246914,0.715,0.7,0.62,0.834,405.034,36271.065,19.46,4704.0,98.0,34.0,54.1,2.0,6.0
2024.0,85.50685425685425,48.95833354166667,19.848485193181816,31.6455696202532,20.000000416666666,53.125,49.355158896825394,0.715,0.7,0.62,0.834,405.034,36271.065,19.46,4704.0,98.0,34.0,54.1,2.0,6.0
2020.0,75.70932556349206,140.0,140.824915824916,110.480549199085,144.54365083531744,131.21597458391912,140.0,0.65,0.692,0.4765,0.828,676.805,36271.065,19.46,4704.0,98.0,34.0,68.9,1.0,11.0
2021.0,75.70932556349206,61.9047619047619,73.6418511066398,65.0,65.15151533333334,85.2941176470588,87.06016311118384,0.65,0.692,0.4765,0.828,676.805,36271.065,19.46,4704.0,98.0,34.0,68.9,1.0,11.0
2022.0,75.70932556349206,61.9047619047619,106.52777786111112,110.480549199085,110.44448509237219,107.70655270655271,100.0,0.65,0.692,0.4765,0.828,676.805,36271.065,19.46,4704.0,98.0,34.0,68.9,1.0,11.0
2023.0,125.0,100.0,129.16666675,122.08333358333336,110.44448509237219,107.70655270655271,100.0,0.65,0.692,0.4765,0.828,676.805,36271.065,19.46,4704.0,98.0,34.0,68.9,1.0,11.0
2024.0,104.98348072307598,113.513513513514,106.52777786111112,110.480549199085,98.8532110091743,107.70655270655271,113.4063143817545,0.65,0.692,0.4765,0.828,676.805,36271.065,19.46,4704.0,98.0,34.0,68.9,1.0,11.0
2020.0,85.50685425685425,113.513513513514,106.52777786111112,110.480549199085,121.38558201058203,85.2941176470588,113.4063143817545,0.66,0.639,0.548,0.828,144.181,36271.065,19.46,4704.0,98.0,34.0,46.7,0.0,13.0
2021.0,95.83333345833333,113.513513513514,84.83330327080324,87.1754878072813,76.1904761904762,85.2941176470588,74.6913580246914,0.66,0.639,0.548,0.828,144.181,36271.065,19.46,4704.0,98.0,34.0,46.7,0.0,13.0
2022.0,75.70932556349206,61.9047619047619,84.83330327080324,87.1754878072813,87.8787878787879,85.2941176470588,87.06016311118384,0.66,0.639,0.548,0.828,144.181,36271.065,19.46,4704.0,98.0,34.0,46.7,0.0,13.0
2023.0,95.83333345833333,113.513513513514,106.52777786111112,110.480549199085,98.8532110091743,118.518518518519,113.4063143817545,0.66,0.639,0.548,0.828,144.181,36271.065,19.46,4704.0,98.0,34.0,46.7,0.0,13.0
2024.0,135.64380064380063,126.9759485926655,117.6653439153439,122.08333358333336,121.38558201058203,131.21597458391912,126.923076923077,0.66,0.639,0.548,0.828,144.181,36271.065,19.46,4704.0,98.0,34.0,46.7,0.0,13.0
2020.0,55.9503105590062,100.0,95.51910361977174,99.00087270830306,87.8787878787879,107.70655270655271,100.0,0.753,0.751,0.646,0.86,1228.91,78182.4,19.46,62543.0,33.0,428.5,97.9,2.0,2.0
2021.0,145.2422175777439,74.6815286624204,84.83330327080324,87.1754878072813,87.8787878787879,85.2941176470588,87.06016311118384,0.753,0.751,0.646,0.86,1228.91,78182.4,19.46,62543.0,33.0,428.5,97.9,2.0,2.0
2022.0,114.53373015873015,100.0,95.51910361977174,110.480549199085,98.8532110091743,107.70655270655271,100.0,0.753,0.751,0.646,0.86,1228.91,78182.4,19.46,62543.0,33.0,428.5,97.9,2.0,2.0
2023.0,65.69850288600288,126.9759485926655,117.6653439153439,122.08333358333336,121.38558201058203,118.518518518519,126.923076923077,0.753,0.751,0.646,0.86,1228.91,78182.4,19.46,62543.0,33.0,428.5,97.9,2.0,2.0
2024.0,114.53373015873015,193.333333333333,206.1069023569024,203.25396825396825,200.0,197.5049603174603,193.8074194324195,0.753,0.751,0.646,0.86,1228.91,78182.4,19.46,62543.0,33.0,428.5,97.9,2.0,2.0
2020.0,55.9503105590062,74.6815286624204,28.1105856250365,53.6144578313253,41.66666704166666,53.125,74.6913580246914,0.715,0.725,0.606,0.849,144.181,68227.53,19.46,4704.0,98.0,428.5,27.3,0.0,2.0
2021.0,166.18882275132276,113.513513513514,62.5,65.0,65.15151533333334,53.125,61.77257512796453,0.715,0.725,0.606,0.849,144.181,68227.53,19.46,4704.0,98.0,428.5,27.3,0.0,2.0
2022.0,65.69850288600288,61.9047619047619,50.26348435761521,53.6144578313253,52.77777802777778,63.3333333333333,61.77257512796453,0.715,0.725,0.606,0.849,144.181,68227.53,19.46,4704.0,98.0,428.5,27.3,0.0,2.0
2023.0,104.98348072307598,140.0,129.16666675,145.45454554545452,132.142857142857,154.78670634920644,140.0,0.715,0.725,0.606,0.849,144.181,68227.53,19.46,4704.0,98.0,428.5,27.3,0.0,2.0
2024.0,114.53373015873015,100.0,106.52777786111112,99.00087270830306,110.44448509237219,96.50389086358356,100.0,0.715,0.725,0.606,0.849,144.181,68227.53,19.46,4704.0,98.0,428.5,27.3,0.0,2.0
2020.0,192.5,126.9759485926655,117.6653439153439,133.5763890138889,110.44448509237219,107.70655270655271,126.923076923077,0.7244999999999999,0.743,0.606,0.834,144.181,56792.915,19.46,4704.0,98.0,34.0,64.75,3.0,2.0
2021.0,65.69850288600288,100.0,95.51910361977174,87.1754878072813,98.8532110091743,107.70655270655271,113.4063143817545,0.7244999999999999,0.743,0.606,0.834,144.181,56792.915,19.46,4704.0,98.0,34.0,64.75,3.0,2.0
2022.0,75.70932556349206,74.6815286624204,73.6418511066398,76.271186440678,76.1904761904762,63.3333333333333,61.77257512796453,0.7244999999999999,0.743,0.606,0.834,144.181,56792.915,19.46,4704.0,98.0,34.0,64.75,3.0,2.0
2023.0,135.64380064380063,113.513513513514,129.16666675,145.45454554545452,121.38558201058203,118.518518518519,113.4063143817545,0.7244999999999999,0.743,0.606,0.834,144.181,56792.915,19.46,4704.0,98.0,34.0,64.75,3.0,2.0
2024.0,85.50685425685425,100.0,106.52777786111112,122.08333358333336,98.8532110091743,107.70655270655271,100.0,0.7244999999999999,0.743,0.606,0.834,144.181,56792.915,19.46,4704.0,98.0,34.0,64.75,3.0,2.0
2020.0,25.972222722222217,87.0967741935484,95.51910361977174,87.1754878072813,87.8787878787879,96.50389086358356,87.06016311118384,0.7244999999999999,0.717,0.633,0.855,144.181,56792.915,19.46,4704.0,98.0,34.0,35.4,2.0,2.0
2021.0,85.50685425685425,74.6815286624204,73.6418511066398,76.271186440678,87.8787878787879,74.2857142857143,74.6913580246914,0.7244999999999999,0.717,0.633,0.855,144.181,56792.915,19.46,4704.0,98.0,34.0,35.4,2.0,2.0
2022.0,85.50685425685425,126.9759485926655,106.52777786111112,110.480549199085,110.44448509237219,107.70655270655271,100.0,0.7244999999999999,0.717,0.633,0.855,144.181,56792.915,19.46,4704.0,98.0,34.0,35.4,2.0,2.0
2023.0,95.83333345833333,113.513513513514,106.52777786111112,99.00087270830306,110.44448509237219,118.518518518519,113.4063143817545,0.7244999999999999,0.717,0.633,0.855,144.181,56792.915,19.46,4704.0,98.0,34.0,35.4,2.0,2.0
2024.0,135.64380064380063,113.513513513514,129.16666675,122.08333358333336,132.142857142857,118.518518518519,113.4063143817545,0.7244999999999999,0.717,0.633,0.855,144.181,56792.915,19.46,4704.0,98.0,34.0,35.4,2.0,2.0
2020.0,192.5,113.513513513514,129.16666675,133.5763890138889,132.142857142857,131.21597458391912,113.4063143817545,0.763,0.743,0.6895,0.8705,144.181,45625.31,19.46,4704.0,98.0,34.0,57.45,0.0,0.0
2021.0,35.1909184726522,87.0967741935484,117.6653439153439,122.08333358333336,121.38558201058203,107.70655270655271,74.6913580246914,0.763,0.743,0.6895,0.8705,144.181,45625.31,19.46,4704.0,98.0,34.0,57.45,0.0,0.0
2022.0,65.69850288600288,140.0,106.52777786111112,110.480549199085,110.44448509237219,107.70655270655271,100.0,0.763,0.743,0.6895,0.8705,144.181,45625.31,19.46,4704.0,98.0,34.0,57.45,0.0,0.0
2023.0,55.9503105590062,126.9759485926655,129.16666675,122.08333358333336,132.142857142857,118.518518518519,126.923076923077,0.763,0.743,0.6895,0.8705,144.181,45625.31,19.46,4704.0,98.0,34.0,57.45,0.0,0.0
2024.0,55.9503105590062,87.0967741935484,84.83330327080324,87.1754878072813,87.8787878787879,85.2941176470588,87.06016311118384,0.763,0.743,0.6895,0.8705,144.181,45625.31,19.46,4704.0,98.0,34.0,57.45,0.0,0.0
2020.0,104.98348072307598,166.666666666667,106.52777786111112,122.08333358333336,110.44448509237219,131.21597458391912,166.666666666667,0.706,0.666,0.633,0.843,405.034,45625.31,19.46,4704.0,98.0,34.0,42.9,0.0,2.0
2021.0,104.98348072307598,126.9759485926655,140.824915824916,133.5763890138889,132.142857142857,118.518518518519,113.4063143817545,0.706,0.666,0.633,0.843,405.034,45625.31,19.46,4704.0,98.0,34.0,42.9,0.0,2.0
2022.0,95.83333345833333,113.513513513514,50.26348435761521,65.0,52.77777802777778,63.3333333333333,61.77257512796453,0.706,0.666,0.633,0.843,405.034,45625.31,19.46,4704.0,98.0,34.0,42.9,0.0,2.0
2023.0,125.0,48.95833354166667,19.848485193181816,41.666667,20.000000416666666,41.277890466531446,49.355158896825394,0.706,0.666,0.633,0.843,405.034,45625.31,19.46,4704.0,98.0,34.0,42.9,0.0,2.0
2024.0,104.98348072307598,61.9047619047619,106.52777786111112,99.00087270830306,98.8532110091743,53.125,61.77257512796453,0.706,0.666,0.633,0.843,405.034,45625.31,19.46,4704.0,98.0,34.0,42.9,0.0,2.0
2020.0,35.1909184726522,113.513513513514,106.52777786111112,99.00087270830306,98.8532110091743,107.70655270655271,113.4063143817545,0.66,0.626,0.548,0.807,144.181,27276.97,19.46,4704.0,98.0,34.0,27.3,2.0,7.0
2021.0,125.0,126.9759485926655,95.51910361977174,110.480549199085,110.44448509237219,107.70655270655271,100.0,0.66,0.626,0.548,0.807,144.181,27276.97,19.46,4704.0,98.0,34.0,27.3,2.0,7.0
2022.0,125.0,126.9759485926655,84.83330327080324,87.1754878072813,87.8787878787879,85.2941176470588,74.6913580246914,0.66,0.626,0.548,0.807,144.181,27276.97,19.46,4704.0,98.0,34.0,27.3,2.0,7.0
2023.0,35.1909184726522,126.9759485926655,129.16666675,133.5763890138889,121.38558201058203,131.21597458391912,126.923076923077,0.66,0.626,0.548,0.807,144.181,27276.97,19.46,4704.0,98.0,34.0,27.3,2.0,7.0
2024.0,25.972222722222217,140.0,140.824915824916,133.5763890138889,121.38558201058203,141.74107151190475,140.0,0.66,0.626,0.548,0.807,144.181,27276.97,19.46,4704.0,98.0,34.0,27.3,2.0,7.0
2020.0,75.70932556349206,100.0,95.51910361977174,99.00087270830306,98.8532110091743,107.70655270655271,100.0,0.65,0.682,0.461,0.866,676.805,68227.53,19.46,4704.0,98.0,34.0,38.9,5.0,2.0
2021.0,35.1909184726522,140.0,84.83330327080324,99.00087270830306,87.8787878787879,85.2941176470588,87.06016311118384,0.65,0.682,0.461,0.866,676.805,68227.53,19.46,4704.0,98.0,34.0,38.9,5.0,2.0
2022.0,46.1215513794482,100.0,140.824915824916,133.5763890138889,155.263157894737,141.74107151190475,140.0,0.65,0.682,0.461,0.866,676.805,68227.53,19.46,4704.0,98.0,34.0,38.9,5.0,2.0
2023.0,104.98348072307598,74.6815286624204,84.83330327080324,87.1754878072813,87.8787878787879,74.2857142857143,74.6913580246914,0.65,0.682,0.461,0.866,676.805,68227.53,19.46,4704.0,98.0,34.0,38.9,5.0,2.0
2024.0,95.83333345833333,140.0,172.91666670833334,145.45454554545452,155.263157894737,107.70655270655271,140.0,0.65,0.682,0.461,0.866,676.805,68227.53,19.46,4704.0,98.0,34.0,38.9,5.0,2.0
2020.0,75.70932556349206,87.0967741935484,84.83330327080324,99.00087270830306,87.8787878787879,74.2857142857143,87.06016311118384,0.743,0.761,0.633,0.849,144.181,88848.11,464.49,4704.0,98.0,34.0,97.9,1.0,7.0
2021.0,85.50685425685425,87.0967741935484,129.16666675,133.5763890138889,132.142857142857,131.21597458391912,126.923076923077,0.743,0.761,0.633,0.849,144.181,88848.11,464.49,4704.0,98.0,34.0,97.9,1.0,7.0
2022.0,85.50685425685425,74.6815286624204,95.51910361977174,110.480549199085,98.8532110091743,107.70655270655271,113.4063143817545,0.743,0.761,0.633,0.849,144.181,88848.11,464.49,4704.0,98.0,34.0,97.9,1.0,7.0
2023.0,95.83333345833333,140.0,117.6653439153439,145.45454554545452,121.38558201058203,141.74107151190475,140.0,0.743,0.761,0.633,0.849,144.181,88848.11,464.49,4704.0,98.0,34.0,97.9,1.0,7.0
2024.0,75.70932556349206,100.0,106.52777786111112,99.00087270830306,98.8532110091743,96.50389086358356,100.0,0.743,0.761,0.633,0.849,144.181,88848.11,464.49,4704.0,98.0,34.0,97.9,1.0,7.0
2020.0,25.972222722222217,100.0,95.51910361977174,110.480549199085,98.8532110091743,118.518518518519,100.0,0.667,0.646,0.591,0.7955000000000001,144.181,56792.915,19.46,4704.0,98.0,34.0,54.1,0.0,2.0
2021.0,114.53373015873015,87.0967741935484,129.16666675,122.08333358333336,132.142857142857,131.21597458391912,126.923076923077,0.667,0.646,0.591,0.7955000000000001,144.181,56792.915,19.46,4704.0,98.0,34.0,54.1,0.0,2.0
2022.0,75.70932556349206,100.0,129.16666675,133.5763890138889,132.142857142857,131.21597458391912,126.923076923077,0.667,0.646,0.591,0.7955000000000001,144.181,56792.915,19.46,4704.0,98.0,34.0,54.1,0.0,2.0
2023.0,46.1215513794482,100.0,39.9399399399399,65.0,41.66666704166666,118.518518518519,100.0,0.667,0.646,0.591,0.7955000000000001,144.181,56792.915,19.46,4704.0,98.0,34.0,54.1,0.0,2.0
2024.0,46.1215513794482,33.12500033333333,62.5,53.6144578313253,65.15151533333334,30.000000149999998,32.91666683333333,0.667,0.646,0.591,0.7955000000000001,144.181,56792.915,19.46,4704.0,98.0,34.0,54.1,0.0,2.0
2020.0,95.83333345833333,113.513513513514,117.6653439153439,99.00087270830306,98.8532110091743,118.518518518519,113.4063143817545,0.753,0.776,0.676,0.839,144.181,56792.915,19.46,4704.0,98.0,34.0,54.1,3.0,2.0
2021.0,46.1215513794482,74.6815286624204,129.16666675,133.5763890138889,144.54365083531744,131.21597458391912,140.0,0.753,0.776,0.676,0.839,144.181,56792.915,19.46,4704.0,98.0,34.0,54.1,3.0,2.0
2022.0,125.0,113.513513513514,106.52777786111112,110.480549199085,110.44448509237219,96.50389086358356,100.0,0.753,0.776,0.676,0.839,144.181,56792.915,19.46,4704.0,98.0,34.0,54.1,3.0,2.0
2023.0,95.83333345833333,48.95833354166667,106.52777786111112,99.00087270830306,110.44448509237219,63.3333333333333,49.355158896825394,0.753,0.776,0.676,0.839,144.181,56792.915,19.46,4704.0,98.0,34.0,54.1,3.0,2.0
2024.0,95.83333345833333,113.513513513514,95.51910361977174,87.1754878072813,87.8787878787879,107.70655270655271,113.4063143817545,0.753,0.776,0.676,0.839,144.181,56792.915,19.46,4704.0,98.0,34.0,54.1,3.0,2.0
2020.0,85.50685425685425,100.0,73.6418511066398,99.00087270830306,76.1904761904762,74.2857142857143,100.0,0.587,0.6315,0.3875,0.817,1228.91,36271.065,19.46,4704.0,98.0,34.0,27.3,1.0,15.0
2021.0,46.1215513794482,61.9047619047619,84.83330327080324,87.1754878072813,87.8787878787879,85.2941176470588,87.06016311118384,0.587,0.6315,0.3875,0.817,1228.91,36271.065,19.46,4704.0,98.0,34.0,27.3,1.0,15.0
2022.0,55.9503105590062,61.9047619047619,73.6418511066398,76.271186440678,76.1904761904762,74.2857142857143,74.6913580246914,0.587,0.6315,0.3875,0.817,1228.91,36271.065,19.46,4704.0,98.0,34.0,27.3,1.0,15.0
2023.0,145.2422175777439,100.0,106.52777786111112,99.00087270830306,98.8532110091743,96.50389086358356,100.0,0.587,0.6315,0.3875,0.817,1228.91,36271.065,19.46,4704.0,98.0,34.0,27.3,1.0,15.0
2024.0,114.53373015873015,100.0,95.51910361977174,99.00087270830306,98.8532110091743,96.50389086358356,87.06016311118384,0.587,0.6315,0.3875,0.817,1228.91,36271.065,19.46,4704.0,98.0,34.0,27.3,1.0,15.0
2020.0,85.50685425685425,154.36868691035355,84.83330327080324,110.480549199085,98.8532110091743,131.21597458391912,154.72222230555556,0.706,0.717,0.591,0.849,5200.514,56792.915,19.46,4704.0,98.0,34.0,90.5,6.0,7.0
2021.0,85.50685425685425,87.0967741935484,73.6418511066398,76.271186440678,76.1904761904762,74.2857142857143,74.6913580246914,0.706,0.717,0.591,0.849,5200.514,56792.915,19.46,4704.0,98.0,34.0,90.5,6.0,7.0
2022.0,85.50685425685425,87.0967741935484,106.52777786111112,99.00087270830306,110.44448509237219,107.70655270655271,113.4063143817545,0.706,0.717,0.591,0.849,5200.514,56792.915,19.46,4704.0,98.0,34.0,90.5,6.0,7.0
2023.0,85.50685425685425,100.0,129.16666675,110.480549199085,121.38558201058203,107.70655270655271,100.0,0.706,0.717,0.591,0.849,5200.514,56792.915,19.46,4704.0,98.0,34.0,90.5,6.0,7.0
2024.0,95.83333345833333,61.9047619047619,117.6653439153439,65.0,121.38558201058203,63.3333333333333,61.77257512796453,0.706,0.717,0.591,0.849,5200.514,56792.915,19.46,4704.0,98.0,34.0,90.5,6.0,7.0
2020.0,65.69850288600288,74.6815286624204,62.5,65.0,65.15151533333334,63.3333333333333,74.6913580246914,0.687,0.7,0.576,0.822,144.181,36271.065,19.46,4704.0,98.0,34.0,42.9,1.0,2.0
2021.0,2.63157894736842,100.0,117.6653439153439,110.480549199085,121.38558201058203,85.2941176470588,87.06016311118384,0.687,0.7,0.576,0.822,144.181,36271.065,19.46,4704.0,98.0,34.0,42.9,1.0,2.0
2022.0,25.972222722222217,126.9759485926655,84.83330327080324,87.1754878072813,87.8787878787879,96.50389086358356,100.0,0.687,0.7,0.576,0.822,144.181,36271.065,19.46,4704.0,98.0,34.0,42.9,1.0,2.0
2023.0,104.98348072307598,87.0967741935484,84.83330327080324,76.271186440678,87.8787878787879,96.50389086358356,87.06016311118384,0.687,0.7,0.576,0.822,144.181,36271.065,19.46,4704.0,98.0,34.0,42.9,1.0,2.0
2024.0,85.50685425685425,113.513513513514,84.83330327080324,87.1754878072813,76.1904761904762,118.518518518519,113.4063143817545,0.687,0.7,0.576,0.822,144.181,36271.065,19.46,4704.0,98.0,34.0,42.9,1.0,2.0
2020.0,55.9503105590062,126.9759485926655,106.52777786111112,110.480549199085,110.44448509237219,107.70655270655271,126.923076923077,0.697,0.717,0.563,0.834,144.181,36271.065,19.46,4704.0,98.0,34.0,64.75,5.0,2.0
2021.0,2.63157894736842,22.916666833333323,50.26348435761521,53.6144578313253,52.77777802777778,53.125,61.77257512796453,0.697,0.717,0.563,0.834,144.181,36271.065,19.46,4704.0,98.0,34.0,64.75,5.0,2.0
2022.0,75.70932556349206,48.95833354166667,62.5,65.0,65.15151533333334,63.3333333333333,61.77257512796453,0.697,0.717,0.563,0.834,144.181,36271.065,19.46,4704.0,98.0,34.0,64.75,5.0,2.0
2023.0,85.50685425685425,100.0,84.83330327080324,99.00087270830306,76.1904761904762,96.50389086358356,100.0,0.697,0.717,0.563,0.834,144.181,36271.065,19.46,4704.0,98.0,34.0,64.75,5.0,2.0
2024.0,135.64380064380063,100.0,84.83330327080324,99.00087270830306,98.8532110091743,96.50389086358356,100.0,0.697,0.717,0.563,0.834,144.181,36271.065,19.46,4704.0,98.0,34.0,64.75,5.0,2.0
2020.0,104.98348072307598,166.666666666667,206.1069023569024,180.8234127400794,216.0195707070709,141.74107151190475,166.666666666667,0.706,0.7084999999999999,0.591,0.839,144.181,45625.31,19.46,4704.0,98.0,34.0,60.75,2.0,7.0
2021.0,75.70932556349206,113.513513513514,84.83330327080324,87.1754878072813,87.8787878787879,96.50389086358356,100.0,0.706,0.7084999999999999,0.591,0.839,144.181,45625.31,19.46,4704.0,98.0,34.0,60.75,2.0,7.0
2022.0,75.70932556349206,100.0,117.6653439153439,99.00087270830306,110.44448509237219,118.518518518519,126.923076923077,0.706,0.7084999999999999,0.591,0.839,144.181,45625.31,19.46,4704.0,98.0,34.0,60.75,2.0,7.0
2023.0,95.83333345833333,126.9759485926655,117.6653439153439,87.1754878072813,98.8532110091743,131.21597458391912,126.923076923077,0.706,0.7084999999999999,0.591,0.839,144.181,45625.31,19.46,4704.0,98.0,34.0,60.75,2.0,7.0
2024.0,95.83333345833333,140.0,172.91666670833334,156.38888897222222,179.2857142857145,141.74107151190475,140.0,0.706,0.7084999999999999,0.591,0.839,144.181,45625.31,19.46,4704.0,98.0,34.0,60.75,2.0,7.0
2020.0,2.63157894736842,126.9759485926655,106.52777786111112,110.480549199085,110.44448509237219,107.70655270655271,126.923076923077,0.7244999999999999,0.751,0.591,0.855,144.181,45625.31,19.46,4704.0,98.0,34.0,54.1,3.0,2.0
2021.0,55.9503105590062,113.513513513514,84.83330327080324,87.1754878072813,87.8787878787879,85.2941176470588,87.06016311118384,0.7244999999999999,0.751,0.591,0.855,144.181,45625.31,19.46,4704.0,98.0,34.0,54.1,3.0,2.0
2022.0,85.50685425685425,74.6815286624204,95.51910361977174,87.1754878072813,98.8532110091743,85.2941176470588,87.06016311118384,0.7244999999999999,0.751,0.591,0.855,144.181,45625.31,19.46,4704.0,98.0,34.0,54.1,3.0,2.0
2023.0,55.9503105590062,87.0967741935484,95.51910361977174,110.480549199085,98.8532110091743,96.50389086358356,87.06016311118384,0.7244999999999999,0.751,0.591,0.855,144.181,45625.31,19.46,4704.0,98.0,34.0,54.1,3.0,2.0
2024.0,95.83333345833333,100.0,95.51910361977174,99.00087270830306,98.8532110091743,96.50389086358356,100.0,0.7244999999999999,0.751,0.591,0.855,144.181,45625.31,19.46,4704.0,98.0,34.0,54.1,3.0,2.0
2020.0,95.83333345833333,87.0967741935484,84.83330327080324,65.0,87.8787878787879,96.50389086358356,87.06016311118384,0.715,0.717,0.606,0.843,405.034,68227.53,19.46,4704.0,98.0,428.5,94.4,1.0,4.0
2021.0,85.50685425685425,100.0,19.848485193181816,16.66666725,20.000000416666666,19.3548387096774,22.916666833333323,0.715,0.717,0.606,0.843,405.034,68227.53,19.46,4704.0,98.0,428.5,94.4,1.0,4.0
2022.0,75.70932556349206,74.6815286624204,50.26348435761521,53.6144578313253,52.77777802777778,53.125,49.355158896825394,0.715,0.717,0.606,0.843,405.034,68227.53,19.46,4704.0,98.0,428.5,94.4,1.0,4.0
2023.0,95.83333345833333,74.6815286624204,95.51910361977174,99.00087270830306,98.8532110091743,63.3333333333333,74.6913580246914,0.715,0.717,0.606,0.843,405.034,68227.53,19.46,4704.0,98.0,428.5,94.4,1.0,4.0
2024.0,95.83333345833333,74.6815286624204,106.52777786111112,87.1754878072813,98.8532110091743,96.50389086358356,74.6913580246914,0.715,0.717,0.606,0.843,405.034,68227.53,19.46,4704.0,98.0,34.0,94.4,1.0,4.0
2020.0,135.64380064380063,100.0,95.51910361977174,87.1754878072813,98.8532110091743,107.70655270655271,100.0,0.763,0.761,0.6895,0.86,144.181,56792.915,145.6,4704.0,98.0,34.0,90.5,3.0,11.0
2021.0,65.69850288600288,74.6815286624204,106.52777786111112,110.480549199085,110.44448509237219,107.70655270655271,113.4063143817545,0.763,0.761,0.6895,0.86,144.181,56792.915,145.6,4704.0,98.0,34.0,90.5,3.0,11.0
2022.0,85.50685425685425,87.0967741935484,84.83330327080324,99.00087270830306,87.8787878787879,96.50389086358356,100.0,0.763,0.761,0.6895,0.86,144.181,56792.915,145.6,4704.0,98.0,34.0,90.5,3.0,11.0
2023.0,135.64380064380063,74.6815286624204,106.52777786111112,76.271186440678,98.8532110091743,74.2857142857143,74.6913580246914,0.763,0.761,0.6895,0.86,144.181,56792.915,145.6,4704.0,98.0,34.0,90.5,3.0,11.0
2024.0,75.70932556349206,113.513513513514,106.52777786111112,99.00087270830306,110.44448509237219,107.70655270655271,113.4063143817545,0.763,0.761,0.6895,0.86,144.181,56792.915,145.6,4704.0,98.0,34.0,90.5,3.0,11.0
2020.0,75.70932556349206,100.0,106.52777786111112,110.480549199085,110.44448509237219,96.50389086358356,100.0,0.66,0.674,0.4765,0.8755,3347.861,45625.31,19.46,4704.0,98.0,34.0,72.8,3.0,2.0
2021.0,95.83333345833333,74.6815286624204,140.824915824916,110.480549199085,132.142857142857,118.518518518519,113.4063143817545,0.66,0.674,0.4765,0.8755,3347.861,45625.31,19.46,4704.0,98.0,34.0,72.8,3.0,2.0
2022.0,135.64380064380063,100.0,95.51910361977174,87.1754878072813,87.8787878787879,74.2857142857143,74.6913580246914,0.66,0.674,0.4765,0.8755,3347.861,45625.31,19.46,4704.0,98.0,34.0,72.8,3.0,2.0
2023.0,65.69850288600288,113.513513513514,106.52777786111112,110.480549199085,110.44448509237219,118.518518518519,113.4063143817545,0.66,0.674,0.4765,0.8755,3347.861,45625.31,19.46,4704.0,98.0,34.0,72.8,3.0,2.0
2024.0,95.83333345833333,87.0967741935484,106.52777786111112,99.00087270830306,121.38558201058203,85.2941176470588,87.06016311118384,0.66,0.674,0.4765,0.8755,3347.861,45625.31,19.46,4704.0,98.0,34.0,72.8,3.0,2.0
2020.0,104.98348072307598,74.6815286624204,84.83330327080324,87.1754878072813,87.8787878787879,85.2941176470588,74.6913580246914,0.715,0.734,0.606,0.822,144.181,36271.065,19.46,4704.0,98.0,34.0,46.7,0.0,13.0
2021.0,75.70932556349206,74.6815286624204,95.51910361977174,99.00087270830306,98.8532110091743,96.50389086358356,100.0,0.715,0.734,0.606,0.822,144.181,36271.065,19.46,4704.0,98.0,34.0,46.7,0.0,13.0
2022.0,75.70932556349206,61.9047619047619,73.6418511066398,87.1754878072813,87.8787878787879,85.2941176470588,74.6913580246914,0.715,0.734,0.606,0.822,144.181,36271.065,19.46,4704.0,98.0,34.0,46.7,0.0,13.0
2023.0,104.98348072307598,87.0967741935484,84.83330327080324,76.271186440678,87.8787878787879,85.2941176470588,87.06016311118384,0.715,0.734,0.606,0.822,144.181,36271.065,19.46,4704.0,98.0,34.0,46.7,0.0,13.0
2024.0,95.83333345833333,100.0,95.51910361977174,99.00087270830306,98.8532110091743,85.2941176470588,100.0,0.715,0.734,0.606,0.822,144.181,36271.065,19.46,4704.0,98.0,34.0,46.7,0.0,13.0
2020.0,95.83333345833333,100.0,95.51910361977174,87.1754878072813,87.8787878787879,96.50389086358356,100.0,0.706,0.7084999999999999,0.576,0.855,144.181,78182.4,19.46,4704.0,98.0,34.0,72.8,0.0,2.0
2021.0,75.70932556349206,100.0,73.6418511066398,87.1754878072813,76.1904761904762,74.2857142857143,74.6913580246914,0.706,0.7084999999999999,0.576,0.855,144.181,78182.4,19.46,4704.0,98.0,34.0,72.8,0.0,2.0
2022.0,85.50685425685425,61.9047619047619,117.6653439153439,110.480549199085,121.38558201058203,107.70655270655271,100.0,0.706,0.7084999999999999,0.576,0.855,144.181,78182.4,19.46,4704.0,98.0,34.0,72.8,0.0,2.0
2023.0,85.50685425685425,113.513513513514,106.52777786111112,110.480549199085,110.44448509237219,107.70655270655271,113.4063143817545,0.706,0.7084999999999999,0.576,0.855,144.181,78182.4,19.46,4704.0,98.0,34.0,72.8,0.0,2.0
2024.0,25.972222722222217,100.0,95.51910361977174,99.00087270830306,98.8532110091743,96.50389086358356,100.0,0.706,0.7084999999999999,0.576,0.855,144.181,78182.4,19.46,4704.0,98.0,34.0,72.8,0.0,2.0
2020.0,85.50685425685425,100.0,106.52777786111112,133.5763890138889,132.142857142857,118.518518518519,100.0,0.678,0.692,0.548,0.828,405.034,56792.915,19.46,4704.0,98.0,34.0,60.75,2.0,2.0
2021.0,15.3846153846154,33.12500033333333,62.5,76.271186440678,76.1904761904762,74.2857142857143,74.6913580246914,0.678,0.692,0.548,0.828,405.034,56792.915,19.46,4704.0,98.0,34.0,60.75,2.0,2.0
2022.0,55.9503105590062,61.9047619047619,84.83330327080324,87.1754878072813,87.8787878787879,85.2941176470588,87.06016311118384,0.678,0.692,0.548,0.828,405.034,56792.915,19.46,4704.0,98.0,34.0,60.75,2.0,2.0
2023.0,104.98348072307598,100.0,95.51910361977174,99.00087270830306,98.8532110091743,96.50389086358356,100.0,0.678,0.692,0.548,0.828,405.034,56792.915,19.46,4704.0,98.0,34.0,60.75,2.0,2.0
2024.0,95.83333345833333,100.0,95.51910361977174,99.00087270830306,98.8532110091743,96.50389086358356,100.0,0.678,0.692,0.548,0.828,405.034,56792.915,19.46,4704.0,98.0,34.0,60.75,2.0,2.0
2020.0,25.972222722222217,166.666666666667,140.824915824916,133.5763890138889,144.54365083531744,141.74107151190475,166.666666666667,0.715,0.692,0.62,0.839,144.181,45625.31,19.46,4704.0,98.0,34.0,64.75,0.0,2.0
2021.0,75.70932556349206,113.513513513514,73.6418511066398,65.0,65.15151533333334,74.2857142857143,74.6913580246914,0.715,0.692,0.62,0.839,144.181,45625.31,19.46,4704.0,98.0,34.0,64.75,0.0,2.0
2022.0,95.83333345833333,74.6815286624204,62.5,65.0,65.15151533333334,63.3333333333333,61.77257512796453,0.715,0.692,0.62,0.839,144.181,45625.31,19.46,4704.0,98.0,34.0,64.75,0.0,2.0
2023.0,95.83333345833333,74.6815286624204,62.5,110.480549199085,65.15151533333334,85.2941176470588,74.6913580246914,0.715,0.692,0.62,0.839,144.181,45625.31,19.46,4704.0,98.0,34.0,64.75,0.0,2.0
2024.0,95.83333345833333,22.916666833333323,8.333333875,6.666666666666666e-07,7.91666725,19.3548387096774,22.916666833333323,0.715,0.692,0.62,0.839,144.181,45625.31,19.46,4704.0,98.0,34.0,64.75,0.0,2.0
2020.0,65.69850288600288,74.6815286624204,73.6418511066398,53.6144578313253,76.1904761904762,63.3333333333333,74.6913580246914,0.772,0.785,0.719,0.834,405.034,78182.4,243.59,111457.5,33.0,651.0,97.9,0.0,2.0
2021.0,2.63157894736842,87.0967741935484,39.9399399399399,31.6455696202532,41.66666704166666,30.000000149999998,32.91666683333333,0.772,0.785,0.719,0.834,405.034,78182.4,243.59,111457.5,33.0,651.0,97.9,0.0,2.0
2022.0,2.63157894736842,87.0967741935484,62.5,65.0,65.15151533333334,63.3333333333333,61.77257512796453,0.772,0.785,0.719,0.834,405.034,78182.4,243.59,111457.5,33.0,651.0,97.9,0.0,2.0
2023.0,75.70932556349206,100.0,106.52777786111112,122.08333358333336,110.44448509237219,107.70655270655271,100.0,0.772,0.785,0.719,0.834,405.034,78182.4,243.59,111457.5,55.0,651.0,97.9,0.0,2.0
2024.0,135.64380064380063,100.0,106.52777786111112,99.00087270830306,110.44448509237219,85.2941176470588,100.0,0.772,0.785,0.719,0.834,405.034,78182.4,243.59,111457.5,55.0,651.0,97.9,0.0,2.0
2020.0,85.50685425685425,140.0,84.83330327080324,99.00087270830306,87.8787878787879,96.50389086358356,140.0,0.715,0.7,0.606,0.855,144.181,56792.915,19.46,4704.0,98.0,34.0,57.45,0.0,7.0
2021.0,75.70932556349206,100.0,95.51910361977174,99.00087270830306,87.8787878787879,107.70655270655271,100.0,0.715,0.7,0.606,0.855,144.181,56792.915,19.46,4704.0,98.0,34.0,57.45,0.0,7.0
2022.0,95.83333345833333,74.6815286624204,84.83330327080324,76.271186440678,76.1904761904762,63.3333333333333,61.77257512796453,0.715,0.7,0.606,0.855,144.181,56792.915,19.46,4704.0,98.0,34.0,57.45,0.0,7.0
2023.0,145.2422175777439,48.95833354166667,62.5,53.6144578313253,65.15151533333334,53.125,49.355158896825394,0.715,0.7,0.606,0.855,144.181,56792.915,19.46,4704.0,98.0,34.0,57.45,0.0,7.0
2024.0,85.50685425685425,87.0967741935484,95.51910361977174,110.480549199085,98.8532110091743,74.2857142857143,87.06016311118384,0.715,0.7,0.606,0.855,144.181,56792.915,19.46,4704.0,98.0,34.0,57.45,0.0,7.0
2020.0,85.50685425685425,87.0967741935484,73.6418511066398,76.271186440678,76.1904761904762,74.2857142857143,87.06016311118384,0.678,0.717,0.505,0.886,144.181,36271.065,19.46,4704.0,98.0,34.0,64.75,0.0,15.0
2021.0,85.50685425685425,87.0967741935484,84.83330327080324,87.1754878072813,87.8787878787879,85.2941176470588,87.06016311118384,0.678,0.717,0.505,0.886,144.181,36271.065,19.46,4704.0,98.0,34.0,64.75,0.0,15.0
2022.0,104.98348072307598,113.513513513514,84.83330327080324,87.1754878072813,87.8787878787879,85.2941176470588,87.06016311118384,0.678,0.717,0.505,0.886,144.181,36271.065,19.46,4704.0,98.0,34.0,64.75,0.0,15.0
2023.0,114.53373015873015,74.6815286624204,73.6418511066398,87.1754878072813,76.1904761904762,74.2857142857143,74.6913580246914,0.678,0.717,0.505,0.886,144.181,36271.065,19.46,4704.0,98.0,34.0,64.75,0.0,15.0
2024.0,85.50685425685425,100.0,95.51910361977174,99.00087270830306,98.8532110091743,96.50389086358356,100.0,0.678,0.717,0.505,0.886,144.181,36271.065,19.46,4704.0,98.0,34.0,64.75,0.0,15.0
2020.0,25.972222722222217,74.6815286624204,95.51910361977174,87.1754878072813,87.8787878787879,74.2857142857143,74.6913580246914,0.687,0.666,0.591,0.822,405.034,45625.31,19.46,4704.0,98.0,34.0,50.3,0.0,11.0
2021.0,104.98348072307598,87.0967741935484,106.52777786111112,122.08333358333336,121.38558201058203,96.50389086358356,100.0,0.687,0.666,0.591,0.822,405.034,45625.31,19.46,4704.0,98.0,34.0,50.3,0.0,11.0
2022.0,104.98348072307598,113.513513513514,84.83330327080324,65.0,87.8787878787879,74.2857142857143,74.6913580246914,0.687,0.666,0.591,0.822,405.034,45625.31,19.46,4704.0,98.0,34.0,50.3,0.0,11.0
2023.0,114.53373015873015,113.513513513514,117.6653439153439,133.5763890138889,121.38558201058203,107.70655270655271,113.4063143817545,0.687,0.666,0.591,0.822,405.034,45625.31,19.46,4704.0,98.0,34.0,50.3,0.0,11.0
2024.0,125.0,113.513513513514,106.52777786111112,87.1754878072813,110.44448509237219,107.70655270655271,113.4063143817545,0.687,0.666,0.591,0.822,405.034,45625.31,19.46,4704.0,98.0,34.0,50.3,0.0,11.0
2020.0,85.50685425685425,33.12500033333333,8.333333875,31.6455696202532,20.000000416666666,30.000000149999998,32.91666683333333,0.678,0.666,0.563,0.828,676.805,110772.2,19.46,4704.0,98.0,34.0,64.75,4.0,7.0
2021.0,25.972222722222217,33.12500033333333,95.51910361977174,99.00087270830306,98.8532110091743,96.50389086358356,100.0,0.678,0.666,0.563,0.828,676.805,110772.2,19.46,4704.0,98.0,34.0,64.75,4.0,7.0
2022.0,75.70932556349206,126.9759485926655,73.6418511066398,76.271186440678,76.1904761904762,85.2941176470588,87.06016311118384,0.678,0.666,0.563,0.828,676.805,110772.2,19.46,4704.0,98.0,34.0,64.75,4.0,7.0
2023.0,114.53373015873015,87.0967741935484,95.51910361977174,87.1754878072813,110.44448509237219,85.2941176470588,87.06016311118384,0.678,0.666,0.563,0.828,676.805,110772.2,19.46,4704.0,98.0,34.0,64.75,4.0,7.0
2024.0,114.53373015873015,154.36868691035355,106.52777786111112,133.5763890138889,98.8532110091743,154.78670634920644,154.72222230555556,0.678,0.666,0.563,0.828,676.805,110772.2,19.46,4704.0,98.0,34.0,64.75,4.0,7.0
2020.0,104.98348072307598,126.9759485926655,95.51910361977174,99.00087270830306,110.44448509237219,107.70655270655271,126.923076923077,0.66,0.666,0.548,0.792,144.181,36271.065,19.46,4704.0,98.0,34.0,27.3,0.0,2.0
2021.0,125.0,113.513513513514,84.83330327080324,87.1754878072813,87.8787878787879,85.2941176470588,87.06016311118384,0.66,0.666,0.548,0.792,144.181,36271.065,19.46,4704.0,98.0,34.0,27.3,0.0,2.0
2022.0,95.83333345833333,74.6815286624204,106.52777786111112,99.00087270830306,110.44448509237219,107.70655270655271,113.4063143817545,0.66,0.666,0.548,0.792,144.181,36271.065,19.46,4704.0,98.0,34.0,27.3,0.0,2.0
2023.0,104.98348072307598,113.513513513514,117.6653439153439,122.08333358333336,121.38558201058203,107.70655270655271,113.4063143817545,0.66,0.666,0.548,0.792,144.181,36271.065,19.46,4704.0,98.0,34.0,27.3,0.0,2.0
2024.0,104.98348072307598,126.9759485926655,129.16666675,156.38888897222222,132.142857142857,131.21597458391912,126.923076923077,0.66,0.666,0.548,0.792,144.181,36271.065,19.46,4704.0,98.0,34.0,27.3,0.0,2.0
2020.0,104.98348072307598,100.0,106.52777786111112,99.00087270830306,110.44448509237219,96.50389086358356,100.0,0.763,0.751,0.676,0.881,676.805,56792.915,19.46,4704.0,98.0,34.0,75.7,0.0,4.0
2021.0,85.50685425685425,74.6815286624204,95.51910361977174,99.00087270830306,98.8532110091743,85.2941176470588,87.06016311118384,0.763,0.751,0.676,0.881,676.805,56792.915,19.46,4704.0,98.0,34.0,75.7,0.0,4.0
2022.0,114.53373015873015,87.0967741935484,95.51910361977174,87.1754878072813,98.8532110091743,107.70655270655271,113.4063143817545,0.763,0.751,0.676,0.881,676.805,56792.915,19.46,4704.0,98.0,34.0,75.7,0.0,4.0
2023.0,104.98348072307598,126.9759485926655,129.16666675,145.45454554545452,132.142857142857,118.518518518519,126.923076923077,0.763,0.751,0.676,0.881,676.805,56792.915,19.46,4704.0,98.0,34.0,75.7,0.0,4.0
2024.0,95.83333345833333,113.513513513514,106.52777786111112,122.08333358333336,121.38558201058203,107.70655270655271,113.4063143817545,0.763,0.751,0.676,0.881,676.805,56792.915,19.46,4704.0,98.0,34.0,75.7,0.0,4.0
2020.0,104.98348072307598,100.0,95.51910361977174,110.480549199085,110.44448509237219,96.50389086358356,100.0,0.753,0.751,0.676,0.843,144.181,68227.53,19.46,4704.0,98.0,34.0,86.6,0.0,11.0
2021.0,65.69850288600288,87.0967741935484,28.1105856250365,41.666667,41.66666704166666,41.277890466531446,32.91666683333333,0.753,0.751,0.676,0.843,144.181,68227.53,19.46,4704.0,98.0,34.0,86.6,0.0,11.0
2022.0,75.70932556349206,74.6815286624204,129.16666675,110.480549199085,110.44448509237219,118.518518518519,126.923076923077,0.753,0.751,0.676,0.843,144.181,68227.53,19.46,4704.0,98.0,34.0,86.6,0.0,11.0
2023.0,95.83333345833333,113.513513513514,73.6418511066398,99.00087270830306,98.8532110091743,107.70655270655271,113.4063143817545,0.753,0.751,0.676,0.843,144.181,68227.53,19.46,4704.0,98.0,34.0,86.6,0.0,11.0
2024.0,145.2422175777439,126.9759485926655,150.6881313131313,122.08333358333336,144.54365083531744,118.518518518519,126.923076923077,0.753,0.751,0.676,0.843,144.181,68227.53,19.46,4704.0,98.0,34.0,86.6,0.0,11.0
2020.0,75.70932556349206,113.513513513514,95.51910361977174,99.00087270830306,98.8532110091743,96.50389086358356,113.4063143817545,0.753,0.767,0.662,0.843,144.181,56792.915,2751.01,62543.0,33.0,651.0,97.9,1.0,7.0
2021.0,75.70932556349206,74.6815286624204,84.83330327080324,87.1754878072813,87.8787878787879,85.2941176470588,74.6913580246914,0.753,0.767,0.662,0.843,144.181,56792.915,2751.01,62543.0,33.0,651.0,97.9,1.0,7.0
2022.0,65.69850288600288,61.9047619047619,95.51910361977174,87.1754878072813,87.8787878787879,85.2941176470588,87.06016311118384,0.753,0.767,0.662,0.843,144.181,56792.915,2751.01,62543.0,33.0,651.0,97.9,1.0,7.0
2023.0,155.102040816327,87.0967741935484,84.83330327080324,99.00087270830306,87.8787878787879,85.2941176470588,87.06016311118384,0.753,0.767,0.662,0.843,144.181,56792.915,2751.01,62543.0,33.0,651.0,97.9,1.0,7.0
2024.0,104.98348072307598,100.0,95.51910361977174,99.00087270830306,98.8532110091743,96.50389086358356,100.0,0.753,0.767,0.662,0.843,144.181,56792.915,2751.01,62543.0,33.0,428.5,97.9,1.0,7.0
2020.0,85.50685425685425,113.513513513514,84.83330327080324,76.271186440678,87.8787878787879,96.50389086358356,113.4063143817545,0.763,0.776,0.6895,0.849,144.181,78182.4,145.6,4704.0,98.0,34.0,86.6,3.0,15.0
2021.0,114.53373015873015,100.0,73.6418511066398,87.1754878072813,76.1904761904762,85.2941176470588,87.06016311118384,0.763,0.776,0.6895,0.849,144.181,78182.4,145.6,4704.0,98.0,34.0,86.6,3.0,15.0
2022.0,95.83333345833333,100.0,73.6418511066398,76.271186440678,76.1904761904762,74.2857142857143,74.6913580246914,0.763,0.776,0.6895,0.849,144.181,78182.4,145.6,4704.0,98.0,34.0,86.6,3.0,15.0
2023.0,114.53373015873015,140.0,195.1388888888889,250.0,200.0,141.74107151190475,140.0,0.763,0.776,0.6895,0.849,144.181,78182.4,145.6,4704.0,98.0,34.0,86.6,3.0,15.0
2024.0,114.53373015873015,100.0,84.83330327080324,87.1754878072813,87.8787878787879,96.50389086358356,100.0,0.763,0.776,0.6895,0.849,144.181,78182.4,145.6,4704.0,98.0,34.0,86.6,3.0,15.0
2020.0,55.9503105590062,100.0,95.51910361977174,99.00087270830306,87.8787878787879,96.50389086358356,100.0,0.678,0.7084999999999999,0.563,0.792,144.181,45625.31,19.46,4704.0,98.0,34.0,42.9,3.0,2.0
2021.0,85.50685425685425,113.513513513514,28.1105856250365,31.6455696202532,29.166667208333333,30.000000149999998,22.916666833333323,0.678,0.7084999999999999,0.563,0.792,144.181,45625.31,19.46,4704.0,98.0,34.0,42.9,3.0,2.0
2022.0,114.53373015873015,87.0967741935484,95.51910361977174,99.00087270830306,98.8532110091743,96.50389086358356,100.0,0.678,0.7084999999999999,0.563,0.792,144.181,45625.31,19.46,4704.0,98.0,34.0,42.9,3.0,2.0
2023.0,95.83333345833333,100.0,106.52777786111112,122.08333358333336,110.44448509237219,107.70655270655271,100.0,0.678,0.7084999999999999,0.563,0.792,144.181,45625.31,19.46,4704.0,98.0,34.0,42.9,3.0,2.0
2024.0,95.83333345833333,126.9759485926655,117.6653439153439,122.08333358333336,121.38558201058203,131.21597458391912,126.923076923077,0.678,0.7084999999999999,0.563,0.792,144.181,45625.31,19.46,4704.0,98.0,34.0,42.9,3.0,2.0
2020.0,85.50685425685425,100.0,117.6653439153439,110.480549199085,121.38558201058203,96.50389086358356,100.0,0.753,0.751,0.646,0.886,144.181,45625.31,925.55,62543.0,98.0,428.5,97.9,1.0,11.0
2021.0,46.1215513794482,22.916666833333323,106.52777786111112,110.480549199085,110.44448509237219,118.518518518519,113.4063143817545,0.753,0.751,0.646,0.886,144.181,45625.31,925.55,62543.0,98.0,428.5,97.9,1.0,11.0
2022.0,104.98348072307598,100.0,84.83330327080324,87.1754878072813,87.8787878787879,74.2857142857143,74.6913580246914,0.753,0.751,0.646,0.886,144.181,45625.31,925.55,62543.0,98.0,34.0,97.9,1.0,11.0
2023.0,104.98348072307598,113.513513513514,106.52777786111112,110.480549199085,121.38558201058203,107.70655270655271,113.4063143817545,0.753,0.751,0.646,0.886,144.181,45625.31,925.55,62543.0,98.0,428.5,97.9,1.0,11.0
2024.0,95.83333345833333,166.666666666667,106.52777786111112,169.20093795093794,121.38558201058203,164.28571436904764,166.666666666667,0.753,0.751,0.646,0.886,144.181,45625.31,925.55,62543.0,98.0,34.0,97.9,1.0,11.0
2020.0,104.98348072307598,48.95833354166667,50.26348435761521,65.0,65.15151533333334,63.3333333333333,49.355158896825394,0.715,0.7,0.591,0.886,405.034,88848.11,19.46,4704.0,98.0,34.0,64.75,2.0,7.0
2021.0,55.9503105590062,74.6815286624204,73.6418511066398,65.0,76.1904761904762,74.2857142857143,74.6913580246914,0.715,0.7,0.591,0.886,405.034,88848.11,19.46,4704.0,98.0,34.0,64.75,2.0,7.0
2022.0,65.69850288600288,74.6815286624204,62.5,65.0,65.15151533333334,63.3333333333333,61.77257512796453,0.715,0.7,0.591,0.886,405.034,88848.11,19.46,4704.0,98.0,34.0,64.75,2.0,7.0
2023.0,95.83333345833333,87.0967741935484,95.51910361977174,87.1754878072813,98.8532110091743,96.50389086358356,87.06016311118384,0.715,0.7,0.591,0.886,405.034,88848.11,19.46,4704.0,98.0,34.0,64.75,2.0,7.0
2024.0,104.98348072307598,87.0967741935484,95.51910361977174,99.00087270830306,98.8532110091743,85.2941176470588,87.06016311118384,0.715,0.7,0.591,0.886,405.034,88848.11,19.46,4704.0,98.0,34.0,64.75,2.0,7.0
2020.0,114.53373015873015,113.513513513514,95.51910361977174,110.480549199085,98.8532110091743,107.70655270655271,113.4063143817545,0.763,0.776,0.676,0.849,144.181,78182.4,19.46,4704.0,98.0,34.0,54.1,4.0,2.0
2021.0,85.50685425685425,100.0,106.52777786111112,99.00087270830306,110.44448509237219,96.50389086358356,100.0,0.763,0.776,0.676,0.849,144.181,78182.4,19.46,4704.0,98.0,34.0,54.1,4.0,2.0
2022.0,114.53373015873015,87.0967741935484,84.83330327080324,87.1754878072813,87.8787878787879,96.50389086358356,100.0,0.763,0.776,0.676,0.849,144.181,78182.4,19.46,4704.0,98.0,34.0,54.1,4.0,2.0
2023.0,85.50685425685425,87.0967741935484,95.51910361977174,99.00087270830306,98.8532110091743,96.50389086358356,87.06016311118384,0.763,0.776,0.676,0.849,144.181,78182.4,19.46,4704.0,98.0,34.0,54.1,4.0,2.0
2024.0,55.9503105590062,100.0,95.51910361977174,99.00087270830306,98.8532110091743,96.50389086358356,100.0,0.763,0.776,0.676,0.849,144.181,78182.4,19.46,4704.0,98.0,34.0,54.1,4.0,2.0
2020.0,85.50685425685425,113.513513513514,95.51910361977174,122.08333358333336,110.44448509237219,118.518518518519,113.4063143817545,0.78,0.785,0.6895,0.86,405.034,68227.53,145.6,62543.0,98.0,428.5,86.6,4.0,7.0
2021.0,85.50685425685425,87.0967741935484,95.51910361977174,87.1754878072813,87.8787878787879,107.70655270655271,113.4063143817545,0.78,0.785,0.6895,0.86,405.034,68227.53,145.6,62543.0,98.0,428.5,86.6,4.0,7.0
2022.0,95.83333345833333,87.0967741935484,95.51910361977174,99.00087270830306,98.8532110091743,85.2941176470588,87.06016311118384,0.78,0.785,0.6895,0.86,405.034,68227.53,145.6,62543.0,98.0,428.5,86.6,4.0,7.0
2023.0,125.0,113.513513513514,117.6653439153439,110.480549199085,121.38558201058203,107.70655270655271,113.4063143817545,0.78,0.785,0.6895,0.86,405.034,68227.53,145.6,62543.0,98.0,428.5,86.6,4.0,7.0
2024.0,85.50685425685425,33.12500033333333,28.1105856250365,41.666667,29.166667208333333,41.277890466531446,32.91666683333333,0.78,0.785,0.6895,0.86,405.034,68227.53,145.6,62543.0,98.0,428.5,86.6,4.0,7.0
2020.0,75.70932556349206,140.0,117.6653439153439,133.5763890138889,121.38558201058203,131.21597458391912,140.0,0.7244999999999999,0.734,0.591,0.855,144.181,45625.31,19.46,4704.0,98.0,34.0,72.8,5.0,7.0
2021.0,25.972222722222217,48.95833354166667,84.83330327080324,99.00087270830306,87.8787878787879,74.2857142857143,74.6913580246914,0.7244999999999999,0.734,0.591,0.855,144.181,45625.31,19.46,4704.0,98.0,34.0,72.8,5.0,7.0
2022.0,55.9503105590062,74.6815286624204,73.6418511066398,76.271186440678,76.1904761904762,74.2857142857143,74.6913580246914,0.7244999999999999,0.734,0.591,0.855,144.181,45625.31,19.46,4704.0,98.0,34.0,72.8,5.0,7.0
2023.0,125.0,126.9759485926655,84.83330327080324,122.08333358333336,87.8787878787879,131.21597458391912,126.923076923077,0.7244999999999999,0.734,0.591,0.855,144.181,45625.31,19.46,4704.0,98.0,34.0,72.8,5.0,7.0
2024.0,104.98348072307598,87.0967741935484,73.6418511066398,99.00087270830306,76.1904761904762,74.2857142857143,87.06016311118384,0.7244999999999999,0.734,0.591,0.855,144.181,45625.31,19.46,4704.0,98.0,34.0,72.8,5.0,7.0
2020.0,114.53373015873015,100.0,84.83330327080324,87.1754878072813,87.8787878787879,85.2941176470588,100.0,0.667,0.646,0.576,0.8015000000000001,144.181,45625.31,19.46,4704.0,98.0,34.0,57.45,0.0,4.0
2021.0,85.50685425685425,100.0,84.83330327080324,99.00087270830306,87.8787878787879,96.50389086358356,100.0,0.667,0.646,0.576,0.8015000000000001,144.181,45625.31,19.46,4704.0,98.0,34.0,57.45,0.0,4.0
2022.0,104.98348072307598,100.0,95.51910361977174,87.1754878072813,98.8532110091743,85.2941176470588,87.06016311118384,0.667,0.646,0.576,0.8015000000000001,144.181,45625.31,19.46,4704.0,98.0,34.0,57.45,0.0,4.0
2023.0,104.98348072307598,61.9047619047619,95.51910361977174,99.00087270830306,87.8787878787879,63.3333333333333,61.77257512796453,0.667,0.646,0.576,0.8015000000000001,144.181,45625.31,19.46,4704.0,98.0,34.0,57.45,0.0,4.0
2024.0,95.83333345833333,74.6815286624204,84.83330327080324,76.271186440678,87.8787878787879,74.2857142857143,74.6913580246914,0.667,0.646,0.576,0.8015000000000001,144.181,45625.31,19.46,4704.0,98.0,34.0,57.45,0.0,4.0
2020.0,55.9503105590062,113.513513513514,106.52777786111112,110.480549199085,98.8532110091743,96.50389086358356,113.4063143817545,0.697,0.725,0.563,0.839,144.181,36271.065,19.46,4704.0,98.0,34.0,57.45,3.0,4.0
2021.0,95.83333345833333,100.0,84.83330327080324,76.271186440678,87.8787878787879,85.2941176470588,87.06016311118384,0.697,0.725,0.563,0.839,144.181,36271.065,19.46,4704.0,98.0,34.0,57.45,3.0,4.0
2022.0,114.53373015873015,140.0,84.83330327080324,87.1754878072813,87.8787878787879,85.2941176470588,87.06016311118384,0.697,0.725,0.563,0.839,144.181,36271.065,19.46,4704.0,98.0,34.0,57.45,3.0,4.0
2023.0,75.70932556349206,100.0,95.51910361977174,99.00087270830306,98.8532110091743,96.50389086358356,100.0,0.697,0.725,0.563,0.839,144.181,36271.065,19.46,4704.0,98.0,34.0,57.45,3.0,4.0
2024.0,95.83333345833333,100.0,95.51910361977174,76.271186440678,98.8532110091743,96.50389086358356,100.0,0.697,0.725,0.563,0.839,144.181,36271.065,19.46,4704.0,98.0,34.0,57.45,3.0,4.0
2020.0,104.98348072307598,193.333333333333,161.63690480357144,169.20093795093794,167.60912698412704,185.714285714286,193.8074194324195,0.753,0.761,0.662,0.849,144.181,45625.31,145.6,4704.0,98.0,34.0,80.3,4.0,10.0
2021.0,85.50685425685425,100.0,62.5,53.6144578313253,65.15151533333334,41.277890466531446,49.355158896825394,0.753,0.761,0.662,0.849,144.181,45625.31,145.6,4704.0,98.0,34.0,80.3,4.0,10.0
2022.0,104.98348072307598,100.0,73.6418511066398,65.0,76.1904761904762,74.2857142857143,74.6913580246914,0.753,0.761,0.662,0.849,144.181,45625.31,145.6,4704.0,98.0,34.0,80.3,4.0,10.0
2023.0,95.83333345833333,87.0967741935484,117.6653439153439,76.271186440678,121.38558201058203,85.2941176470588,87.06016311118384,0.753,0.761,0.662,0.849,144.181,45625.31,145.6,4704.0,98.0,34.0,80.3,4.0,10.0
2024.0,114.53373015873015,140.0,84.83330327080324,122.08333358333336,87.8787878787879,131.21597458391912,140.0,0.753,0.761,0.662,0.849,144.181,45625.31,145.6,4704.0,98.0,34.0,80.3,4.0,10.0
2020.0,95.83333345833333,113.513513513514,106.52777786111112,76.271186440678,110.44448509237219,96.50389086358356,113.4063143817545,0.753,0.785,0.646,0.849,144.181,110772.2,145.6,4704.0,98.0,34.0,80.3,4.0,7.0
2021.0,104.98348072307598,100.0,106.52777786111112,110.480549199085,98.8532110091743,96.50389086358356,100.0,0.753,0.785,0.646,0.849,144.181,110772.2,145.6,4704.0,98.0,34.0,80.3,4.0,7.0
2022.0,114.53373015873015,100.0,117.6653439153439,145.45454554545452,144.54365083531744,96.50389086358356,100.0,0.753,0.785,0.646,0.849,144.181,110772.2,145.6,4704.0,98.0,34.0,80.3,4.0,7.0
2023.0,166.18882275132276,113.513513513514,84.83330327080324,99.00087270830306,98.8532110091743,107.70655270655271,113.4063143817545,0.753,0.785,0.646,0.849,144.181,110772.2,145.6,4704.0,98.0,34.0,80.3,4.0,7.0
2024.0,95.83333345833333,100.0,95.51910361977174,110.480549199085,98.8532110091743,96.50389086358356,100.0,0.753,0.785,0.646,0.849,144.181,110772.2,145.6,4704.0,98.0,34.0,80.3,4.0,7.0
2020.0,95.83333345833333,100.0,95.51910361977174,110.480549199085,98.8532110091743,107.70655270655271,100.0,0.667,0.7,0.492,0.855,144.181,45625.31,19.46,4704.0,98.0,34.0,27.3,0.0,2.0
2021.0,25.972222722222217,48.95833354166667,106.52777786111112,110.480549199085,110.44448509237219,107.70655270655271,100.0,0.667,0.7,0.492,0.855,144.181,45625.31,19.46,4704.0,98.0,34.0,27.3,0.0,2.0
2022.0,145.2422175777439,100.0,129.16666675,133.5763890138889,132.142857142857,141.74107151190475,140.0,0.667,0.7,0.492,0.855,144.181,45625.31,19.46,4704.0,98.0,34.0,27.3,0.0,2.0
2023.0,95.83333345833333,166.666666666667,172.91666670833334,231.96530325696995,167.60912698412704,175.52778920425976,166.666666666667,0.667,0.7,0.492,0.855,144.181,45625.31,19.46,4704.0,98.0,34.0,27.3,0.0,2.0
2024.0,95.83333345833333,126.9759485926655,150.6881313131313,122.08333358333336,155.263157894737,131.21597458391912,126.923076923077,0.667,0.7,0.492,0.855,144.181,45625.31,19.46,4704.0,98.0,34.0,27.3,0.0,2.0
2020.0,114.53373015873015,100.0,95.51910361977174,87.1754878072813,98.8532110091743,96.50389086358356,100.0,0.66,0.666,0.534,0.813,676.805,27276.97,19.46,4704.0,98.0,34.0,50.3,0.0,9.0
2021.0,114.53373015873015,113.513513513514,84.83330327080324,87.1754878072813,87.8787878787879,96.50389086358356,100.0,0.66,0.666,0.534,0.813,676.805,27276.97,19.46,4704.0,98.0,34.0,50.3,0.0,9.0
2022.0,104.98348072307598,100.0,95.51910361977174,99.00087270830306,98.8532110091743,96.50389086358356,100.0,0.66,0.666,0.534,0.813,676.805,27276.97,19.46,4704.0,98.0,34.0,50.3,0.0,9.0
2023.0,95.83333345833333,113.513513513514,95.51910361977174,99.00087270830306,98.8532110091743,118.518518518519,113.4063143817545,0.66,0.666,0.534,0.813,676.805,27276.97,19.46,4704.0,98.0,34.0,50.3,0.0,9.0
2024.0,95.83333345833333,100.0,95.51910361977174,99.00087270830306,98.8532110091743,96.50389086358356,100.0,0.66,0.666,0.534,0.813,676.805,27276.97,19.46,4704.0,98.0,34.0,50.3,0.0,9.0
2020.0,95.83333345833333,113.513513513514,106.52777786111112,99.00087270830306,110.44448509237219,107.70655270655271,113.4063143817545,0.687,0.692,0.548,0.839,676.805,36271.065,19.46,4704.0,98.0,34.0,42.9,5.0,2.0
2021.0,15.3846153846154,87.0967741935484,95.51910361977174,99.00087270830306,98.8532110091743,96.50389086358356,100.0,0.687,0.692,0.548,0.839,676.805,36271.065,19.46,4704.0,98.0,34.0,42.9,5.0,2.0
2022.0,35.1909184726522,100.0,95.51910361977174,99.00087270830306,110.44448509237219,96.50389086358356,100.0,0.687,0.692,0.548,0.839,676.805,36271.065,19.46,4704.0,98.0,34.0,42.9,5.0,2.0
2023.0,65.69850288600288,100.0,106.52777786111112,122.08333358333336,110.44448509237219,107.70655270655271,100.0,0.687,0.692,0.548,0.839,676.805,36271.065,19.46,4704.0,98.0,34.0,42.9,5.0,2.0
2024.0,46.1215513794482,87.0967741935484,95.51910361977174,87.1754878072813,98.8532110091743,96.50389086358356,87.06016311118384,0.687,0.692,0.548,0.839,676.805,36271.065,19.46,4704.0,98.0,34.0,42.9,5.0,2.0
2020.0,95.83333345833333,113.513513513514,106.52777786111112,110.480549199085,110.44448509237219,107.70655270655271,113.4063143817545,0.687,0.743,0.4765,0.886,144.181,27276.97,19.46,4704.0,98.0,34.0,31.6,3.0,7.0
2021.0,2.63157894736842,126.9759485926655,28.1105856250365,31.6455696202532,29.166667208333333,41.277890466531446,49.355158896825394,0.687,0.743,0.4765,0.886,144.181,27276.97,19.46,4704.0,98.0,34.0,31.6,3.0,7.0
2022.0,15.3846153846154,126.9759485926655,106.52777786111112,122.08333358333336,121.38558201058203,96.50389086358356,100.0,0.687,0.743,0.4765,0.886,144.181,27276.97,19.46,4704.0,98.0,34.0,31.6,3.0,7.0
2023.0,114.53373015873015,48.95833354166667,50.26348435761521,65.0,52.77777802777778,53.125,49.355158896825394,0.687,0.743,0.4765,0.886,144.181,27276.97,19.46,4704.0,98.0,34.0,31.6,3.0,7.0
2024.0,114.53373015873015,48.95833354166667,28.1105856250365,41.666667,29.166667208333333,41.277890466531446,32.91666683333333,0.687,0.743,0.4765,0.886,144.181,27276.97,19.46,4704.0,98.0,34.0,31.6,3.0,7.0
2020.0,46.1215513794482,126.9759485926655,117.6653439153439,110.480549199085,121.38558201058203,107.70655270655271,126.923076923077,0.753,0.776,0.662,0.839,676.805,78182.4,19.46,4704.0,98.0,34.0,72.8,2.0,7.0
2021.0,95.83333345833333,87.0967741935484,106.52777786111112,110.480549199085,110.44448509237219,107.70655270655271,113.4063143817545,0.753,0.776,0.662,0.839,676.805,78182.4,19.46,4704.0,98.0,34.0,72.8,2.0,7.0
2022.0,125.0,126.9759485926655,106.52777786111112,110.480549199085,110.44448509237219,107.70655270655271,100.0,0.753,0.776,0.662,0.839,676.805,78182.4,19.46,4704.0,98.0,34.0,72.8,2.0,7.0
2023.0,65.69850288600288,113.513513513514,106.52777786111112,110.480549199085,110.44448509237219,118.518518518519,113.4063143817545,0.753,0.776,0.662,0.839,676.805,78182.4,19.46,4704.0,98.0,34.0,72.8,2.0,7.0
2024.0,104.98348072307598,126.9759485926655,129.16666675,133.5763890138889,132.142857142857,131.21597458391912,126.923076923077,0.753,0.776,0.662,0.839,676.805,78182.4,19.46,4704.0,98.0,34.0,72.8,2.0,7.0
2020.0,15.3846153846154,126.9759485926655,117.6653439153439,99.00087270830306,121.38558201058203,118.518518518519,126.923076923077,0.763,0.751,0.6895,0.843,144.181,56792.915,145.6,4704.0,98.0,34.0,83.1,0.0,2.0
2021.0,104.98348072307598,87.0967741935484,73.6418511066398,87.1754878072813,87.8787878787879,85.2941176470588,87.06016311118384,0.763,0.751,0.6895,0.843,144.181,56792.915,145.6,4704.0,98.0,34.0,83.1,0.0,2.0
2022.0,95.83333345833333,87.0967741935484,84.83330327080324,87.1754878072813,87.8787878787879,96.50389086358356,100.0,0.763,0.751,0.6895,0.843,144.181,56792.915,145.6,4704.0,98.0,34.0,83.1,0.0,2.0
2023.0,104.98348072307598,126.9759485926655,95.51910361977174,133.5763890138889,98.8532110091743,118.518518518519,126.923076923077,0.763,0.751,0.6895,0.843,144.181,56792.915,145.6,4704.0,98.0,34.0,83.1,0.0,2.0
2024.0,85.50685425685425,126.9759485926655,150.6881313131313,122.08333358333336,155.263157894737,131.21597458391912,140.0,0.763,0.751,0.6895,0.843,144.181,56792.915,145.6,4704.0,98.0,34.0,83.1,0.0,2.0
2020.0,65.69850288600288,61.9047619047619,39.9399399399399,31.6455696202532,52.77777802777778,53.125,61.77257512796453,0.78,0.825,0.6895,0.855,144.181,99721.8,243.59,4704.0,98.0,34.0,90.5,4.0,7.0
2021.0,104.98348072307598,100.0,140.824915824916,145.45454554545452,144.54365083531744,131.21597458391912,126.923076923077,0.78,0.825,0.6895,0.855,144.181,99721.8,243.59,4704.0,98.0,34.0,90.5,4.0,7.0
2022.0,104.98348072307598,87.0967741935484,106.52777786111112,110.480549199085,110.44448509237219,131.21597458391912,126.923076923077,0.78,0.825,0.6895,0.855,144.181,99721.8,243.59,4704.0,98.0,34.0,90.5,4.0,7.0
2023.0,104.98348072307598,113.513513513514,95.51910361977174,110.480549199085,98.8532110091743,107.70655270655271,113.4063143817545,0.78,0.825,0.6895,0.855,144.181,99721.8,243.59,4704.0,98.0,34.0,90.5,4.0,7.0
2024.0,75.70932556349206,100.0,95.51910361977174,87.1754878072813,98.8532110091743,96.50389086358356,100.0,0.78,0.825,0.6895,0.855,144.181,99721.8,243.59,4704.0,98.0,34.0,90.5,4.0,7.0
2020.0,114.53373015873015,154.36868691035355,140.824915824916,133.5763890138889,144.54365083531744,154.78670634920644,154.72222230555556,0.667,0.658,0.548,0.834,676.805,45625.31,19.46,4704.0,98.0,34.0,35.4,2.0,4.0
2021.0,125.0,113.513513513514,73.6418511066398,76.271186440678,76.1904761904762,85.2941176470588,87.06016311118384,0.667,0.658,0.548,0.834,676.805,45625.31,19.46,4704.0,98.0,34.0,35.4,2.0,4.0
2022.0,135.64380064380063,166.666666666667,129.16666675,133.5763890138889,132.142857142857,131.21597458391912,126.923076923077,0.667,0.658,0.548,0.834,676.805,45625.31,19.46,4704.0,98.0,34.0,35.4,2.0,4.0
2023.0,95.83333345833333,100.0,106.52777786111112,76.271186440678,98.8532110091743,96.50389086358356,100.0,0.667,0.658,0.548,0.834,676.805,45625.31,19.46,4704.0,98.0,34.0,35.4,2.0,4.0
2024.0,104.98348072307598,87.0967741935484,117.6653439153439,65.0,121.38558201058203,85.2941176470588,87.06016311118384,0.667,0.658,0.548,0.834,676.805,45625.31,19.46,4704.0,98.0,34.0,35.4,2.0,4.0
2020.0,104.98348072307598,100.0,95.51910361977174,99.00087270830306,98.8532110091743,107.70655270655271,100.0,0.734,0.734,0.646,0.849,144.181,56792.915,19.46,4704.0,98.0,34.0,64.75,0.0,4.0
2021.0,85.50685425685425,61.9047619047619,95.51910361977174,87.1754878072813,87.8787878787879,85.2941176470588,87.06016311118384,0.734,0.734,0.646,0.849,144.181,56792.915,19.46,4704.0,98.0,34.0,64.75,0.0,4.0
2022.0,95.83333345833333,61.9047619047619,95.51910361977174,99.00087270830306,98.8532110091743,96.50389086358356,87.06016311118384,0.734,0.734,0.646,0.849,144.181,56792.915,19.46,4704.0,98.0,34.0,64.75,0.0,4.0
2023.0,104.98348072307598,100.0,95.51910361977174,110.480549199085,98.8532110091743,107.70655270655271,100.0,0.734,0.734,0.646,0.849,144.181,56792.915,19.46,4704.0,98.0,34.0,64.75,0.0,4.0
2024.0,104.98348072307598,87.0967741935484,84.83330327080324,87.1754878072813,87.8787878787879,96.50389086358356,87.06016311118384,0.734,0.734,0.646,0.849,144.181,56792.915,19.46,4704.0,98.0,34.0,64.75,0.0,4.0
2020.0,75.70932556349206,100.0,106.52777786111112,99.00087270830306,110.44448509237219,96.50389086358356,100.0,0.687,0.7084999999999999,0.548,0.834,405.034,36271.065,19.46,4704.0,98.0,34.0,57.45,1.0,7.0
2021.0,75.70932556349206,100.0,106.52777786111112,99.00087270830306,98.8532110091743,107.70655270655271,100.0,0.687,0.7084999999999999,0.548,0.834,405.034,36271.065,19.46,4704.0,98.0,34.0,57.45,1.0,7.0
2022.0,65.69850288600288,74.6815286624204,95.51910361977174,87.1754878072813,98.8532110091743,85.2941176470588,87.06016311118384,0.687,0.7084999999999999,0.548,0.834,405.034,36271.065,19.46,4704.0,98.0,34.0,57.45,1.0,7.0
2023.0,85.50685425685425,100.0,106.52777786111112,110.480549199085,98.8532110091743,96.50389086358356,100.0,0.687,0.7084999999999999,0.548,0.834,405.034,36271.065,19.46,4704.0,98.0,34.0,57.45,1.0,7.0
2024.0,55.9503105590062,100.0,106.52777786111112,99.00087270830306,110.44448509237219,96.50389086358356,100.0,0.687,0.7084999999999999,0.548,0.834,405.034,36271.065,19.46,4704.0,98.0,34.0,57.45,1.0,7.0
2020.0,104.98348072307598,113.513513513514,106.52777786111112,110.480549199085,110.44448509237219,107.70655270655271,113.4063143817545,0.734,0.7084999999999999,0.646,0.86,144.181,88848.11,19.46,4704.0,98.0,34.0,54.1,0.0,4.0
2021.0,46.1215513794482,100.0,95.51910361977174,87.1754878072813,110.44448509237219,107.70655270655271,113.4063143817545,0.734,0.7084999999999999,0.646,0.86,144.181,88848.11,19.46,4704.0,98.0,34.0,54.1,0.0,4.0
2022.0,85.50685425685425,87.0967741935484,150.6881313131313,133.5763890138889,155.263157894737,164.28571436904764,166.666666666667,0.734,0.7084999999999999,0.646,0.86,144.181,88848.11,19.46,4704.0,98.0,34.0,54.1,0.0,4.0
2023.0,95.83333345833333,154.36868691035355,106.52777786111112,133.5763890138889,121.38558201058203,154.78670634920644,154.72222230555556,0.734,0.7084999999999999,0.646,0.86,144.181,88848.11,19.46,4704.0,98.0,34.0,54.1,0.0,4.0
2024.0,104.98348072307598,61.9047619047619,50.26348435761521,53.6144578313253,41.66666704166666,63.3333333333333,61.77257512796453,0.734,0.7084999999999999,0.646,0.86,144.181,88848.11,19.46,4704.0,98.0,34.0,54.1,0.0,4.0
2020.0,95.83333345833333,140.0,95.51910361977174,122.08333358333336,98.8532110091743,131.21597458391912,140.0,0.743,0.751,0.662,0.843,144.181,56792.915,19.46,4704.0,98.0,34.0,90.5,0.0,7.0
2021.0,114.53373015873015,100.0,73.6418511066398,65.0,76.1904761904762,53.125,61.77257512796453,0.743,0.751,0.662,0.843,144.181,56792.915,19.46,4704.0,98.0,34.0,90.5,0.0,7.0
2022.0,95.83333345833333,100.0,73.6418511066398,76.271186440678,76.1904761904762,63.3333333333333,61.77257512796453,0.743,0.751,0.662,0.843,144.181,56792.915,19.46,4704.0,98.0,34.0,90.5,0.0,7.0
2023.0,114.53373015873015,126.9759485926655,117.6653439153439,110.480549199085,110.44448509237219,118.518518518519,126.923076923077,0.743,0.751,0.662,0.843,144.181,56792.915,19.46,4704.0,98.0,34.0,90.5,0.0,7.0
2024.0,114.53373015873015,100.0,117.6653439153439,110.480549199085,121.38558201058203,107.70655270655271,100.0,0.743,0.751,0.662,0.843,144.181,56792.915,19.46,4704.0,98.0,34.0,90.5,0.0,7.0
2020.0,15.3846153846154,100.0,95.51910361977174,87.1754878072813,98.8532110091743,85.2941176470588,100.0,0.7244999999999999,0.7084999999999999,0.633,0.843,946.9680000000001,68227.53,19.46,4704.0,98.0,34.0,80.3,2.0,7.0
2021.0,85.50685425685425,74.6815286624204,95.51910361977174,99.00087270830306,98.8532110091743,85.2941176470588,100.0,0.7244999999999999,0.7084999999999999,0.633,0.843,946.9680000000001,68227.53,19.46,4704.0,98.0,34.0,80.3,2.0,7.0
2022.0,85.50685425685425,87.0967741935484,73.6418511066398,76.271186440678,76.1904761904762,63.3333333333333,74.6913580246914,0.7244999999999999,0.7084999999999999,0.633,0.843,946.9680000000001,68227.53,19.46,4704.0,98.0,34.0,80.3,2.0,7.0
2023.0,95.83333345833333,126.9759485926655,106.52777786111112,169.20093795093794,110.44448509237219,118.518518518519,126.923076923077,0.7244999999999999,0.7084999999999999,0.633,0.843,946.9680000000001,68227.53,19.46,4704.0,98.0,34.0,80.3,2.0,7.0
2024.0,75.70932556349206,113.513513513514,150.6881313131313,122.08333358333336,155.263157894737,107.70655270655271,113.4063143817545,0.7244999999999999,0.7084999999999999,0.633,0.843,946.9680000000001,68227.53,19.46,4704.0,98.0,34.0,80.3,2.0,7.0
2020.0,95.83333345833333,126.9759485926655,117.6653439153439,133.5763890138889,110.44448509237219,118.518518518519,126.923076923077,0.715,0.717,0.591,0.86,405.034,78182.4,19.46,4704.0,98.0,34.0,54.1,1.0,7.0
2021.0,65.69850288600288,74.6815286624204,117.6653439153439,110.480549199085,121.38558201058203,96.50389086358356,100.0,0.715,0.717,0.591,0.86,405.034,78182.4,19.46,4704.0,98.0,34.0,54.1,1.0,7.0
2022.0,85.50685425685425,100.0,73.6418511066398,87.1754878072813,87.8787878787879,85.2941176470588,87.06016311118384,0.715,0.717,0.591,0.86,405.034,78182.4,19.46,4704.0,98.0,34.0,54.1,1.0,7.0
2023.0,104.98348072307598,126.9759485926655,106.52777786111112,87.1754878072813,110.44448509237219,118.518518518519,126.923076923077,0.715,0.717,0.591,0.86,405.034,78182.4,19.46,4704.0,98.0,34.0,54.1,1.0,7.0
2024.0,95.83333345833333,113.513513513514,117.6653439153439,110.480549199085,110.44448509237219,118.518518518519,113.4063143817545,0.715,0.717,0.591,0.86,405.034,78182.4,19.46,4704.0,98.0,34.0,54.1,1.0,7.0
2020.0,114.53373015873015,74.6815286624204,73.6418511066398,76.271186440678,76.1904761904762,74.2857142857143,74.6913580246914,0.763,0.785,0.662,0.86,144.181,88848.11,145.6,4704.0,98.0,428.5,86.6,4.0,7.0
2021.0,65.69850288600288,61.9047619047619,117.6653439153439,110.480549199085,110.44448509237219,96.50389086358356,100.0,0.763,0.785,0.662,0.86,144.181,88848.11,145.6,4704.0,98.0,428.5,86.6,4.0,7.0
2022.0,95.83333345833333,74.6815286624204,95.51910361977174,99.00087270830306,98.8532110091743,96.50389086358356,100.0,0.763,0.785,0.662,0.86,144.181,88848.11,145.6,4704.0,98.0,428.5,86.6,4.0,7.0
2023.0,95.83333345833333,87.0967741935484,95.51910361977174,110.480549199085,98.8532110091743,96.50389086358356,87.06016311118384,0.763,0.785,0.662,0.86,144.181,88848.11,145.6,4704.0,33.0,428.5,86.6,4.0,7.0
2024.0,95.83333345833333,100.0,84.83330327080324,99.00087270830306,98.8532110091743,96.50389086358356,100.0,0.763,0.785,0.662,0.86,144.181,88848.11,145.6,4704.0,33.0,428.5,86.6,4.0,7.0
2020.0,75.70932556349206,87.0967741935484,95.51910361977174,99.00087270830306,87.8787878787879,85.2941176470588,87.06016311118384,0.687,0.666,0.591,0.834,144.181,45625.31,19.46,4704.0,98.0,34.0,31.6,0.0,8.0
2021.0,65.69850288600288,48.95833354166667,73.6418511066398,76.271186440678,76.1904761904762,74.2857142857143,74.6913580246914,0.687,0.666,0.591,0.834,144.181,45625.31,19.46,4704.0,98.0,34.0,31.6,0.0,8.0
2022.0,85.50685425685425,61.9047619047619,95.51910361977174,87.1754878072813,98.8532110091743,85.2941176470588,87.06016311118384,0.687,0.666,0.591,0.834,144.181,45625.31,19.46,4704.0,98.0,34.0,31.6,0.0,8.0
2023.0,114.53373015873015,87.0967741935484,84.83330327080324,99.00087270830306,87.8787878787879,85.2941176470588,87.06016311118384,0.687,0.666,0.591,0.834,144.181,45625.31,19.46,4704.0,98.0,34.0,31.6,0.0,8.0
2024.0,135.64380064380063,87.0967741935484,95.51910361977174,99.00087270830306,98.8532110091743,85.2941176470588,87.06016311118384,0.687,0.666,0.591,0.834,144.181,45625.31,19.46,4704.0,98.0,34.0,31.6,0.0,8.0
2020.0,95.83333345833333,74.6815286624204,95.51910361977174,99.00087270830306,98.8532110091743,74.2857142857143,74.6913580246914,0.631,0.682,0.4765,0.792,144.181,36271.065,19.46,4704.0,98.0,34.0,16.4,3.0,8.0
2021.0,46.1215513794482,61.9047619047619,73.6418511066398,65.0,76.1904761904762,63.3333333333333,74.6913580246914,0.631,0.682,0.4765,0.792,144.181,36271.065,19.46,4704.0,98.0,34.0,16.4,3.0,8.0
2022.0,65.69850288600288,87.0967741935484,106.52777786111112,87.1754878072813,110.44448509237219,96.50389086358356,100.0,0.631,0.682,0.4765,0.792,144.181,36271.065,19.46,4704.0,98.0,34.0,16.4,3.0,8.0
2023.0,104.98348072307598,113.513513513514,106.52777786111112,133.5763890138889,110.44448509237219,107.70655270655271,113.4063143817545,0.631,0.682,0.4765,0.792,144.181,36271.065,19.46,4704.0,98.0,34.0,16.4,3.0,8.0
2024.0,95.83333345833333,126.9759485926655,150.6881313131313,122.08333358333336,167.60912698412704,131.21597458391912,113.4063143817545,0.631,0.682,0.4765,0.792,144.181,36271.065,19.46,4704.0,98.0,34.0,16.4,3.0,8.0
2020.0,125.0,100.0,95.51910361977174,99.00087270830306,98.8532110091743,96.50389086358356,100.0,0.734,0.725,0.633,0.86,405.034,56792.915,560.18,268404.5,79.5,1970.0,94.4,1.0,2.0
2021.0,85.50685425685425,87.0967741935484,62.5,65.0,65.15151533333334,63.3333333333333,61.77257512796453,0.734,0.725,0.633,0.86,405.034,56792.915,560.18,268404.5,98.0,1970.0,94.4,1.0,2.0
2022.0,104.98348072307598,87.0967741935484,73.6418511066398,76.271186440678,76.1904761904762,74.2857142857143,74.6913580246914,0.734,0.725,0.633,0.86,405.034,56792.915,560.18,268404.5,98.0,1970.0,94.4,1.0,2.0
2023.0,114.53373015873015,100.0,95.51910361977174,110.480549199085,98.8532110091743,96.50389086358356,100.0,0.734,0.725,0.633,0.86,405.034,56792.915,560.18,268404.5,98.0,1681.0,94.4,1.0,2.0
2024.0,104.98348072307598,87.0967741935484,84.83330327080324,87.1754878072813,87.8787878787879,85.2941176470588,87.06016311118384,0.734,0.725,0.633,0.86,405.034,56792.915,560.18,268404.5,98.0,1681.0,94.4,1.0,2.0
2020.0,85.50685425685425,113.513513513514,117.6653439153439,122.08333358333336,121.38558201058203,131.21597458391912,113.4063143817545,0.763,0.825,0.606,0.855,144.181,78182.4,19.46,4704.0,98.0,1681.0,54.1,4.0,7.0
2021.0,35.1909184726522,48.95833354166667,50.26348435761521,41.666667,52.77777802777778,41.277890466531446,49.355158896825394,0.763,0.825,0.606,0.855,144.181,78182.4,19.46,4704.0,98.0,1681.0,54.1,4.0,7.0
2022.0,15.3846153846154,48.95833354166667,50.26348435761521,53.6144578313253,52.77777802777778,53.125,61.77257512796453,0.763,0.825,0.606,0.855,144.181,78182.4,19.46,4704.0,98.0,1681.0,54.1,4.0,7.0
2023.0,166.18882275132276,87.0967741935484,84.83330327080324,87.1754878072813,87.8787878787879,96.50389086358356,87.06016311118384,0.763,0.825,0.606,0.855,144.181,78182.4,19.46,4704.0,98.0,1681.0,54.1,4.0,7.0
2024.0,85.50685425685425,100.0,106.52777786111112,87.1754878072813,98.8532110091743,107.70655270655271,100.0,0.763,0.825,0.606,0.855,144.181,78182.4,19.46,4704.0,98.0,1681.0,54.1,4.0,7.0
2020.0,15.3846153846154,87.0967741935484,95.51910361977174,99.00087270830306,98.8532110091743,96.50389086358356,87.06016311118384,0.763,0.776,0.6895,0.839,405.034,45625.31,19.46,4704.0,98.0,34.0,90.5,4.0,4.0
2021.0,95.83333345833333,87.0967741935484,95.51910361977174,99.00087270830306,98.8532110091743,85.2941176470588,87.06016311118384,0.763,0.776,0.6895,0.839,405.034,45625.31,19.46,4704.0,98.0,34.0,90.5,4.0,4.0
2022.0,85.50685425685425,74.6815286624204,84.83330327080324,99.00087270830306,98.8532110091743,85.2941176470588,87.06016311118384,0.763,0.776,0.6895,0.839,405.034,45625.31,19.46,4704.0,98.0,34.0,90.5,4.0,4.0
2023.0,25.972222722222217,100.0,95.51910361977174,122.08333358333336,98.8532110091743,96.50389086358356,100.0,0.763,0.776,0.6895,0.839,405.034,45625.31,19.46,4704.0,98.0,34.0,90.5,4.0,4.0
2024.0,15.3846153846154,100.0,95.51910361977174,99.00087270830306,98.8532110091743,96.50389086358356,100.0,0.763,0.776,0.6895,0.839,405.034,45625.31,19.46,4704.0,98.0,34.0,90.5,4.0,4.0
2020.0,55.9503105590062,61.9047619047619,62.5,65.0,65.15151533333334,63.3333333333333,61.77257512796453,0.734,0.7,0.662,0.86,144.181,36271.065,19.46,4704.0,98.0,34.0,64.75,2.0,2.0
2021.0,35.1909184726522,113.513513513514,50.26348435761521,41.666667,41.66666704166666,41.277890466531446,49.355158896825394,0.734,0.7,0.662,0.86,144.181,36271.065,19.46,4704.0,98.0,34.0,64.75,2.0,2.0
2022.0,75.70932556349206,87.0967741935484,62.5,53.6144578313253,65.15151533333334,53.125,49.355158896825394,0.734,0.7,0.662,0.86,144.181,36271.065,19.46,4704.0,98.0,34.0,64.75,2.0,2.0
2023.0,114.53373015873015,33.12500033333333,8.333333875,53.6144578313253,7.91666725,30.000000149999998,32.91666683333333,0.734,0.7,0.662,0.86,144.181,36271.065,19.46,4704.0,98.0,34.0,64.75,2.0,2.0
2024.0,95.83333345833333,33.12500033333333,19.848485193181816,41.666667,20.000000416666666,30.000000149999998,32.91666683333333,0.734,0.7,0.662,0.86,144.181,36271.065,19.46,4704.0,98.0,34.0,64.75,2.0,2.0
2020.0,85.50685425685425,140.0,106.52777786111112,110.480549199085,110.44448509237219,118.518518518519,140.0,0.734,0.734,0.633,0.834,405.034,99721.8,243.59,111457.5,98.0,651.0,97.9,1.0,4.0
2021.0,85.50685425685425,87.0967741935484,62.5,76.271186440678,76.1904761904762,63.3333333333333,61.77257512796453,0.734,0.734,0.633,0.834,405.034,99721.8,243.59,111457.5,98.0,651.0,97.9,1.0,4.0
2022.0,114.53373015873015,87.0967741935484,73.6418511066398,87.1754878072813,87.8787878787879,85.2941176470588,87.06016311118384,0.734,0.734,0.633,0.834,405.034,99721.8,243.59,111457.5,98.0,651.0,97.9,1.0,4.0
2023.0,114.53373015873015,126.9759485926655,117.6653439153439,145.45454554545452,132.142857142857,131.21597458391912,126.923076923077,0.734,0.734,0.633,0.834,405.034,99721.8,243.59,111457.5,98.0,651.0,97.9,1.0,4.0
2024.0,125.0,113.513513513514,84.83330327080324,110.480549199085,87.8787878787879,118.518518518519,113.4063143817545,0.734,0.734,0.633,0.834,405.034,99721.8,243.59,111457.5,33.0,651.0,97.9,1.0,4.0
2020.0,114.53373015873015,61.9047619047619,73.6418511066398,76.271186440678,76.1904761904762,74.2857142857143,61.77257512796453,0.753,0.751,0.662,0.839,144.181,56792.915,145.6,4704.0,98.0,34.0,68.9,1.0,15.0
2021.0,104.98348072307598,74.6815286624204,84.83330327080324,76.271186440678,87.8787878787879,85.2941176470588,87.06016311118384,0.753,0.751,0.662,0.839,144.181,56792.915,145.6,4704.0,98.0,34.0,68.9,1.0,15.0
2022.0,145.2422175777439,126.9759485926655,84.83330327080324,87.1754878072813,87.8787878787879,85.2941176470588,87.06016311118384,0.753,0.751,0.662,0.839,144.181,56792.915,145.6,4704.0,98.0,34.0,68.9,1.0,15.0
2023.0,95.83333345833333,100.0,95.51910361977174,110.480549199085,98.8532110091743,96.50389086358356,100.0,0.753,0.751,0.662,0.839,144.181,56792.915,145.6,4704.0,98.0,34.0,68.9,1.0,15.0
2024.0,104.98348072307598,87.0967741935484,95.51910361977174,87.1754878072813,98.8532110091743,96.50389086358356,87.06016311118384,0.753,0.751,0.662,0.839,144.181,56792.915,145.6,4704.0,98.0,34.0,68.9,1.0,15.0
2020.0,55.9503105590062,126.9759485926655,106.52777786111112,122.08333358333336,98.8532110091743,107.70655270655271,126.923076923077,0.687,0.734,0.534,0.843,1696.571,36271.065,19.46,4704.0,98.0,34.0,68.9,6.0,7.0
2021.0,46.1215513794482,100.0,95.51910361977174,110.480549199085,98.8532110091743,118.518518518519,113.4063143817545,0.687,0.734,0.534,0.843,1696.571,36271.065,19.46,4704.0,98.0,34.0,68.9,6.0,7.0
2022.0,95.83333345833333,87.0967741935484,84.83330327080324,76.271186440678,76.1904761904762,74.2857142857143,74.6913580246914,0.687,0.734,0.534,0.843,1696.571,36271.065,19.46,4704.0,98.0,34.0,68.9,6.0,7.0
2023.0,85.50685425685425,193.333333333333,161.63690480357144,279.72222222222223,167.60912698412704,197.5049603174603,193.8074194324195,0.687,0.734,0.534,0.843,1696.571,36271.065,19.46,4704.0,98.0,34.0,68.9,6.0,7.0
2024.0,95.83333345833333,100.0,84.83330327080324,110.480549199085,87.8787878787879,96.50389086358356,100.0,0.687,0.734,0.534,0.843,1696.571,36271.065,19.46,4704.0,98.0,34.0,68.9,6.0,7.0
2020.0,75.70932556349206,113.513513513514,117.6653439153439,110.480549199085,110.44448509237219,107.70655270655271,113.4063143817545,0.621,0.674,0.438,0.792,144.181,36271.065,19.46,4704.0,98.0,34.0,20.6,3.0,15.0
2021.0,55.9503105590062,61.9047619047619,95.51910361977174,87.1754878072813,98.8532110091743,85.2941176470588,87.06016311118384,0.621,0.674,0.438,0.792,144.181,36271.065,19.46,4704.0,98.0,34.0,20.6,3.0,15.0
2022.0,75.70932556349206,87.0967741935484,73.6418511066398,76.271186440678,76.1904761904762,85.2941176470588,74.6913580246914,0.621,0.674,0.438,0.792,144.181,36271.065,19.46,4704.0,98.0,34.0,20.6,3.0,15.0
2023.0,75.70932556349206,100.0,106.52777786111112,110.480549199085,98.8532110091743,107.70655270655271,100.0,0.621,0.674,0.438,0.792,144.181,36271.065,19.46,4704.0,98.0,34.0,20.6,3.0,15.0
2024.0,85.50685425685425,100.0,95.51910361977174,99.00087270830306,98.8532110091743,96.50389086358356,87.06016311118384,0.621,0.674,0.438,0.792,144.181,36271.065,19.46,4704.0,98.0,34.0,20.6,3.0,15.0
2020.0,114.53373015873015,74.6815286624204,73.6418511066398,76.271186440678,76.1904761904762,63.3333333333333,74.6913580246914,0.78,0.785,0.719,0.86,144.181,99721.8,19.46,4704.0,98.0,34.0,83.1,2.0,4.0
2021.0,75.70932556349206,74.6815286624204,95.51910361977174,99.00087270830306,98.8532110091743,107.70655270655271,113.4063143817545,0.78,0.785,0.719,0.86,144.181,99721.8,19.46,4704.0,98.0,34.0,83.1,2.0,4.0
2022.0,95.83333345833333,87.0967741935484,95.51910361977174,99.00087270830306,98.8532110091743,96.50389086358356,87.06016311118384,0.78,0.785,0.719,0.86,144.181,99721.8,19.46,4704.0,98.0,34.0,83.1,2.0,4.0
2023.0,135.64380064380063,166.666666666667,95.51910361977174,145.45454554545452,98.8532110091743,154.78670634920644,166.666666666667,0.78,0.785,0.719,0.86,144.181,99721.8,19.46,4704.0,98.0,34.0,83.1,2.0,4.0
2024.0,104.98348072307598,126.9759485926655,140.824915824916,180.8234127400794,144.54365083531744,118.518518518519,126.923076923077,0.78,0.785,0.719,0.86,144.181,99721.8,19.46,4704.0,98.0,34.0,83.1,2.0,4.0
2020.0,95.83333345833333,154.36868691035355,161.63690480357144,180.8234127400794,155.263157894737,154.78670634920644,154.72222230555556,0.639,0.658,0.505,0.7955000000000001,676.805,36271.065,19.46,4704.0,98.0,34.0,42.9,6.0,7.0
2021.0,2.63157894736842,113.513513513514,95.51910361977174,87.1754878072813,87.8787878787879,74.2857142857143,74.6913580246914,0.639,0.658,0.505,0.7955000000000001,676.805,36271.065,19.46,4704.0,98.0,34.0,42.9,6.0,7.0
2022.0,125.0,100.0,129.16666675,133.5763890138889,144.54365083531744,131.21597458391912,126.923076923077,0.639,0.658,0.505,0.7955000000000001,676.805,36271.065,19.46,4704.0,98.0,34.0,42.9,6.0,7.0
2023.0,104.98348072307598,126.9759485926655,106.52777786111112,110.480549199085,110.44448509237219,118.518518518519,126.923076923077,0.639,0.658,0.505,0.7955000000000001,676.805,36271.065,19.46,4704.0,98.0,34.0,42.9,6.0,7.0
2024.0,125.0,140.0,140.824915824916,156.38888897222222,132.142857142857,141.74107151190475,140.0,0.639,0.658,0.505,0.7955000000000001,676.805,36271.065,19.46,4704.0,98.0,34.0,42.9,6.0,7.0
2020.0,104.98348072307598,126.9759485926655,95.51910361977174,122.08333358333336,98.8532110091743,131.21597458391912,126.923076923077,0.734,0.734,0.662,0.839,144.181,45625.31,19.46,4704.0,98.0,34.0,64.75,2.0,2.0
2021.0,65.69850288600288,113.513513513514,62.5,76.271186440678,65.15151533333334,63.3333333333333,61.77257512796453,0.734,0.734,0.662,0.839,144.181,45625.31,19.46,4704.0,98.0,34.0,64.75,2.0,2.0
2022.0,85.50685425685425,100.0,62.5,76.271186440678,65.15151533333334,85.2941176470588,87.06016311118384,0.734,0.734,0.662,0.839,144.181,45625.31,19.46,4704.0,98.0,34.0,64.75,2.0,2.0
2023.0,104.98348072307598,126.9759485926655,106.52777786111112,87.1754878072813,110.44448509237219,131.21597458391912,126.923076923077,0.734,0.734,0.662,0.839,144.181,45625.31,19.46,4704.0,98.0,34.0,64.75,2.0,2.0
2024.0,95.83333345833333,126.9759485926655,117.6653439153439,133.5763890138889,121.38558201058203,118.518518518519,126.923076923077,0.734,0.734,0.662,0.839,144.181,45625.31,19.46,4704.0,98.0,34.0,64.75,2.0,2.0
2020.0,15.3846153846154,87.0967741935484,84.83330327080324,87.1754878072813,87.8787878787879,96.50389086358356,87.06016311118384,0.65,0.682,0.505,0.792,144.181,27276.97,19.46,4704.0,98.0,34.0,31.6,3.0,2.0
2021.0,104.98348072307598,87.0967741935484,84.83330327080324,76.271186440678,76.1904761904762,74.2857142857143,74.6913580246914,0.65,0.682,0.505,0.792,144.181,27276.97,19.46,4704.0,98.0,34.0,31.6,3.0,2.0
2022.0,85.50685425685425,87.0967741935484,95.51910361977174,99.00087270830306,98.8532110091743,85.2941176470588,87.06016311118384,0.65,0.682,0.505,0.792,144.181,27276.97,19.46,4704.0,98.0,34.0,31.6,3.0,2.0
2023.0,114.53373015873015,113.513513513514,106.52777786111112,110.480549199085,110.44448509237219,118.518518518519,113.4063143817545,0.65,0.682,0.505,0.792,144.181,27276.97,19.46,4704.0,98.0,34.0,31.6,3.0,2.0
2024.0,104.98348072307598,100.0,106.52777786111112,87.1754878072813,98.8532110091743,107.70655270655271,100.0,0.65,0.682,0.505,0.792,144.181,27276.97,19.46,4704.0,98.0,34.0,31.6,3.0,2.0
2020.0,65.69850288600288,61.9047619047619,62.5,65.0,65.15151533333334,53.125,61.77257512796453,0.743,0.767,0.591,0.886,405.034,68227.53,19.46,4704.0,98.0,34.0,68.9,0.0,7.0
2021.0,95.83333345833333,61.9047619047619,95.51910361977174,99.00087270830306,98.8532110091743,107.70655270655271,113.4063143817545,0.743,0.767,0.591,0.886,405.034,68227.53,19.46,4704.0,98.0,34.0,68.9,0.0,7.0
2022.0,85.50685425685425,87.0967741935484,106.52777786111112,110.480549199085,121.38558201058203,107.70655270655271,100.0,0.743,0.767,0.591,0.886,405.034,68227.53,19.46,4704.0,98.0,34.0,68.9,0.0,7.0
2023.0,104.98348072307598,140.0,106.52777786111112,145.45454554545452,121.38558201058203,141.74107151190475,140.0,0.743,0.767,0.591,0.886,405.034,68227.53,19.46,4704.0,98.0,34.0,68.9,0.0,7.0
2024.0,145.2422175777439,113.513513513514,106.52777786111112,110.480549199085,110.44448509237219,118.518518518519,113.4063143817545,0.743,0.767,0.591,0.886,405.034,68227.53,19.46,4704.0,98.0,34.0,68.9,0.0,7.0
2020.0,114.53373015873015,87.0967741935484,84.83330327080324,76.271186440678,87.8787878787879,85.2941176470588,87.06016311118384,0.7244999999999999,0.743,0.62,0.834,144.181,56792.915,19.46,4704.0,98.0,34.0,57.45,0.0,15.0
2021.0,85.50685425685425,113.513513513514,106.52777786111112,122.08333358333336,110.44448509237219,118.518518518519,113.4063143817545,0.7244999999999999,0.743,0.62,0.834,144.181,56792.915,19.46,4704.0,98.0,34.0,57.45,0.0,15.0
2022.0,114.53373015873015,100.0,95.51910361977174,87.1754878072813,87.8787878787879,96.50389086358356,100.0,0.7244999999999999,0.743,0.62,0.834,144.181,56792.915,19.46,4704.0,98.0,34.0,57.45,0.0,15.0
2023.0,135.64380064380063,100.0,95.51910361977174,110.480549199085,98.8532110091743,96.50389086358356,100.0,0.7244999999999999,0.743,0.62,0.834,144.181,56792.915,19.46,4704.0,98.0,34.0,57.45,0.0,15.0
2024.0,95.83333345833333,166.666666666667,129.16666675,169.20093795093794,132.142857142857,164.28571436904764,166.666666666667,0.7244999999999999,0.743,0.62,0.834,144.181,56792.915,19.46,4704.0,98.0,34.0,57.45,0.0,15.0
2020.0,95.83333345833333,113.513513513514,95.51910361977174,99.00087270830306,98.8532110091743,107.70655270655271,113.4063143817545,0.639,0.674,0.461,0.828,405.034,45625.31,19.46,4704.0,98.0,34.0,68.9,0.0,2.0
2021.0,75.70932556349206,87.0967741935484,95.51910361977174,99.00087270830306,98.8532110091743,85.2941176470588,87.06016311118384,0.639,0.674,0.461,0.828,405.034,45625.31,19.46,4704.0,98.0,34.0,68.9,0.0,2.0
2022.0,85.50685425685425,126.9759485926655,84.83330327080324,99.00087270830306,87.8787878787879,96.50389086358356,87.06016311118384,0.639,0.674,0.461,0.828,405.034,45625.31,19.46,4704.0,98.0,34.0,68.9,0.0,2.0
2023.0,174.193548387097,113.513513513514,129.16666675,110.480549199085,132.142857142857,107.70655270655271,113.4063143817545,0.639,0.674,0.461,0.828,405.034,45625.31,19.46,4704.0,98.0,34.0,68.9,0.0,2.0
2024.0,95.83333345833333,154.36868691035355,95.51910361977174,122.08333358333336,98.8532110091743,154.78670634920644,154.72222230555556,0.639,0.674,0.461,0.828,405.034,45625.31,19.46,4704.0,98.0,34.0,68.9,0.0,2.0
2020.0,85.50685425685425,74.6815286624204,95.51910361977174,87.1754878072813,98.8532110091743,85.2941176470588,74.6913580246914,0.763,0.785,0.676,0.849,676.805,78182.4,19.46,4704.0,98.0,34.0,83.1,2.0,16.0
2021.0,85.50685425685425,74.6815286624204,84.83330327080324,76.271186440678,87.8787878787879,63.3333333333333,61.77257512796453,0.763,0.785,0.676,0.849,676.805,78182.4,19.46,4704.0,98.0,34.0,83.1,2.0,16.0
2022.0,95.83333345833333,100.0,73.6418511066398,87.1754878072813,87.8787878787879,96.50389086358356,87.06016311118384,0.763,0.785,0.676,0.849,676.805,78182.4,19.46,4704.0,98.0,34.0,83.1,2.0,16.0
2023.0,125.0,166.666666666667,172.91666670833334,180.8234127400794,179.2857142857145,164.28571436904764,166.666666666667,0.763,0.785,0.676,0.849,676.805,78182.4,19.46,4704.0,98.0,34.0,83.1,2.0,16.0
2024.0,135.64380064380063,154.36868691035355,129.16666675,133.5763890138889,144.54365083531744,154.78670634920644,154.72222230555556,0.763,0.785,0.676,0.849,676.805,78182.4,19.46,4704.0,98.0,34.0,83.1,2.0,16.0
2020.0,95.83333345833333,100.0,95.51910361977174,87.1754878072813,98.8532110091743,85.2941176470588,100.0,0.7244999999999999,0.751,0.576,0.8755,144.181,78182.4,243.59,4704.0,98.0,428.5,94.4,1.0,7.0
2021.0,95.83333345833333,87.0967741935484,106.52777786111112,110.480549199085,110.44448509237219,107.70655270655271,113.4063143817545,0.7244999999999999,0.751,0.576,0.8755,144.181,78182.4,243.59,4704.0,98.0,428.5,94.4,1.0,7.0
2022.0,85.50685425685425,87.0967741935484,106.52777786111112,87.1754878072813,98.8532110091743,96.50389086358356,100.0,0.7244999999999999,0.751,0.576,0.8755,144.181,78182.4,243.59,4704.0,98.0,428.5,94.4,1.0,7.0
2023.0,114.53373015873015,126.9759485926655,140.824915824916,145.45454554545452,144.54365083531744,118.518518518519,126.923076923077,0.7244999999999999,0.751,0.576,0.8755,144.181,78182.4,243.59,4704.0,98.0,428.5,94.4,1.0,7.0
2024.0,75.70932556349206,206.87500004166668,264.025974025974,190.6240981240981,266.83621933621953,210.90458152958138,206.87500004166668,0.7244999999999999,0.751,0.576,0.8755,144.181,78182.4,243.59,4704.0,98.0,428.5,94.4,1.0,7.0
2020.0,95.83333345833333,154.36868691035355,150.6881313131313,145.45454554545452,144.54365083531744,141.74107151190475,154.72222230555556,0.78,0.785,0.705,0.86,676.805,68227.53,145.6,62543.0,33.0,651.0,90.5,2.0,7.0
2021.0,65.69850288600288,61.9047619047619,95.51910361977174,87.1754878072813,87.8787878787879,85.2941176470588,87.06016311118384,0.78,0.785,0.705,0.86,676.805,68227.53,145.6,62543.0,33.0,651.0,90.5,2.0,7.0
2022.0,55.9503105590062,61.9047619047619,129.16666675,133.5763890138889,121.38558201058203,131.21597458391912,126.923076923077,0.78,0.785,0.705,0.86,676.805,68227.53,145.6,62543.0,33.0,428.5,90.5,2.0,7.0
2023.0,104.98348072307598,126.9759485926655,95.51910361977174,99.00087270830306,87.8787878787879,118.518518518519,126.923076923077,0.78,0.785,0.705,0.86,676.805,68227.53,145.6,62543.0,33.0,651.0,90.5,2.0,7.0
2024.0,95.83333345833333,100.0,129.16666675,122.08333358333336,132.142857142857,107.70655270655271,100.0,0.78,0.785,0.705,0.86,676.805,68227.53,145.6,62543.0,33.0,428.5,90.5,2.0,7.0
2020.0,95.83333345833333,87.0967741935484,95.51910361977174,87.1754878072813,98.8532110091743,96.50389086358356,87.06016311118384,0.734,0.761,0.591,0.866,144.181,36271.065,19.46,4704.0,98.0,34.0,57.45,3.0,2.0
2021.0,46.1215513794482,100.0,95.51910361977174,87.1754878072813,87.8787878787879,85.2941176470588,74.6913580246914,0.734,0.761,0.591,0.866,144.181,36271.065,19.46,4704.0,98.0,34.0,57.45,3.0,2.0
2022.0,65.69850288600288,87.0967741935484,95.51910361977174,99.00087270830306,98.8532110091743,96.50389086358356,100.0,0.734,0.761,0.591,0.866,144.181,36271.065,19.46,4704.0,98.0,34.0,57.45,3.0,2.0
2023.0,95.83333345833333,100.0,106.52777786111112,122.08333358333336,98.8532110091743,107.70655270655271,100.0,0.734,0.761,0.591,0.866,144.181,36271.065,19.46,4704.0,98.0,34.0,57.45,3.0,2.0
2024.0,95.83333345833333,113.513513513514,106.52777786111112,110.480549199085,110.44448509237219,107.70655270655271,113.4063143817545,0.734,0.761,0.591,0.866,144.181,36271.065,19.46,4704.0,98.0,34.0,57.45,3.0,2.0
2020.0,155.102040816327,87.0967741935484,84.83330327080324,87.1754878072813,87.8787878787879,85.2941176470588,87.06016311118384,0.763,0.825,0.633,0.849,144.181,27276.97,660.47,4704.0,98.0,34.0,97.9,1.0,2.0
2021.0,85.50685425685425,74.6815286624204,95.51910361977174,87.1754878072813,98.8532110091743,85.2941176470588,87.06016311118384,0.763,0.825,0.633,0.849,144.181,27276.97,660.47,4704.0,98.0,34.0,97.9,1.0,2.0
2022.0,75.70932556349206,87.0967741935484,84.83330327080324,76.271186440678,87.8787878787879,85.2941176470588,87.06016311118384,0.763,0.825,0.633,0.849,144.181,27276.97,660.47,4704.0,98.0,34.0,97.9,1.0,2.0
2023.0,95.83333345833333,87.0967741935484,95.51910361977174,99.00087270830306,98.8532110091743,96.50389086358356,87.06016311118384,0.763,0.825,0.633,0.849,144.181,27276.97,660.47,4704.0,98.0,34.0,97.9,1.0,2.0
2024.0,95.83333345833333,87.0967741935484,84.83330327080324,87.1754878072813,87.8787878787879,85.2941176470588,87.06016311118384,0.763,0.825,0.633,0.849,144.181,27276.97,660.47,4704.0,98.0,34.0,97.9,1.0,2.0
2020.0,35.1909184726522,100.0,117.6653439153439,122.08333358333336,110.44448509237219,107.70655270655271,100.0,0.743,0.761,0.633,0.843,144.181,191712.99,19.46,4704.0,98.0,34.0,57.45,3.0,2.0
2021.0,35.1909184726522,74.6815286624204,62.5,65.0,65.15151533333334,63.3333333333333,61.77257512796453,0.743,0.761,0.633,0.843,144.181,191712.99,19.46,4704.0,98.0,34.0,57.45,3.0,2.0
2022.0,135.64380064380063,126.9759485926655,50.26348435761521,65.0,65.15151533333334,53.125,61.77257512796453,0.743,0.761,0.633,0.843,144.181,191712.99,19.46,4704.0,98.0,34.0,57.45,3.0,2.0
2023.0,55.9503105590062,87.0967741935484,84.83330327080324,87.1754878072813,87.8787878787879,85.2941176470588,87.06016311118384,0.743,0.761,0.633,0.843,144.181,191712.99,19.46,4704.0,98.0,34.0,57.45,3.0,2.0
2024.0,65.69850288600288,100.0,95.51910361977174,99.00087270830306,98.8532110091743,96.50389086358356,100.0,0.743,0.761,0.633,0.843,144.181,191712.99,19.46,4704.0,98.0,34.0,57.45,3.0,2.0
2020.0,46.1215513794482,87.0967741935484,73.6418511066398,76.271186440678,76.1904761904762,85.2941176470588,87.06016311118384,0.697,0.7084999999999999,0.576,0.813,405.034,68227.53,19.46,4704.0,98.0,34.0,68.9,2.0,15.0
2021.0,55.9503105590062,61.9047619047619,95.51910361977174,99.00087270830306,98.8532110091743,107.70655270655271,100.0,0.697,0.7084999999999999,0.576,0.813,405.034,68227.53,19.46,4704.0,98.0,34.0,68.9,2.0,15.0
2022.0,85.50685425685425,74.6815286624204,95.51910361977174,87.1754878072813,98.8532110091743,85.2941176470588,87.06016311118384,0.697,0.7084999999999999,0.576,0.813,405.034,68227.53,19.46,4704.0,98.0,34.0,68.9,2.0,15.0
2023.0,75.70932556349206,113.513513513514,117.6653439153439,99.00087270830306,121.38558201058203,118.518518518519,113.4063143817545,0.697,0.7084999999999999,0.576,0.813,405.034,68227.53,19.46,4704.0,98.0,34.0,68.9,2.0,15.0
2024.0,95.83333345833333,87.0967741935484,95.51910361977174,87.1754878072813,98.8532110091743,96.50389086358356,87.06016311118384,0.697,0.7084999999999999,0.576,0.813,405.034,68227.53,19.46,4704.0,98.0,34.0,68.9,2.0,15.0
2020.0,65.69850288600288,61.9047619047619,62.5,65.0,65.15151533333334,63.3333333333333,61.77257512796453,0.678,0.646,0.591,0.807,144.181,36271.065,19.46,4704.0,98.0,34.0,64.75,2.0,15.0
2021.0,2.63157894736842,22.916666833333323,73.6418511066398,76.271186440678,87.8787878787879,74.2857142857143,74.6913580246914,0.678,0.646,0.591,0.807,144.181,36271.065,19.46,4704.0,98.0,34.0,64.75,2.0,15.0
2022.0,25.972222722222217,87.0967741935484,84.83330327080324,87.1754878072813,87.8787878787879,85.2941176470588,87.06016311118384,0.678,0.646,0.591,0.807,144.181,36271.065,19.46,4704.0,98.0,34.0,64.75,2.0,15.0
2023.0,125.0,61.9047619047619,73.6418511066398,65.0,76.1904761904762,63.3333333333333,61.77257512796453,0.678,0.646,0.591,0.807,144.181,36271.065,19.46,4704.0,98.0,34.0,64.75,2.0,15.0
2024.0,65.69850288600288,87.0967741935484,84.83330327080324,76.271186440678,98.8532110091743,85.2941176470588,87.06016311118384,0.678,0.646,0.591,0.807,144.181,36271.065,19.46,4704.0,98.0,34.0,64.75,2.0,15.0
2020.0,55.9503105590062,100.0,84.83330327080324,87.1754878072813,87.8787878787879,96.50389086358356,100.0,0.791,0.818,0.705,0.866,144.181,68227.53,19.46,4704.0,98.0,34.0,42.9,0.0,15.0
2021.0,55.9503105590062,61.9047619047619,95.51910361977174,76.271186440678,98.8532110091743,63.3333333333333,61.77257512796453,0.791,0.818,0.705,0.866,144.181,68227.53,19.46,4704.0,98.0,34.0,42.9,0.0,15.0
2022.0,125.0,87.0967741935484,84.83330327080324,76.271186440678,87.8787878787879,85.2941176470588,74.6913580246914,0.791,0.818,0.705,0.866,144.181,68227.53,19.46,4704.0,98.0,34.0,42.9,0.0,15.0
2023.0,85.50685425685425,140.0,129.16666675,122.08333358333336,144.54365083531744,131.21597458391912,140.0,0.791,0.818,0.705,0.866,144.181,68227.53,19.46,4704.0,98.0,34.0,42.9,0.0,15.0
2024.0,46.1215513794482,113.513513513514,95.51910361977174,110.480549199085,98.8532110091743,118.518518518519,113.4063143817545,0.791,0.818,0.705,0.866,144.181,68227.53,19.46,4704.0,98.0,34.0,42.9,0.0,15.0
2020.0,55.9503105590062,126.9759485926655,106.52777786111112,122.08333358333336,110.44448509237219,131.21597458391912,126.923076923077,0.7244999999999999,0.751,0.62,0.834,676.805,68227.53,19.46,4704.0,98.0,34.0,60.75,4.0,2.0
2021.0,104.98348072307598,126.9759485926655,84.83330327080324,76.271186440678,76.1904761904762,63.3333333333333,74.6913580246914,0.7244999999999999,0.751,0.62,0.834,676.805,68227.53,19.46,4704.0,98.0,34.0,60.75,4.0,2.0
2022.0,166.18882275132276,154.36868691035355,129.16666675,122.08333358333336,121.38558201058203,131.21597458391912,126.923076923077,0.7244999999999999,0.751,0.62,0.834,676.805,68227.53,19.46,4704.0,98.0,34.0,60.75,4.0,2.0
2023.0,155.102040816327,87.0967741935484,129.16666675,99.00087270830306,110.44448509237219,85.2941176470588,87.06016311118384,0.7244999999999999,0.751,0.62,0.834,676.805,68227.53,19.46,4704.0,98.0,34.0,60.75,4.0,2.0
2024.0,95.83333345833333,22.916666833333323,73.6418511066398,65.0,76.1904761904762,30.000000149999998,22.916666833333323,0.7244999999999999,0.751,0.62,0.834,676.805,68227.53,19.46,4704.0,98.0,34.0,60.75,4.0,2.0
2020.0,85.50685425685425,113.513513513514,129.16666675,122.08333358333336,132.142857142857,107.70655270655271,113.4063143817545,0.687,0.682,0.591,0.817,144.181,36271.065,19.46,4704.0,98.0,34.0,57.45,0.0,7.0
2021.0,85.50685425685425,87.0967741935484,28.1105856250365,41.666667,29.166667208333333,41.277890466531446,22.916666833333323,0.687,0.682,0.591,0.817,144.181,36271.065,19.46,4704.0,98.0,34.0,57.45,0.0,7.0
2022.0,95.83333345833333,100.0,84.83330327080324,87.1754878072813,98.8532110091743,85.2941176470588,87.06016311118384,0.687,0.682,0.591,0.817,144.181,36271.065,19.46,4704.0,98.0,34.0,57.45,0.0,7.0
2023.0,114.53373015873015,48.95833354166667,106.52777786111112,65.0,110.44448509237219,53.125,49.355158896825394,0.687,0.682,0.591,0.817,144.181,36271.065,19.46,4704.0,98.0,34.0,57.45,0.0,7.0
2024.0,114.53373015873015,74.6815286624204,62.5,53.6144578313253,65.15151533333334,85.2941176470588,74.6913580246914,0.687,0.682,0.591,0.817,144.181,36271.065,19.46,4704.0,98.0,34.0,57.45,0.0,7.0
2020.0,104.98348072307598,126.9759485926655,106.52777786111112,99.00087270830306,110.44448509237219,107.70655270655271,126.923076923077,0.763,0.761,0.6895,0.839,144.181,56792.915,19.46,4704.0,98.0,34.0,80.3,5.0,8.0
2021.0,46.1215513794482,100.0,95.51910361977174,122.08333358333336,98.8532110091743,118.518518518519,126.923076923077,0.763,0.761,0.6895,0.839,144.181,56792.915,19.46,4704.0,98.0,34.0,80.3,5.0,8.0
2022.0,114.53373015873015,100.0,161.63690480357144,169.20093795093794,167.60912698412704,154.78670634920644,154.72222230555556,0.763,0.761,0.6895,0.839,144.181,56792.915,19.46,4704.0,98.0,34.0,80.3,5.0,8.0
2023.0,46.1215513794482,140.0,140.824915824916,169.20093795093794,132.142857142857,141.74107151190475,140.0,0.763,0.761,0.6895,0.839,144.181,56792.915,19.46,4704.0,98.0,34.0,80.3,5.0,8.0
2024.0,25.972222722222217,206.87500004166668,150.6881313131313,190.6240981240981,144.54365083531744,210.90458152958138,206.87500004166668,0.763,0.761,0.6895,0.839,144.181,56792.915,19.46,4704.0,98.0,34.0,80.3,5.0,8.0
2020.0,104.98348072307598,154.36868691035355,230.769230769231,180.8234127400794,216.0195707070709,141.74107151190475,154.72222230555556,0.66,0.692,0.505,0.807,1228.91,36271.065,19.46,4704.0,98.0,34.0,46.7,5.0,4.0
2021.0,35.1909184726522,74.6815286624204,84.83330327080324,76.271186440678,76.1904761904762,74.2857142857143,61.77257512796453,0.66,0.692,0.505,0.807,1228.91,36271.065,19.46,4704.0,98.0,34.0,46.7,5.0,4.0
2022.0,35.1909184726522,74.6815286624204,106.52777786111112,122.08333358333336,110.44448509237219,96.50389086358356,87.06016311118384,0.66,0.692,0.505,0.807,1228.91,36271.065,19.46,4704.0,98.0,34.0,46.7,5.0,4.0
2023.0,104.98348072307598,74.6815286624204,50.26348435761521,31.6455696202532,29.166667208333333,85.2941176470588,74.6913580246914,0.66,0.692,0.505,0.807,1228.91,36271.065,19.46,4704.0,98.0,34.0,46.7,5.0,4.0
2024.0,135.64380064380063,22.916666833333323,50.26348435761521,76.271186440678,76.1904761904762,30.000000149999998,32.91666683333333,0.66,0.692,0.505,0.807,1228.91,36271.065,19.46,4704.0,98.0,34.0,46.7,5.0,4.0
2020.0,46.1215513794482,140.0,117.6653439153439,122.08333358333336,121.38558201058203,131.21597458391912,140.0,0.667,0.7084999999999999,0.492,0.834,144.181,45625.31,19.46,4704.0,98.0,34.0,27.3,0.0,1.0
2021.0,95.83333345833333,74.6815286624204,84.83330327080324,99.00087270830306,87.8787878787879,85.2941176470588,87.06016311118384,0.667,0.7084999999999999,0.492,0.834,144.181,45625.31,19.46,4704.0,98.0,34.0,27.3,0.0,1.0
2022.0,135.64380064380063,140.0,106.52777786111112,99.00087270830306,110.44448509237219,107.70655270655271,100.0,0.667,0.7084999999999999,0.492,0.834,144.181,45625.31,19.46,4704.0,98.0,34.0,27.3,0.0,1.0
2023.0,135.64380064380063,100.0,106.52777786111112,110.480549199085,110.44448509237219,107.70655270655271,100.0,0.667,0.7084999999999999,0.492,0.834,144.181,45625.31,19.46,4704.0,98.0,34.0,27.3,0.0,1.0
2024.0,125.0,113.513513513514,129.16666675,122.08333358333336,132.142857142857,107.70655270655271,113.4063143817545,0.667,0.7084999999999999,0.492,0.834,144.181,45625.31,19.46,4704.0,98.0,34.0,27.3,0.0,1.0
2020.0,35.1909184726522,113.513513513514,129.16666675,110.480549199085,144.54365083531744,107.70655270655271,113.4063143817545,0.715,0.692,0.62,0.843,3347.861,56792.915,19.46,4704.0,98.0,428.5,90.5,5.0,5.0
2021.0,75.70932556349206,74.6815286624204,84.83330327080324,99.00087270830306,87.8787878787879,96.50389086358356,100.0,0.715,0.692,0.62,0.843,3347.861,56792.915,19.46,4704.0,98.0,428.5,90.5,5.0,5.0
2022.0,85.50685425685425,87.0967741935484,106.52777786111112,87.1754878072813,98.8532110091743,96.50389086358356,100.0,0.715,0.692,0.62,0.843,3347.861,56792.915,19.46,4704.0,98.0,34.0,90.5,5.0,5.0
2023.0,114.53373015873015,126.9759485926655,161.63690480357144,218.19444444444446,144.54365083531744,131.21597458391912,126.923076923077,0.715,0.692,0.62,0.843,3347.861,56792.915,19.46,4704.0,98.0,34.0,90.5,5.0,5.0
2024.0,55.9503105590062,100.0,117.6653439153439,122.08333358333336,121.38558201058203,96.50389086358356,100.0,0.715,0.692,0.62,0.843,3347.861,56792.915,19.46,4704.0,98.0,34.0,90.5,5.0,5.0
2020.0,104.98348072307598,61.9047619047619,50.26348435761521,53.6144578313253,65.15151533333334,63.3333333333333,61.77257512796453,0.667,0.692,0.5225,0.828,144.181,36271.065,19.46,4704.0,98.0,34.0,31.6,1.0,7.0
2021.0,55.9503105590062,179.27158489658487,73.6418511066398,65.0,76.1904761904762,74.2857142857143,74.6913580246914,0.667,0.692,0.5225,0.828,144.181,36271.065,19.46,4704.0,98.0,34.0,31.6,1.0,7.0
2022.0,174.193548387097,262.46639784946234,62.5,65.0,65.15151533333334,74.2857142857143,74.6913580246914,0.667,0.692,0.5225,0.828,144.181,36271.065,19.46,4704.0,98.0,34.0,31.6,1.0,7.0
2023.0,114.53373015873015,74.6815286624204,62.5,99.00087270830306,76.1904761904762,107.70655270655271,74.6913580246914,0.667,0.692,0.5225,0.828,144.181,36271.065,19.46,4704.0,98.0,34.0,31.6,1.0,7.0
2024.0,46.1215513794482,61.9047619047619,50.26348435761521,41.666667,76.1904761904762,53.125,61.77257512796453,0.667,0.692,0.5225,0.828,144.181,36271.065,19.46,4704.0,98.0,34.0,31.6,1.0,7.0
2020.0,65.69850288600288,140.0,117.6653439153439,122.08333358333336,121.38558201058203,141.74107151190475,140.0,0.678,0.7,0.563,0.8015000000000001,144.181,27276.97,19.46,4704.0,98.0,34.0,54.1,0.0,14.0
2021.0,95.83333345833333,74.6815286624204,95.51910361977174,99.00087270830306,98.8532110091743,85.2941176470588,74.6913580246914,0.678,0.7,0.563,0.8015000000000001,144.181,27276.97,19.46,4704.0,98.0,34.0,54.1,0.0,14.0
2022.0,155.102040816327,126.9759485926655,161.63690480357144,145.45454554545452,155.263157894737,131.21597458391912,140.0,0.678,0.7,0.563,0.8015000000000001,144.181,27276.97,19.46,4704.0,98.0,34.0,54.1,0.0,14.0
2023.0,95.83333345833333,100.0,95.51910361977174,76.271186440678,98.8532110091743,118.518518518519,100.0,0.678,0.7,0.563,0.8015000000000001,144.181,27276.97,19.46,4704.0,98.0,34.0,54.1,0.0,14.0
2024.0,95.83333345833333,48.95833354166667,28.1105856250365,53.6144578313253,29.166667208333333,41.277890466531446,49.355158896825394,0.678,0.7,0.563,0.8015000000000001,144.181,27276.97,19.46,4704.0,98.0,34.0,54.1,0.0,14.0
2020.0,166.18882275132276,74.6815286624204,62.5,65.0,65.15151533333334,74.2857142857143,74.6913580246914,0.7244999999999999,0.7084999999999999,0.606,0.886,144.181,27276.97,19.46,4704.0,98.0,34.0,38.9,5.0,14.0
2021.0,25.972222722222217,33.12500033333333,84.83330327080324,76.271186440678,87.8787878787879,74.2857142857143,74.6913580246914,0.7244999999999999,0.7084999999999999,0.606,0.886,144.181,27276.97,19.46,4704.0,98.0,34.0,38.9,5.0,14.0
2022.0,75.70932556349206,126.9759485926655,73.6418511066398,76.271186440678,87.8787878787879,85.2941176470588,87.06016311118384,0.7244999999999999,0.7084999999999999,0.606,0.886,144.181,27276.97,19.46,4704.0,98.0,34.0,38.9,5.0,14.0
2023.0,104.98348072307598,87.0967741935484,95.51910361977174,99.00087270830306,98.8532110091743,85.2941176470588,87.06016311118384,0.7244999999999999,0.7084999999999999,0.606,0.886,144.181,27276.97,19.46,4704.0,98.0,34.0,38.9,5.0,14.0
2024.0,95.83333345833333,113.513513513514,106.52777786111112,110.480549199085,110.44448509237219,107.70655270655271,113.4063143817545,0.7244999999999999,0.7084999999999999,0.606,0.886,144.181,27276.97,19.46,4704.0,98.0,34.0,38.9,5.0,14.0
2020.0,46.1215513794482,220.86956521739148,195.1388888888889,190.6240981240981,192.5925925925926,217.391304347826,220.86956521739148,0.78,0.776,0.731,0.849,144.181,68227.53,364.28,4704.0,98.0,34.0,90.5,1.0,7.0
2021.0,75.70932556349206,74.6815286624204,150.6881313131313,169.20093795093794,167.60912698412704,175.52778920425976,179.87103174603178,0.78,0.776,0.731,0.849,144.181,68227.53,364.28,4704.0,98.0,34.0,90.5,1.0,7.0
2022.0,95.83333345833333,87.0967741935484,140.824915824916,122.08333358333336,121.38558201058203,263.75608038914487,262.46639784946234,0.78,0.776,0.731,0.849,144.181,68227.53,364.28,4704.0,98.0,34.0,90.5,1.0,7.0
2023.0,114.53373015873015,154.36868691035355,117.6653439153439,133.5763890138889,110.44448509237219,154.78670634920644,154.72222230555556,0.78,0.776,0.731,0.849,144.181,68227.53,364.28,4704.0,98.0,34.0,90.5,1.0,7.0
2024.0,114.53373015873015,113.513513513514,129.16666675,99.00087270830306,98.8532110091743,107.70655270655271,113.4063143817545,0.78,0.776,0.731,0.849,144.181,68227.53,364.28,4704.0,98.0,34.0,90.5,1.0,7.0
2020.0,55.9503105590062,100.0,50.26348435761521,65.0,52.77777802777778,63.3333333333333,100.0,0.66,0.639,0.548,0.822,144.181,27276.97,19.46,4704.0,98.0,34.0,54.1,0.0,7.0
2021.0,145.2422175777439,179.27158489658487,84.83330327080324,76.271186440678,87.8787878787879,85.2941176470588,74.6913580246914,0.66,0.639,0.548,0.822,144.181,27276.97,19.46,4704.0,98.0,34.0,54.1,0.0,7.0
2022.0,75.70932556349206,87.0967741935484,161.63690480357144,156.38888897222222,155.263157894737,131.21597458391912,126.923076923077,0.66,0.639,0.548,0.822,144.181,27276.97,19.46,4704.0,98.0,34.0,54.1,0.0,7.0
2023.0,15.3846153846154,87.0967741935484,117.6653439153439,87.1754878072813,110.44448509237219,96.50389086358356,87.06016311118384,0.66,0.639,0.548,0.822,144.181,27276.97,19.46,4704.0,98.0,34.0,54.1,0.0,7.0
2024.0,25.972222722222217,100.0,95.51910361977174,110.480549199085,98.8532110091743,96.50389086358356,100.0,0.66,0.639,0.548,0.822,144.181,27276.97,19.46,4704.0,98.0,34.0,54.1,0.0,7.0
2020.0,85.50685425685425,154.36868691035355,161.63690480357144,145.45454554545452,155.263157894737,118.518518518519,154.72222230555556,0.66,0.734,0.492,0.817,405.034,56792.915,19.46,4704.0,98.0,34.0,27.3,2.0,7.0
2021.0,35.1909184726522,140.0,28.1105856250365,6.666666666666666e-07,29.166667208333333,41.277890466531446,32.91666683333333,0.66,0.734,0.492,0.817,405.034,56792.915,19.46,4704.0,98.0,34.0,27.3,2.0,7.0
2022.0,85.50685425685425,74.6815286624204,84.83330327080324,133.5763890138889,87.8787878787879,118.518518518519,126.923076923077,0.66,0.734,0.492,0.817,405.034,56792.915,19.46,4704.0,98.0,34.0,27.3,2.0,7.0
2023.0,104.98348072307598,33.12500033333333,62.5,6.666666666666666e-07,52.77777802777778,41.277890466531446,32.91666683333333,0.66,0.734,0.492,0.817,405.034,56792.915,19.46,4704.0,98.0,34.0,27.3,2.0,7.0
2024.0,114.53373015873015,22.916666833333323,28.1105856250365,16.66666725,41.66666704166666,30.000000149999998,22.916666833333323,0.66,0.734,0.492,0.817,405.034,56792.915,19.46,4704.0,98.0,34.0,27.3,2.0,7.0
2020.0,114.53373015873015,87.0967741935484,84.83330327080324,76.271186440678,87.8787878787879,85.2941176470588,87.06016311118384,0.7244999999999999,0.7,0.633,0.855,144.181,56792.915,19.46,4704.0,98.0,34.0,72.8,0.0,7.0
2021.0,75.70932556349206,87.0967741935484,73.6418511066398,76.271186440678,76.1904761904762,74.2857142857143,74.6913580246914,0.7244999999999999,0.7,0.633,0.855,144.181,56792.915,19.46,4704.0,98.0,34.0,72.8,0.0,7.0
2022.0,125.0,87.0967741935484,84.83330327080324,76.271186440678,87.8787878787879,85.2941176470588,87.06016311118384,0.7244999999999999,0.7,0.633,0.855,144.181,56792.915,19.46,4704.0,98.0,34.0,72.8,0.0,7.0
2023.0,104.98348072307598,87.0967741935484,95.51910361977174,99.00087270830306,98.8532110091743,85.2941176470588,87.06016311118384,0.7244999999999999,0.7,0.633,0.855,144.181,56792.915,19.46,4704.0,98.0,34.0,72.8,0.0,7.0
2024.0,65.69850288600288,126.9759485926655,129.16666675,122.08333358333336,132.142857142857,131.21597458391912,126.923076923077,0.7244999999999999,0.7,0.633,0.855,144.181,56792.915,19.46,4704.0,98.0,34.0,72.8,0.0,7.0
2020.0,85.50685425685425,74.6815286624204,95.51910361977174,76.271186440678,98.8532110091743,74.2857142857143,74.6913580246914,0.715,0.734,0.563,0.866,676.805,36271.065,19.46,4704.0,98.0,34.0,60.75,5.0,2.0
2021.0,35.1909184726522,61.9047619047619,129.16666675,133.5763890138889,132.142857142857,141.74107151190475,140.0,0.715,0.734,0.563,0.866,676.805,36271.065,19.46,4704.0,98.0,34.0,60.75,5.0,2.0
2022.0,55.9503105590062,74.6815286624204,62.5,76.271186440678,65.15151533333334,74.2857142857143,74.6913580246914,0.715,0.734,0.563,0.866,676.805,36271.065,19.46,4704.0,98.0,34.0,60.75,5.0,2.0
2023.0,85.50685425685425,87.0967741935484,140.824915824916,156.38888897222222,144.54365083531744,85.2941176470588,87.06016311118384,0.715,0.734,0.563,0.866,676.805,36271.065,19.46,4704.0,98.0,34.0,60.75,5.0,2.0
2024.0,104.98348072307598,61.9047619047619,73.6418511066398,53.6144578313253,65.15151533333334,63.3333333333333,61.77257512796453,0.715,0.734,0.563,0.866,676.805,36271.065,19.46,4704.0,98.0,34.0,60.75,5.0,2.0
2020.0,55.9503105590062,113.513513513514,117.6653439153439,133.5763890138889,110.44448509237219,118.518518518519,113.4063143817545,0.706,0.7,0.606,0.834,2045.1845,36271.065,19.46,4704.0,98.0,34.0,94.4,6.0,2.0
2021.0,75.70932556349206,87.0967741935484,195.1388888888889,180.8234127400794,192.5925925925926,185.714285714286,179.87103174603178,0.706,0.7,0.606,0.834,2045.1845,36271.065,19.46,4704.0,98.0,34.0,94.4,6.0,2.0
2022.0,75.70932556349206,74.6815286624204,73.6418511066398,87.1754878072813,76.1904761904762,85.2941176470588,87.06016311118384,0.706,0.7,0.606,0.834,2045.1845,36271.065,19.46,4704.0,98.0,34.0,94.4,6.0,2.0
2023.0,104.98348072307598,140.0,150.6881313131313,145.45454554545452,155.263157894737,141.74107151190475,140.0,0.706,0.7,0.606,0.834,2045.1845,36271.065,19.46,4704.0,98.0,34.0,94.4,6.0,2.0
2024.0,55.9503105590062,61.9047619047619,73.6418511066398,99.00087270830306,87.8787878787879,53.125,61.77257512796453,0.706,0.7,0.606,0.834,2045.1845,36271.065,19.46,4704.0,98.0,34.0,94.4,6.0,2.0
2020.0,85.50685425685425,193.333333333333,117.6653439153439,122.08333358333336,121.38558201058203,185.714285714286,193.8074194324195,0.613,0.626,0.4765,0.7805,946.9680000000001,27276.97,19.46,4704.0,98.0,34.0,64.75,4.0,7.0
2021.0,95.83333345833333,100.0,84.83330327080324,87.1754878072813,87.8787878787879,85.2941176470588,87.06016311118384,0.613,0.626,0.4765,0.7805,946.9680000000001,27276.97,19.46,4704.0,98.0,34.0,64.75,4.0,7.0
2022.0,95.83333345833333,113.513513513514,106.52777786111112,110.480549199085,110.44448509237219,85.2941176470588,87.06016311118384,0.613,0.626,0.4765,0.7805,946.9680000000001,27276.97,19.46,4704.0,98.0,34.0,64.75,4.0,7.0
2023.0,85.50685425685425,140.0,140.824915824916,122.08333358333336,144.54365083531744,154.78670634920644,140.0,0.613,0.626,0.4765,0.7805,946.9680000000001,27276.97,19.46,4704.0,98.0,34.0,64.75,4.0,7.0
2024.0,95.83333345833333,113.513513513514,106.52777786111112,110.480549199085,110.44448509237219,118.518518518519,113.4063143817545,0.613,0.626,0.4765,0.7805,946.9680000000001,27276.97,19.46,4704.0,98.0,34.0,64.75,4.0,7.0
2020.0,55.9503105590062,74.6815286624204,73.6418511066398,65.0,76.1904761904762,63.3333333333333,74.6913580246914,0.631,0.639,0.4765,0.834,946.9680000000001,68227.53,19.46,4704.0,98.0,34.0,27.3,5.0,3.0
2021.0,2.63157894736842,140.0,84.83330327080324,76.271186440678,87.8787878787879,74.2857142857143,87.06016311118384,0.631,0.639,0.4765,0.834,946.9680000000001,68227.53,19.46,4704.0,98.0,34.0,27.3,5.0,3.0
2022.0,35.1909184726522,74.6815286624204,73.6418511066398,76.271186440678,76.1904761904762,74.2857142857143,74.6913580246914,0.631,0.639,0.4765,0.834,946.9680000000001,68227.53,19.46,4704.0,98.0,34.0,27.3,5.0,3.0
2023.0,85.50685425685425,87.0967741935484,84.83330327080324,76.271186440678,87.8787878787879,85.2941176470588,87.06016311118384,0.631,0.639,0.4765,0.834,946.9680000000001,68227.53,19.46,4704.0,98.0,34.0,27.3,5.0,3.0
2024.0,95.83333345833333,113.513513513514,106.52777786111112,110.480549199085,110.44448509237219,107.70655270655271,113.4063143817545,0.631,0.639,0.4765,0.834,946.9680000000001,68227.53,19.46,4704.0,98.0,34.0,27.3,5.0,3.0
2020.0,125.0,126.9759485926655,117.6653439153439,133.5763890138889,121.38558201058203,131.21597458391912,126.923076923077,0.687,0.674,0.576,0.839,1228.91,45625.31,19.46,4704.0,98.0,34.0,31.6,2.0,7.0
2021.0,75.70932556349206,87.0967741935484,84.83330327080324,76.271186440678,76.1904761904762,63.3333333333333,61.77257512796453,0.687,0.674,0.576,0.839,1228.91,45625.31,19.46,4704.0,98.0,34.0,31.6,2.0,7.0
2022.0,183.333333333333,100.0,73.6418511066398,76.271186440678,76.1904761904762,74.2857142857143,74.6913580246914,0.687,0.674,0.576,0.839,1228.91,45625.31,19.46,4704.0,98.0,34.0,31.6,2.0,7.0
2023.0,155.102040816327,87.0967741935484,73.6418511066398,87.1754878072813,76.1904761904762,85.2941176470588,87.06016311118384,0.687,0.674,0.576,0.839,1228.91,45625.31,19.46,4704.0,98.0,34.0,31.6,2.0,7.0
2024.0,155.102040816327,113.513513513514,106.52777786111112,122.08333358333336,110.44448509237219,118.518518518519,113.4063143817545,0.687,0.674,0.576,0.839,1228.91,45625.31,19.46,4704.0,98.0,34.0,31.6,2.0,7.0
2020.0,25.972222722222217,154.36868691035355,150.6881313131313,156.38888897222222,144.54365083531744,154.78670634920644,154.72222230555556,0.715,0.734,0.606,0.834,2045.1845,68227.53,19.46,4704.0,98.0,34.0,83.1,5.0,11.0
2021.0,46.1215513794482,61.9047619047619,84.83330327080324,87.1754878072813,87.8787878787879,96.50389086358356,100.0,0.715,0.734,0.606,0.834,2045.1845,68227.53,19.46,4704.0,98.0,34.0,83.1,5.0,11.0
2022.0,65.69850288600288,87.0967741935484,95.51910361977174,99.00087270830306,98.8532110091743,107.70655270655271,113.4063143817545,0.715,0.734,0.606,0.834,2045.1845,68227.53,19.46,4704.0,98.0,34.0,83.1,5.0,11.0
2023.0,46.1215513794482,179.27158489658487,150.6881313131313,145.45454554545452,155.263157894737,175.52778920425976,179.87103174603178,0.715,0.734,0.606,0.834,2045.1845,68227.53,19.46,4704.0,98.0,34.0,83.1,5.0,11.0
2024.0,85.50685425685425,166.666666666667,195.1388888888889,169.20093795093794,192.5925925925926,164.28571436904764,166.666666666667,0.715,0.734,0.606,0.834,2045.1845,68227.53,19.46,4704.0,98.0,34.0,83.1,5.0,11.0
2020.0,114.53373015873015,113.513513513514,84.83330327080324,110.480549199085,87.8787878787879,107.70655270655271,113.4063143817545,0.667,0.7,0.534,0.8015000000000001,144.181,36271.065,19.46,4704.0,98.0,34.0,20.6,3.0,7.0
2021.0,46.1215513794482,113.513513513514,8.333333875,16.66666725,7.91666725,6.775210084033615,140.0,0.667,0.7,0.534,0.8015000000000001,144.181,36271.065,19.46,4704.0,98.0,34.0,20.6,3.0,7.0
2022.0,55.9503105590062,100.0,62.5,53.6144578313253,76.1904761904762,63.3333333333333,74.6913580246914,0.667,0.7,0.534,0.8015000000000001,144.181,36271.065,19.46,4704.0,98.0,34.0,20.6,3.0,7.0
2023.0,114.53373015873015,48.95833354166667,62.5,65.0,52.77777802777778,53.125,49.355158896825394,0.667,0.7,0.534,0.8015000000000001,144.181,36271.065,19.46,4704.0,98.0,34.0,20.6,3.0,7.0
2024.0,104.98348072307598,113.513513513514,84.83330327080324,99.00087270830306,87.8787878787879,85.2941176470588,113.4063143817545,0.667,0.7,0.534,0.8015000000000001,144.181,36271.065,19.46,4704.0,98.0,34.0,20.6,3.0,7.0
2020.0,65.69850288600288,126.9759485926655,140.824915824916,145.45454554545452,144.54365083531744,131.21597458391912,126.923076923077,0.791,0.767,0.754,0.849,144.181,45625.31,19.46,4704.0,98.0,34.0,64.75,0.0,15.0
2021.0,104.98348072307598,140.0,62.5,53.6144578313253,65.15151533333334,53.125,61.77257512796453,0.791,0.767,0.754,0.849,144.181,45625.31,19.46,4704.0,98.0,34.0,64.75,0.0,15.0
2022.0,46.1215513794482,61.9047619047619,84.83330327080324,76.271186440678,87.8787878787879,85.2941176470588,87.06016311118384,0.791,0.767,0.754,0.849,144.181,45625.31,19.46,4704.0,98.0,34.0,64.75,0.0,15.0
2023.0,95.83333345833333,113.513513513514,129.16666675,122.08333358333336,132.142857142857,107.70655270655271,113.4063143817545,0.791,0.767,0.754,0.849,144.181,45625.31,19.46,4704.0,98.0,34.0,64.75,0.0,15.0
2024.0,65.69850288600288,87.0967741935484,84.83330327080324,87.1754878072813,87.8787878787879,85.2941176470588,87.06016311118384,0.791,0.767,0.754,0.849,144.181,45625.31,19.46,4704.0,98.0,34.0,64.75,0.0,15.0
2020.0,55.9503105590062,113.513513513514,95.51910361977174,87.1754878072813,98.8532110091743,107.70655270655271,113.4063143817545,0.734,0.734,0.62,0.886,1228.91,56792.915,19.46,4704.0,98.0,34.0,90.5,0.0,7.0
2021.0,104.98348072307598,100.0,106.52777786111112,110.480549199085,110.44448509237219,107.70655270655271,113.4063143817545,0.734,0.734,0.62,0.886,1228.91,56792.915,19.46,4704.0,98.0,34.0,90.5,0.0,7.0
2022.0,85.50685425685425,87.0967741935484,73.6418511066398,99.00087270830306,76.1904761904762,96.50389086358356,100.0,0.734,0.734,0.62,0.886,1228.91,56792.915,19.46,4704.0,98.0,34.0,90.5,0.0,7.0
2023.0,145.2422175777439,113.513513513514,95.51910361977174,87.1754878072813,87.8787878787879,107.70655270655271,113.4063143817545,0.734,0.734,0.62,0.886,1228.91,56792.915,19.46,4704.0,98.0,34.0,90.5,0.0,7.0
2024.0,125.0,74.6815286624204,39.9399399399399,41.666667,52.77777802777778,74.2857142857143,74.6913580246914,0.734,0.734,0.62,0.886,1228.91,56792.915,19.46,4704.0,98.0,34.0,90.5,0.0,7.0
2020.0,75.70932556349206,113.513513513514,106.52777786111112,122.08333358333336,110.44448509237219,118.518518518519,113.4063143817545,0.639,0.639,0.505,0.822,405.034,27276.97,19.46,4704.0,98.0,34.0,35.4,0.0,4.0
2021.0,85.50685425685425,100.0,95.51910361977174,87.1754878072813,87.8787878787879,85.2941176470588,87.06016311118384,0.639,0.639,0.505,0.822,405.034,27276.97,19.46,4704.0,98.0,34.0,35.4,0.0,4.0
2022.0,85.50685425685425,100.0,95.51910361977174,110.480549199085,98.8532110091743,107.70655270655271,100.0,0.639,0.639,0.505,0.822,405.034,27276.97,19.46,4704.0,98.0,34.0,35.4,0.0,4.0
2023.0,85.50685425685425,100.0,129.16666675,110.480549199085,110.44448509237219,107.70655270655271,100.0,0.639,0.639,0.505,0.822,405.034,27276.97,19.46,4704.0,98.0,34.0,35.4,0.0,4.0
2024.0,85.50685425685425,126.9759485926655,106.52777786111112,122.08333358333336,110.44448509237219,118.518518518519,113.4063143817545,0.639,0.639,0.505,0.822,405.034,27276.97,19.46,4704.0,98.0,34.0,35.4,0.0,4.0
2020.0,268.3333333333335,100.0,84.83330327080324,87.1754878072813,87.8787878787879,85.2941176470588,100.0,0.78,0.7945,0.705,0.839,144.181,68227.53,1026.47,111457.5,33.0,651.0,97.9,3.0,7.0
2021.0,95.83333345833333,87.0967741935484,117.6653439153439,122.08333358333336,121.38558201058203,96.50389086358356,100.0,0.78,0.7945,0.705,0.839,144.181,68227.53,1026.47,111457.5,33.0,651.0,97.9,3.0,7.0
2022.0,95.83333345833333,87.0967741935484,106.52777786111112,99.00087270830306,98.8532110091743,96.50389086358356,100.0,0.78,0.7945,0.705,0.839,144.181,68227.53,1026.47,111457.5,33.0,651.0,97.9,3.0,7.0
2023.0,75.70932556349206,126.9759485926655,140.824915824916,145.45454554545452,144.54365083531744,131.21597458391912,126.923076923077,0.78,0.7945,0.705,0.839,144.181,68227.53,1026.47,111457.5,33.0,651.0,97.9,3.0,7.0
2024.0,55.9503105590062,140.0,150.6881313131313,156.38888897222222,155.263157894737,131.21597458391912,140.0,0.78,0.7945,0.705,0.839,144.181,68227.53,1026.47,111457.5,33.0,651.0,97.9,3.0,7.0
2020.0,85.50685425685425,251.92307692307702,239.27045177045153,250.0,250.0,241.666666666667,251.92307692307702,0.613,0.604,0.461,0.822,144.181,27276.97,19.46,4704.0,98.0,34.0,31.6,0.0,7.0
2021.0,75.70932556349206,87.0967741935484,140.824915824916,156.38888897222222,132.142857142857,141.74107151190475,140.0,0.613,0.604,0.461,0.822,144.181,27276.97,19.46,4704.0,98.0,34.0,31.6,0.0,7.0
2022.0,145.2422175777439,100.0,50.26348435761521,53.6144578313253,52.77777802777778,53.125,61.77257512796453,0.613,0.604,0.461,0.822,144.181,27276.97,19.46,4704.0,98.0,34.0,31.6,0.0,7.0
2023.0,95.83333345833333,100.0,95.51910361977174,76.271186440678,98.8532110091743,96.50389086358356,100.0,0.613,0.604,0.461,0.822,144.181,27276.97,19.46,4704.0,98.0,34.0,31.6,0.0,7.0
2024.0,95.83333345833333,48.95833354166667,28.1105856250365,31.6455696202532,29.166667208333333,53.125,49.355158896825394,0.613,0.604,0.461,0.822,144.181,27276.97,19.46,4704.0,98.0,34.0,31.6,0.0,7.0
2020.0,95.83333345833333,87.0967741935484,73.6418511066398,76.271186440678,76.1904761904762,74.2857142857143,87.06016311118384,0.697,0.682,0.576,0.866,2600.969,45625.31,19.46,4704.0,98.0,34.0,83.1,6.0,4.0
2021.0,25.972222722222217,74.6815286624204,106.52777786111112,99.00087270830306,110.44448509237219,96.50389086358356,100.0,0.697,0.682,0.576,0.866,2600.969,45625.31,19.46,4704.0,98.0,34.0,83.1,6.0,4.0
2022.0,2.63157894736842,140.0,84.83330327080324,87.1754878072813,87.8787878787879,85.2941176470588,87.06016311118384,0.697,0.682,0.576,0.866,2600.969,45625.31,19.46,4704.0,98.0,34.0,83.1,6.0,4.0
2023.0,95.83333345833333,100.0,95.51910361977174,110.480549199085,98.8532110091743,96.50389086358356,100.0,0.697,0.682,0.576,0.866,2600.969,45625.31,19.46,4704.0,98.0,34.0,83.1,6.0,4.0
2024.0,95.83333345833333,113.513513513514,106.52777786111112,110.480549199085,110.44448509237219,107.70655270655271,100.0,0.697,0.682,0.576,0.866,2600.969,45625.31,19.46,4704.0,98.0,34.0,83.1,6.0,4.0
2020.0,125.0,87.0967741935484,84.83330327080324,99.00087270830306,87.8787878787879,85.2941176470588,87.06016311118384,0.687,0.682,0.576,0.813,144.181,36271.065,19.46,4704.0,98.0,34.0,35.4,0.0,7.0
2021.0,114.53373015873015,113.513513513514,84.83330327080324,87.1754878072813,87.8787878787879,85.2941176470588,87.06016311118384,0.687,0.682,0.576,0.813,144.181,36271.065,19.46,4704.0,98.0,34.0,35.4,0.0,7.0
2022.0,104.98348072307598,126.9759485926655,95.51910361977174,99.00087270830306,98.8532110091743,96.50389086358356,87.06016311118384,0.687,0.682,0.576,0.813,144.181,36271.065,19.46,4704.0,98.0,34.0,35.4,0.0,7.0
2023.0,95.83333345833333,87.0967741935484,95.51910361977174,87.1754878072813,98.8532110091743,96.50389086358356,87.06016311118384,0.687,0.682,0.576,0.813,144.181,36271.065,19.46,4704.0,98.0,34.0,35.4,0.0,7.0
2024.0,55.9503105590062,87.0967741935484,84.83330327080324,76.271186440678,87.8787878787879,96.50389086358356,87.06016311118384,0.687,0.682,0.576,0.813,144.181,36271.065,19.46,4704.0,98.0,34.0,35.4,0.0,7.0
2020.0,46.1215513794482,113.513513513514,117.6653439153439,122.08333358333336,110.44448509237219,118.518518518519,113.4063143817545,0.715,0.7084999999999999,0.606,0.843,144.181,56792.915,145.6,4704.0,98.0,34.0,83.1,1.0,7.0
2021.0,104.98348072307598,113.513513513514,84.83330327080324,87.1754878072813,98.8532110091743,74.2857142857143,87.06016311118384,0.715,0.7084999999999999,0.606,0.843,144.181,56792.915,145.6,4704.0,98.0,34.0,83.1,1.0,7.0
2022.0,135.64380064380063,100.0,117.6653439153439,122.08333358333336,132.142857142857,107.70655270655271,100.0,0.715,0.7084999999999999,0.606,0.843,144.181,56792.915,145.6,4704.0,98.0,34.0,83.1,1.0,7.0
2023.0,104.98348072307598,113.513513513514,106.52777786111112,110.480549199085,98.8532110091743,107.70655270655271,113.4063143817545,0.715,0.7084999999999999,0.606,0.843,144.181,56792.915,145.6,4704.0,98.0,34.0,83.1,1.0,7.0
2024.0,114.53373015873015,87.0967741935484,50.26348435761521,41.666667,76.1904761904762,85.2941176470588,87.06016311118384,0.715,0.7084999999999999,0.606,0.843,144.181,56792.915,145.6,4704.0,98.0,34.0,83.1,1.0,7.0
2020.0,75.70932556349206,100.0,95.51910361977174,99.00087270830306,87.8787878787879,107.70655270655271,100.0,0.753,0.751,0.662,0.843,144.181,45625.31,19.46,4704.0,98.0,34.0,27.3,4.0,2.0
2021.0,95.83333345833333,126.9759485926655,62.5,76.271186440678,65.15151533333334,74.2857142857143,74.6913580246914,0.753,0.751,0.662,0.843,144.181,45625.31,19.46,4704.0,98.0,34.0,27.3,4.0,2.0
2022.0,183.333333333333,300.0,8.333333875,6.666666666666666e-07,7.91666725,6.775210084033615,140.0,0.753,0.751,0.662,0.843,144.181,45625.31,19.46,4704.0,98.0,34.0,27.3,4.0,2.0
2023.0,104.98348072307598,74.6815286624204,106.52777786111112,76.271186440678,110.44448509237219,96.50389086358356,87.06016311118384,0.753,0.751,0.662,0.843,144.181,45625.31,19.46,4704.0,98.0,34.0,27.3,4.0,2.0
2024.0,114.53373015873015,154.36868691035355,129.16666675,133.5763890138889,132.142857142857,164.28571436904764,166.666666666667,0.753,0.751,0.662,0.843,144.181,45625.31,19.46,4704.0,98.0,34.0,27.3,4.0,2.0
2020.0,114.53373015873015,87.0967741935484,84.83330327080324,65.0,76.1904761904762,85.2941176470588,87.06016311118384,0.697,0.7084999999999999,0.576,0.807,405.034,45625.31,19.46,4704.0,98.0,34.0,68.9,0.0,2.0
2021.0,85.50685425685425,74.6815286624204,129.16666675,122.08333358333336,121.38558201058203,118.518518518519,113.4063143817545,0.697,0.7084999999999999,0.576,0.807,405.034,45625.31,19.46,4704.0,98.0,34.0,68.9,0.0,2.0
2022.0,114.53373015873015,100.0,117.6653439153439,110.480549199085,121.38558201058203,118.518518518519,126.923076923077,0.697,0.7084999999999999,0.576,0.807,405.034,45625.31,19.46,4704.0,98.0,34.0,68.9,0.0,2.0
2023.0,145.2422175777439,74.6815286624204,106.52777786111112,122.08333358333336,110.44448509237219,74.2857142857143,74.6913580246914,0.697,0.7084999999999999,0.576,0.807,405.034,45625.31,19.46,4704.0,98.0,34.0,68.9,0.0,2.0
2024.0,183.333333333333,154.36868691035355,184.857142857143,133.5763890138889,179.2857142857145,154.78670634920644,154.72222230555556,0.697,0.7084999999999999,0.576,0.807,405.034,45625.31,19.46,4704.0,98.0,34.0,68.9,0.0,2.0
2020.0,75.70932556349206,61.9047619047619,95.51910361977174,99.00087270830306,98.8532110091743,85.2941176470588,61.77257512796453,0.65,0.646,0.5225,0.813,144.181,36271.065,19.46,4704.0,98.0,34.0,27.3,1.0,2.0
2021.0,15.3846153846154,100.0,150.6881313131313,145.45454554545452,144.54365083531744,118.518518518519,126.923076923077,0.65,0.646,0.5225,0.813,144.181,36271.065,19.46,4704.0,98.0,34.0,27.3,1.0,2.0
2022.0,46.1215513794482,74.6815286624204,300.0,350.0,300.0,300.0,300.0,0.65,0.646,0.5225,0.813,144.181,36271.065,19.46,4704.0,98.0,34.0,27.3,1.0,2.0
2023.0,114.53373015873015,100.0,50.26348435761521,65.0,52.77777802777778,107.70655270655271,100.0,0.65,0.646,0.5225,0.813,144.181,36271.065,19.46,4704.0,98.0,34.0,27.3,1.0,2.0
2024.0,104.98348072307598,61.9047619047619,84.83330327080324,65.0,87.8787878787879,63.3333333333333,61.77257512796453,0.65,0.646,0.5225,0.813,144.181,36271.065,19.46,4704.0,98.0,34.0,27.3,1.0,2.0
2020.0,95.83333345833333,87.0967741935484,106.52777786111112,87.1754878072813,98.8532110091743,74.2857142857143,87.06016311118384,0.66,0.682,0.534,0.766,1228.91,45625.31,19.46,4704.0,98.0,34.0,75.7,5.0,4.0
2021.0,65.69850288600288,100.0,84.83330327080324,87.1754878072813,87.8787878787879,74.2857142857143,74.6913580246914,0.66,0.682,0.534,0.766,1228.91,45625.31,19.46,4704.0,98.0,34.0,75.7,5.0,4.0
2022.0,85.50685425685425,74.6815286624204,95.51910361977174,99.00087270830306,98.8532110091743,96.50389086358356,100.0,0.66,0.682,0.534,0.766,1228.91,45625.31,19.46,4704.0,98.0,34.0,75.7,5.0,4.0
2023.0,95.83333345833333,154.36868691035355,129.16666675,169.20093795093794,132.142857142857,141.74107151190475,154.72222230555556,0.66,0.682,0.534,0.766,1228.91,45625.31,19.46,4704.0,98.0,34.0,75.7,5.0,4.0
2024.0,75.70932556349206,179.27158489658487,129.16666675,169.20093795093794,132.142857142857,175.52778920425976,179.87103174603178,0.66,0.682,0.534,0.766,1228.91,45625.31,19.46,4704.0,98.0,34.0,75.7,5.0,4.0
2020.0,75.70932556349206,113.513513513514,117.6653439153439,122.08333358333336,121.38558201058203,118.518518518519,113.4063143817545,0.687,0.692,0.5225,0.881,676.805,36271.065,19.46,4704.0,98.0,34.0,35.4,1.0,4.0
2021.0,155.102040816327,113.513513513514,95.51910361977174,87.1754878072813,87.8787878787879,85.2941176470588,87.06016311118384,0.687,0.692,0.5225,0.881,676.805,36271.065,19.46,4704.0,98.0,34.0,35.4,1.0,4.0
2022.0,104.98348072307598,100.0,73.6418511066398,65.0,76.1904761904762,53.125,49.355158896825394,0.687,0.692,0.5225,0.881,676.805,36271.065,19.46,4704.0,98.0,34.0,35.4,1.0,4.0
2023.0,114.53373015873015,126.9759485926655,117.6653439153439,156.38888897222222,121.38558201058203,131.21597458391912,126.923076923077,0.687,0.692,0.5225,0.881,676.805,36271.065,19.46,4704.0,98.0,34.0,35.4,1.0,4.0
2024.0,104.98348072307598,87.0967741935484,161.63690480357144,133.5763890138889,167.60912698412704,96.50389086358356,100.0,0.687,0.692,0.5225,0.881,676.805,36271.065,19.46,4704.0,98.0,34.0,35.4,1.0,4.0
2020.0,85.50685425685425,140.0,150.6881313131313,169.20093795093794,155.263157894737,131.21597458391912,140.0,0.697,0.725,0.534,0.86,144.181,45625.31,19.46,4704.0,98.0,34.0,35.4,1.0,16.0
2021.0,15.3846153846154,126.9759485926655,84.83330327080324,87.1754878072813,87.8787878787879,96.50389086358356,100.0,0.697,0.725,0.534,0.86,144.181,45625.31,19.46,4704.0,98.0,34.0,35.4,1.0,16.0
2022.0,46.1215513794482,61.9047619047619,62.5,53.6144578313253,65.15151533333334,74.2857142857143,74.6913580246914,0.697,0.725,0.534,0.86,144.181,45625.31,19.46,4704.0,98.0,34.0,35.4,1.0,16.0
2023.0,65.69850288600288,166.666666666667,150.6881313131313,122.08333358333336,167.60912698412704,164.28571436904764,166.666666666667,0.697,0.725,0.534,0.86,144.181,45625.31,19.46,4704.0,98.0,34.0,35.4,1.0,16.0
2024.0,95.83333345833333,87.0967741935484,129.16666675,122.08333358333336,132.142857142857,96.50389086358356,87.06016311118384,0.697,0.725,0.534,0.86,144.181,45625.31,19.46,4704.0,98.0,34.0,35.4,1.0,16.0
2020.0,155.102040816327,113.513513513514,106.52777786111112,99.00087270830306,110.44448509237219,107.70655270655271,113.4063143817545,0.772,0.776,0.705,0.855,676.805,78182.4,19.46,62543.0,98.0,428.5,90.5,0.0,2.0
2021.0,46.1215513794482,61.9047619047619,106.52777786111112,99.00087270830306,110.44448509237219,96.50389086358356,100.0,0.772,0.776,0.705,0.855,676.805,78182.4,19.46,62543.0,98.0,428.5,90.5,0.0,2.0
2022.0,85.50685425685425,87.0967741935484,84.83330327080324,87.1754878072813,87.8787878787879,74.2857142857143,74.6913580246914,0.772,0.776,0.705,0.855,676.805,78182.4,19.46,62543.0,98.0,428.5,90.5,0.0,2.0
2023.0,114.53373015873015,166.666666666667,206.1069023569024,243.75,216.0195707070709,175.52778920425976,166.666666666667,0.772,0.776,0.705,0.855,676.805,78182.4,19.46,62543.0,98.0,428.5,90.5,0.0,2.0
2024.0,95.83333345833333,100.0,84.83330327080324,87.1754878072813,98.8532110091743,107.70655270655271,100.0,0.772,0.776,0.705,0.855,676.805,78182.4,19.46,62543.0,98.0,428.5,90.5,0.0,2.0
2020.0,25.972222722222217,140.0,129.16666675,145.45454554545452,144.54365083531744,141.74107151190475,140.0,0.7244999999999999,0.734,0.62,0.834,144.181,45625.31,19.46,4704.0,98.0,34.0,54.1,0.0,2.0
2021.0,55.9503105590062,87.0967741935484,117.6653439153439,133.5763890138889,132.142857142857,118.518518518519,113.4063143817545,0.7244999999999999,0.734,0.62,0.834,144.181,45625.31,19.46,4704.0,98.0,34.0,54.1,0.0,2.0
2022.0,95.83333345833333,100.0,106.52777786111112,99.00087270830306,110.44448509237219,96.50389086358356,100.0,0.7244999999999999,0.734,0.62,0.834,144.181,45625.31,19.46,4704.0,98.0,34.0,54.1,0.0,2.0
2023.0,104.98348072307598,87.0967741935484,95.51910361977174,122.08333358333336,98.8532110091743,85.2941176470588,87.06016311118384,0.7244999999999999,0.734,0.62,0.834,144.181,45625.31,19.46,4704.0,98.0,34.0,54.1,0.0,2.0
2024.0,85.50685425685425,113.513513513514,95.51910361977174,110.480549199085,110.44448509237219,107.70655270655271,113.4063143817545,0.7244999999999999,0.734,0.62,0.834,144.181,45625.31,19.46,4704.0,98.0,34.0,54.1,0.0,2.0
2020.0,75.70932556349206,179.27158489658487,161.63690480357144,169.20093795093794,155.263157894737,164.28571436904764,179.87103174603178,0.706,0.7,0.563,0.866,405.034,27276.97,19.46,4704.0,98.0,34.0,16.4,1.0,2.0
2021.0,125.0,126.9759485926655,95.51910361977174,122.08333358333336,110.44448509237219,131.21597458391912,126.923076923077,0.706,0.7,0.563,0.866,405.034,27276.97,19.46,4704.0,98.0,34.0,16.4,1.0,2.0
2022.0,85.50685425685425,74.6815286624204,62.5,53.6144578313253,52.77777802777778,63.3333333333333,61.77257512796453,0.706,0.7,0.563,0.866,405.034,27276.97,19.46,4704.0,98.0,34.0,16.4,1.0,2.0
2023.0,95.83333345833333,126.9759485926655,129.16666675,99.00087270830306,132.142857142857,118.518518518519,126.923076923077,0.706,0.7,0.563,0.866,405.034,27276.97,19.46,4704.0,98.0,34.0,16.4,1.0,2.0
2024.0,85.50685425685425,87.0967741935484,95.51910361977174,99.00087270830306,87.8787878787879,85.2941176470588,87.06016311118384,0.706,0.7,0.563,0.866,405.034,27276.97,19.46,4704.0,98.0,34.0,16.4,1.0,2.0
2020.0,125.0,100.0,95.51910361977174,87.1754878072813,98.8532110091743,96.50389086358356,100.0,0.734,0.761,0.606,0.843,144.181,36271.065,19.46,4704.0,98.0,34.0,60.75,0.0,16.0
2021.0,35.1909184726522,87.0967741935484,73.6418511066398,65.0,76.1904761904762,63.3333333333333,61.77257512796453,0.734,0.761,0.606,0.843,144.181,36271.065,19.46,4704.0,98.0,34.0,60.75,0.0,16.0
2022.0,55.9503105590062,74.6815286624204,84.83330327080324,87.1754878072813,87.8787878787879,85.2941176470588,87.06016311118384,0.734,0.761,0.606,0.843,144.181,36271.065,19.46,4704.0,98.0,34.0,60.75,0.0,16.0
2023.0,125.0,100.0,95.51910361977174,110.480549199085,98.8532110091743,96.50389086358356,100.0,0.734,0.761,0.606,0.843,144.181,36271.065,19.46,4704.0,98.0,34.0,60.75,0.0,16.0
2024.0,125.0,87.0967741935484,84.83330327080324,87.1754878072813,87.8787878787879,85.2941176470588,87.06016311118384,0.734,0.761,0.606,0.843,144.181,36271.065,19.46,4704.0,98.0,34.0,60.75,0.0,16.0
2020.0,125.0,113.513513513514,84.83330327080324,87.1754878072813,87.8787878787879,96.50389086358356,113.4063143817545,0.687,0.743,0.5225,0.849,144.181,36271.065,19.46,4704.0,98.0,34.0,42.9,3.0,7.0
2021.0,65.69850288600288,48.95833354166667,106.52777786111112,87.1754878072813,98.8532110091743,85.2941176470588,87.06016311118384,0.687,0.743,0.5225,0.849,144.181,36271.065,19.46,4704.0,98.0,34.0,42.9,3.0,7.0
2022.0,125.0,126.9759485926655,106.52777786111112,87.1754878072813,98.8532110091743,96.50389086358356,100.0,0.687,0.743,0.5225,0.849,144.181,36271.065,19.46,4704.0,98.0,34.0,42.9,3.0,7.0
2023.0,104.98348072307598,166.666666666667,184.857142857143,145.45454554545452,179.2857142857145,175.52778920425976,166.666666666667,0.687,0.743,0.5225,0.849,144.181,36271.065,19.46,4704.0,98.0,34.0,42.9,3.0,7.0
2024.0,174.193548387097,113.513513513514,117.6653439153439,122.08333358333336,98.8532110091743,118.518518518519,113.4063143817545,0.687,0.743,0.5225,0.849,144.181,36271.065,19.46,4704.0,98.0,34.0,42.9,3.0,7.0
2020.0,300.0,140.0,117.6653439153439,145.45454554545452,121.38558201058203,141.74107151190475,140.0,0.66,0.658,0.534,0.807,405.034,36271.065,19.46,4704.0,98.0,34.0,60.75,5.0,7.0
2021.0,15.3846153846154,61.9047619047619,140.824915824916,145.45454554545452,144.54365083531744,131.21597458391912,126.923076923077,0.66,0.658,0.534,0.807,405.034,36271.065,19.46,4704.0,98.0,34.0,60.75,5.0,7.0
2022.0,145.2422175777439,126.9759485926655,73.6418511066398,76.271186440678,76.1904761904762,74.2857142857143,74.6913580246914,0.66,0.658,0.534,0.807,405.034,36271.065,19.46,4704.0,98.0,34.0,60.75,5.0,7.0
2023.0,114.53373015873015,154.36868691035355,172.91666670833334,190.6240981240981,167.60912698412704,164.28571436904764,154.72222230555556,0.66,0.658,0.534,0.807,405.034,36271.065,19.46,4704.0,98.0,34.0,60.75,5.0,7.0
2024.0,75.70932556349206,113.513513513514,117.6653439153439,133.5763890138889,121.38558201058203,107.70655270655271,113.4063143817545,0.66,0.658,0.534,0.807,405.034,36271.065,19.46,4704.0,98.0,34.0,60.75,5.0,7.0
2020.0,114.53373015873015,362.5,337.5,350.0,337.5,287.5,362.5,0.7244999999999999,0.751,0.606,0.839,144.181,45625.31,19.46,4704.0,98.0,34.0,27.3,0.0,7.0
2021.0,145.2422175777439,113.513513513514,62.5,76.271186440678,65.15151533333334,85.2941176470588,87.06016311118384,0.7244999999999999,0.751,0.606,0.839,144.181,45625.31,19.46,4704.0,98.0,34.0,27.3,0.0,7.0
2022.0,85.50685425685425,87.0967741935484,50.26348435761521,65.0,52.77777802777778,74.2857142857143,74.6913580246914,0.7244999999999999,0.751,0.606,0.839,144.181,45625.31,19.46,4704.0,98.0,34.0,27.3,0.0,7.0
2023.0,95.83333345833333,61.9047619047619,95.51910361977174,41.666667,87.8787878787879,63.3333333333333,61.77257512796453,0.7244999999999999,0.751,0.606,0.839,144.181,45625.31,19.46,4704.0,98.0,34.0,27.3,0.0,7.0
2024.0,85.50685425685425,61.9047619047619,50.26348435761521,53.6144578313253,52.77777802777778,63.3333333333333,61.77257512796453,0.7244999999999999,0.751,0.606,0.839,144.181,45625.31,19.46,4704.0,98.0,34.0,27.3,0.0,7.0
2020.0,35.1909184726522,100.0,106.52777786111112,76.271186440678,110.44448509237219,107.70655270655271,100.0,0.743,0.717,0.676,0.855,144.181,56792.915,145.6,4704.0,98.0,34.0,42.9,3.0,11.0
2021.0,65.69850288600288,113.513513513514,62.5,65.0,65.15151533333334,53.125,49.355158896825394,0.743,0.717,0.676,0.855,144.181,56792.915,145.6,4704.0,98.0,34.0,42.9,3.0,11.0
2022.0,95.83333345833333,100.0,140.824915824916,169.20093795093794,144.54365083531744,131.21597458391912,126.923076923077,0.743,0.717,0.676,0.855,144.181,56792.915,145.6,4704.0,98.0,34.0,42.9,3.0,11.0
2023.0,104.98348072307598,100.0,95.51910361977174,110.480549199085,98.8532110091743,107.70655270655271,100.0,0.743,0.717,0.676,0.855,144.181,56792.915,145.6,4704.0,98.0,34.0,42.9,3.0,11.0
2024.0,104.98348072307598,87.0967741935484,117.6653439153439,99.00087270830306,121.38558201058203,96.50389086358356,100.0,0.743,0.717,0.676,0.855,144.181,56792.915,145.6,4704.0,98.0,34.0,42.9,3.0,11.0
2020.0,166.18882275132276,113.513513513514,95.51910361977174,110.480549199085,98.8532110091743,118.518518518519,113.4063143817545,0.715,0.7,0.606,0.8705,144.181,36271.065,19.46,4704.0,98.0,34.0,38.9,2.0,2.0
2021.0,114.53373015873015,140.0,62.5,53.6144578313253,65.15151533333334,53.125,61.77257512796453,0.715,0.7,0.606,0.8705,144.181,36271.065,19.46,4704.0,98.0,34.0,38.9,2.0,2.0
2022.0,65.69850288600288,87.0967741935484,117.6653439153439,122.08333358333336,132.142857142857,131.21597458391912,126.923076923077,0.715,0.7,0.606,0.8705,144.181,36271.065,19.46,4704.0,98.0,34.0,38.9,2.0,2.0
2023.0,104.98348072307598,113.513513513514,106.52777786111112,122.08333358333336,110.44448509237219,118.518518518519,113.4063143817545,0.715,0.7,0.606,0.8705,144.181,36271.065,19.46,4704.0,98.0,34.0,38.9,2.0,2.0
2024.0,125.0,113.513513513514,117.6653439153439,122.08333358333336,121.38558201058203,118.518518518519,113.4063143817545,0.715,0.7,0.606,0.8705,144.181,36271.065,19.46,4704.0,98.0,34.0,38.9,2.0,2.0
2020.0,65.69850288600288,126.9759485926655,184.857142857143,180.8234127400794,192.5925925925926,131.21597458391912,126.923076923077,0.697,0.7,0.591,0.822,144.181,36271.065,19.46,4704.0,98.0,34.0,68.9,0.0,2.0
2021.0,55.9503105590062,74.6815286624204,117.6653439153439,122.08333358333336,121.38558201058203,107.70655270655271,113.4063143817545,0.697,0.7,0.591,0.822,144.181,36271.065,19.46,4704.0,98.0,34.0,68.9,0.0,2.0
2022.0,95.83333345833333,74.6815286624204,84.83330327080324,99.00087270830306,87.8787878787879,85.2941176470588,87.06016311118384,0.697,0.7,0.591,0.822,144.181,36271.065,19.46,4704.0,98.0,34.0,68.9,0.0,2.0
2023.0,125.0,126.9759485926655,117.6653439153439,110.480549199085,132.142857142857,131.21597458391912,126.923076923077,0.697,0.7,0.591,0.822,144.181,36271.065,19.46,4704.0,98.0,34.0,68.9,0.0,2.0
2024.0,95.83333345833333,179.27158489658487,206.1069023569024,203.25396825396825,192.5925925925926,175.52778920425976,166.666666666667,0.697,0.7,0.591,0.822,144.181,36271.065,19.46,4704.0,98.0,34.0,68.9,0.0,2.0
2020.0,95.83333345833333,113.513513513514,117.6653439153439,110.480549199085,121.38558201058203,107.70655270655271,113.4063143817545,0.687,0.666,0.576,0.834,1696.571,78182.4,19.46,4704.0,98.0,34.0,27.3,5.0,11.0
2021.0,65.69850288600288,87.0967741935484,106.52777786111112,110.480549199085,110.44448509237219,118.518518518519,113.4063143817545,0.687,0.666,0.576,0.834,1696.571,78182.4,19.46,4704.0,98.0,34.0,27.3,5.0,11.0
2022.0,55.9503105590062,48.95833354166667,106.52777786111112,110.480549199085,110.44448509237219,96.50389086358356,100.0,0.687,0.666,0.576,0.834,1696.571,78182.4,19.46,4704.0,98.0,34.0,27.3,5.0,11.0
2023.0,114.53373015873015,113.513513513514,129.16666675,190.6240981240981,132.142857142857,118.518518518519,113.4063143817545,0.687,0.666,0.576,0.834,1696.571,78182.4,19.46,4704.0,98.0,34.0,27.3,5.0,11.0
2024.0,55.9503105590062,233.333333333333,278.0257936507937,218.19444444444446,282.8869047619048,233.333333333333,234.55891330891313,0.687,0.666,0.576,0.834,1696.571,78182.4,19.46,4704.0,98.0,34.0,27.3,5.0,11.0
2020.0,166.18882275132276,126.9759485926655,129.16666675,122.08333358333336,132.142857142857,118.518518518519,126.923076923077,0.678,0.743,0.5225,0.828,405.034,36271.065,19.46,4704.0,98.0,34.0,97.9,1.0,7.0
2021.0,15.3846153846154,22.916666833333323,129.16666675,110.480549199085,132.142857142857,107.70655270655271,113.4063143817545,0.678,0.743,0.5225,0.828,405.034,36271.065,19.46,4704.0,98.0,34.0,97.9,1.0,7.0
2022.0,15.3846153846154,22.916666833333323,95.51910361977174,99.00087270830306,98.8532110091743,96.50389086358356,100.0,0.678,0.743,0.5225,0.828,405.034,36271.065,19.46,4704.0,98.0,34.0,97.9,1.0,7.0
2023.0,125.0,87.0967741935484,129.16666675,133.5763890138889,121.38558201058203,85.2941176470588,87.06016311118384,0.678,0.743,0.5225,0.828,405.034,36271.065,19.46,4704.0,98.0,34.0,97.9,1.0,7.0
2024.0,75.70932556349206,100.0,106.52777786111112,99.00087270830306,98.8532110091743,96.50389086358356,100.0,0.678,0.743,0.5225,0.828,405.034,36271.065,19.46,4704.0,98.0,34.0,97.9,1.0,7.0
2020.0,95.83333345833333,113.513513513514,150.6881313131313,122.08333358333336,144.54365083531744,85.2941176470588,113.4063143817545,0.7244999999999999,0.743,0.62,0.839,144.181,45625.31,19.46,4704.0,98.0,34.0,54.1,0.0,13.0
2021.0,95.83333345833333,87.0967741935484,140.824915824916,133.5763890138889,132.142857142857,131.21597458391912,140.0,0.7244999999999999,0.743,0.62,0.839,144.181,45625.31,19.46,4704.0,98.0,34.0,54.1,0.0,13.0
2022.0,114.53373015873015,100.0,73.6418511066398,87.1754878072813,76.1904761904762,85.2941176470588,87.06016311118384,0.7244999999999999,0.743,0.62,0.839,144.181,45625.31,19.46,4704.0,98.0,34.0,54.1,0.0,13.0
2023.0,125.0,33.12500033333333,39.9399399399399,31.6455696202532,41.66666704166666,30.000000149999998,32.91666683333333,0.7244999999999999,0.743,0.62,0.839,144.181,45625.31,19.46,4704.0,98.0,34.0,54.1,0.0,13.0
2024.0,75.70932556349206,113.513513513514,117.6653439153439,133.5763890138889,121.38558201058203,118.518518518519,113.4063143817545,0.7244999999999999,0.743,0.62,0.839,144.181,45625.31,19.46,4704.0,98.0,34.0,54.1,0.0,13.0
2020.0,35.1909184726522,113.513513513514,106.52777786111112,99.00087270830306,98.8532110091743,96.50389086358356,113.4063143817545,0.763,0.7945,0.662,0.849,144.181,45625.31,19.46,4704.0,98.0,34.0,54.1,0.0,2.0
2021.0,55.9503105590062,87.0967741935484,73.6418511066398,76.271186440678,76.1904761904762,74.2857142857143,74.6913580246914,0.763,0.7945,0.662,0.849,144.181,45625.31,19.46,4704.0,98.0,34.0,54.1,0.0,2.0
2022.0,155.102040816327,87.0967741935484,95.51910361977174,87.1754878072813,98.8532110091743,74.2857142857143,74.6913580246914,0.763,0.7945,0.662,0.849,144.181,45625.31,19.46,4704.0,98.0,34.0,54.1,0.0,2.0
2023.0,75.70932556349206,126.9759485926655,161.63690480357144,169.20093795093794,167.60912698412704,131.21597458391912,126.923076923077,0.763,0.7945,0.662,0.849,144.181,45625.31,19.46,4704.0,98.0,34.0,54.1,0.0,2.0
2024.0,104.98348072307598,126.9759485926655,117.6653439153439,110.480549199085,121.38558201058203,107.70655270655271,126.923076923077,0.763,0.7945,0.662,0.849,144.181,45625.31,19.46,4704.0,98.0,34.0,54.1,0.0,2.0
2020.0,55.9503105590062,48.95833354166667,39.9399399399399,16.66666725,29.166667208333333,41.277890466531446,49.355158896825394,0.65,0.666,0.505,0.822,405.034,36271.065,19.46,4704.0,98.0,34.0,22.9,4.0,7.0
2021.0,55.9503105590062,74.6815286624204,28.1105856250365,31.6455696202532,29.166667208333333,19.3548387096774,22.916666833333323,0.65,0.666,0.505,0.822,405.034,36271.065,19.46,4704.0,98.0,34.0,22.9,4.0,7.0
2022.0,114.53373015873015,74.6815286624204,39.9399399399399,31.6455696202532,29.166667208333333,30.000000149999998,22.916666833333323,0.65,0.666,0.505,0.822,405.034,36271.065,19.46,4704.0,98.0,34.0,22.9,4.0,7.0
2023.0,104.98348072307598,87.0967741935484,84.83330327080324,87.1754878072813,87.8787878787879,85.2941176470588,87.06016311118384,0.65,0.666,0.505,0.822,405.034,36271.065,19.46,4704.0,98.0,34.0,22.9,4.0,7.0
2024.0,114.53373015873015,113.513513513514,117.6653439153439,122.08333358333336,132.142857142857,118.518518518519,113.4063143817545,0.65,0.666,0.505,0.822,405.034,36271.065,19.46,4704.0,98.0,34.0,22.9,4.0,7.0
2020.0,65.69850288600288,74.6815286624204,62.5,53.6144578313253,65.15151533333334,74.2857142857143,74.6913580246914,0.753,0.751,0.662,0.849,144.181,45625.31,19.46,4704.0,98.0,34.0,31.6,4.0,2.0
2021.0,95.83333345833333,113.513513513514,84.83330327080324,87.1754878072813,87.8787878787879,85.2941176470588,87.06016311118384,0.753,0.751,0.662,0.849,144.181,45625.31,19.46,4704.0,98.0,34.0,31.6,4.0,2.0
2022.0,85.50685425685425,113.513513513514,95.51910361977174,99.00087270830306,98.8532110091743,96.50389086358356,100.0,0.753,0.751,0.662,0.849,144.181,45625.31,19.46,4704.0,98.0,34.0,31.6,4.0,2.0
2023.0,75.70932556349206,100.0,117.6653439153439,133.5763890138889,110.44448509237219,107.70655270655271,100.0,0.753,0.751,0.662,0.849,144.181,45625.31,19.46,4704.0,98.0,34.0,31.6,4.0,2.0
2024.0,104.98348072307598,140.0,150.6881313131313,133.5763890138889,144.54365083531744,141.74107151190475,140.0,0.753,0.751,0.662,0.849,144.181,45625.31,19.46,4704.0,98.0,34.0,31.6,4.0,2.0
2020.0,85.50685425685425,100.0,95.51910361977174,99.00087270830306,87.8787878787879,96.50389086358356,100.0,0.753,0.761,0.646,0.866,405.034,78182.4,145.6,62543.0,33.0,428.5,83.1,1.0,15.0
2021.0,104.98348072307598,87.0967741935484,84.83330327080324,110.480549199085,87.8787878787879,85.2941176470588,87.06016311118384,0.753,0.761,0.646,0.866,405.034,78182.4,145.6,62543.0,33.0,428.5,83.1,1.0,15.0
2022.0,114.53373015873015,87.0967741935484,84.83330327080324,87.1754878072813,98.8532110091743,85.2941176470588,87.06016311118384,0.753,0.761,0.646,0.866,405.034,78182.4,145.6,62543.0,33.0,651.0,83.1,1.0,15.0
2023.0,135.64380064380063,74.6815286624204,62.5,41.666667,65.15151533333334,74.2857142857143,74.6913580246914,0.753,0.761,0.646,0.866,405.034,78182.4,145.6,62543.0,33.0,428.5,83.1,1.0,15.0
2024.0,125.0,33.12500033333333,62.5,87.1754878072813,76.1904761904762,41.277890466531446,32.91666683333333,0.753,0.761,0.646,0.866,405.034,78182.4,145.6,62543.0,55.0,428.5,83.1,1.0,15.0
2020.0,275.0,61.9047619047619,95.51910361977174,87.1754878072813,87.8787878787879,85.2941176470588,61.77257512796453,0.715,0.734,0.576,0.86,144.181,36271.065,19.46,4704.0,98.0,428.5,27.3,0.0,7.0
2021.0,55.9503105590062,87.0967741935484,73.6418511066398,87.1754878072813,87.8787878787879,74.2857142857143,74.6913580246914,0.715,0.734,0.576,0.86,144.181,36271.065,19.46,4704.0,98.0,428.5,27.3,0.0,7.0
2022.0,85.50685425685425,113.513513513514,95.51910361977174,99.00087270830306,98.8532110091743,63.3333333333333,74.6913580246914,0.715,0.734,0.576,0.86,144.181,36271.065,19.46,4704.0,98.0,428.5,27.3,0.0,7.0
2023.0,95.83333345833333,113.513513513514,129.16666675,180.8234127400794,132.142857142857,107.70655270655271,113.4063143817545,0.715,0.734,0.576,0.86,144.181,36271.065,19.46,4704.0,98.0,428.5,27.3,0.0,7.0
2024.0,65.69850288600288,87.0967741935484,84.83330327080324,87.1754878072813,98.8532110091743,85.2941176470588,87.06016311118384,0.715,0.734,0.576,0.86,144.181,36271.065,19.46,4704.0,98.0,428.5,27.3,0.0,7.0
2020.0,95.83333345833333,179.27158489658487,230.769230769231,203.25396825396825,223.076923076923,185.714285714286,179.87103174603178,0.715,0.717,0.591,0.843,144.181,36271.065,19.46,4704.0,98.0,34.0,46.7,1.0,7.0
2021.0,15.3846153846154,113.513513513514,129.16666675,122.08333358333336,110.44448509237219,118.518518518519,113.4063143817545,0.715,0.717,0.591,0.843,144.181,36271.065,19.46,4704.0,98.0,34.0,46.7,1.0,7.0
2022.0,85.50685425685425,87.0967741935484,106.52777786111112,99.00087270830306,121.38558201058203,107.70655270655271,113.4063143817545,0.715,0.717,0.591,0.843,144.181,36271.065,19.46,4704.0,98.0,34.0,46.7,1.0,7.0
2023.0,95.83333345833333,87.0967741935484,73.6418511066398,110.480549199085,65.15151533333334,85.2941176470588,87.06016311118384,0.715,0.717,0.591,0.843,144.181,36271.065,19.46,4704.0,98.0,34.0,46.7,1.0,7.0
2024.0,95.83333345833333,74.6815286624204,50.26348435761521,65.0,52.77777802777778,74.2857142857143,74.6913580246914,0.715,0.717,0.591,0.843,144.181,36271.065,19.46,4704.0,98.0,34.0,46.7,1.0,7.0
2020.0,46.1215513794482,74.6815286624204,84.83330327080324,76.271186440678,87.8787878787879,85.2941176470588,74.6913580246914,0.706,0.717,0.563,0.866,144.181,27276.97,19.46,4704.0,98.0,34.0,50.3,6.0,1.0
2021.0,25.972222722222217,61.9047619047619,84.83330327080324,87.1754878072813,87.8787878787879,85.2941176470588,87.06016311118384,0.706,0.717,0.563,0.866,144.181,27276.97,19.46,4704.0,98.0,34.0,50.3,6.0,1.0
2022.0,85.50685425685425,61.9047619047619,84.83330327080324,87.1754878072813,87.8787878787879,85.2941176470588,87.06016311118384,0.706,0.717,0.563,0.866,144.181,27276.97,19.46,4704.0,98.0,34.0,50.3,6.0,1.0
2023.0,95.83333345833333,87.0967741935484,84.83330327080324,99.00087270830306,87.8787878787879,85.2941176470588,87.06016311118384,0.706,0.717,0.563,0.866,144.181,27276.97,19.46,4704.0,98.0,34.0,50.3,6.0,1.0
2024.0,85.50685425685425,87.0967741935484,84.83330327080324,87.1754878072813,87.8787878787879,85.2941176470588,87.06016311118384,0.706,0.717,0.563,0.866,144.181,27276.97,19.46,4704.0,98.0,34.0,50.3,6.0,1.0
2020.0,46.1215513794482,87.0967741935484,73.6418511066398,76.271186440678,65.15151533333334,85.2941176470588,87.06016311118384,0.743,0.734,0.646,0.86,144.181,45625.31,19.46,4704.0,98.0,34.0,72.8,1.0,15.0
2021.0,46.1215513794482,74.6815286624204,84.83330327080324,65.0,87.8787878787879,85.2941176470588,87.06016311118384,0.743,0.734,0.646,0.86,144.181,45625.31,19.46,4704.0,98.0,34.0,72.8,1.0,15.0
2022.0,85.50685425685425,61.9047619047619,129.16666675,122.08333358333336,121.38558201058203,118.518518518519,113.4063143817545,0.743,0.734,0.646,0.86,144.181,45625.31,19.46,4704.0,98.0,34.0,72.8,1.0,15.0
2023.0,85.50685425685425,87.0967741935484,106.52777786111112,110.480549199085,98.8532110091743,96.50389086358356,87.06016311118384,0.743,0.734,0.646,0.86,144.181,45625.31,19.46,4704.0,98.0,34.0,72.8,1.0,15.0
2024.0,104.98348072307598,87.0967741935484,95.51910361977174,87.1754878072813,87.8787878787879,96.50389086358356,87.06016311118384,0.743,0.734,0.646,0.86,144.181,45625.31,19.46,4704.0,98.0,34.0,72.8,1.0,15.0
2020.0,35.1909184726522,100.0,106.52777786111112,99.00087270830306,110.44448509237219,107.70655270655271,100.0,0.667,0.7,0.492,0.849,2045.1845,36271.065,19.46,4704.0,98.0,34.0,68.9,1.0,7.0
2021.0,114.53373015873015,113.513513513514,117.6653439153439,122.08333358333336,121.38558201058203,118.518518518519,113.4063143817545,0.667,0.7,0.492,0.849,2045.1845,36271.065,19.46,4704.0,98.0,34.0,68.9,1.0,7.0
2022.0,104.98348072307598,87.0967741935484,95.51910361977174,87.1754878072813,110.44448509237219,85.2941176470588,87.06016311118384,0.667,0.7,0.492,0.849,2045.1845,36271.065,19.46,4704.0,98.0,34.0,68.9,1.0,7.0
2023.0,125.0,61.9047619047619,73.6418511066398,87.1754878072813,76.1904761904762,63.3333333333333,61.77257512796453,0.667,0.7,0.492,0.849,2045.1845,36271.065,19.46,4704.0,98.0,34.0,68.9,1.0,7.0
2024.0,114.53373015873015,87.0967741935484,73.6418511066398,65.0,76.1904761904762,85.2941176470588,87.06016311118384,0.667,0.7,0.492,0.849,2045.1845,36271.065,19.46,4704.0,98.0,34.0,68.9,1.0,7.0
2020.0,104.98348072307598,61.9047619047619,73.6418511066398,76.271186440678,76.1904761904762,63.3333333333333,61.77257512796453,0.706,0.7084999999999999,0.563,0.8705,1228.91,330080.63,19.46,4704.0,98.0,34.0,27.3,4.0,1.0
2021.0,75.70932556349206,100.0,62.5,65.0,65.15151533333334,74.2857142857143,74.6913580246914,0.706,0.7084999999999999,0.563,0.8705,1228.91,330080.63,19.46,4704.0,98.0,34.0,27.3,4.0,1.0
2022.0,65.69850288600288,61.9047619047619,73.6418511066398,65.0,65.15151533333334,63.3333333333333,61.77257512796453,0.706,0.7084999999999999,0.563,0.8705,1228.91,330080.63,19.46,4704.0,98.0,34.0,27.3,4.0,1.0
2023.0,104.98348072307598,126.9759485926655,106.52777786111112,110.480549199085,110.44448509237219,118.518518518519,126.923076923077,0.706,0.7084999999999999,0.563,0.8705,1228.91,330080.63,19.46,4704.0,98.0,34.0,27.3,4.0,1.0
2024.0,95.83333345833333,100.0,117.6653439153439,99.00087270830306,121.38558201058203,96.50389086358356,100.0,0.706,0.7084999999999999,0.563,0.8705,1228.91,330080.63,19.46,4704.0,98.0,34.0,27.3,4.0,1.0
2020.0,95.83333345833333,126.9759485926655,117.6653439153439,122.08333358333336,121.38558201058203,118.518518518519,126.923076923077,0.687,0.743,0.548,0.807,144.181,45625.31,19.46,4704.0,98.0,34.0,38.9,0.0,15.0
2021.0,35.1909184726522,100.0,117.6653439153439,122.08333358333336,121.38558201058203,118.518518518519,113.4063143817545,0.687,0.743,0.548,0.807,144.181,45625.31,19.46,4704.0,98.0,34.0,38.9,0.0,15.0
2022.0,135.64380064380063,126.9759485926655,95.51910361977174,99.00087270830306,98.8532110091743,96.50389086358356,87.06016311118384,0.687,0.743,0.548,0.807,144.181,45625.31,19.46,4704.0,98.0,34.0,38.9,0.0,15.0
2023.0,95.83333345833333,113.513513513514,106.52777786111112,110.480549199085,110.44448509237219,107.70655270655271,113.4063143817545,0.687,0.743,0.548,0.807,144.181,45625.31,19.46,4704.0,98.0,34.0,38.9,0.0,15.0
2024.0,95.83333345833333,100.0,106.52777786111112,110.480549199085,110.44448509237219,107.70655270655271,100.0,0.687,0.743,0.548,0.807,144.181,45625.31,19.46,4704.0,98.0,34.0,38.9,0.0,15.0
2020.0,55.9503105590062,87.0967741935484,62.5,76.271186440678,65.15151533333334,63.3333333333333,87.06016311118384,0.743,0.761,0.646,0.839,144.181,56792.915,19.46,4704.0,98.0,34.0,86.6,3.0,2.0
2021.0,75.70932556349206,100.0,28.1105856250365,41.666667,41.66666704166666,53.125,61.77257512796453,0.743,0.761,0.646,0.839,144.181,56792.915,19.46,4704.0,98.0,34.0,86.6,3.0,2.0
2022.0,75.70932556349206,74.6815286624204,73.6418511066398,76.271186440678,76.1904761904762,63.3333333333333,61.77257512796453,0.743,0.761,0.646,0.839,144.181,56792.915,19.46,4704.0,98.0,34.0,86.6,3.0,2.0
2023.0,95.83333345833333,154.36868691035355,161.63690480357144,218.19444444444446,192.5925925925926,154.78670634920644,154.72222230555556,0.743,0.761,0.646,0.839,144.181,56792.915,19.46,4704.0,98.0,34.0,86.6,3.0,2.0
2024.0,114.53373015873015,87.0967741935484,106.52777786111112,99.00087270830306,110.44448509237219,96.50389086358356,87.06016311118384,0.743,0.761,0.646,0.839,144.181,56792.915,19.46,4704.0,98.0,34.0,86.6,3.0,2.0
2020.0,35.1909184726522,100.0,95.51910361977174,87.1754878072813,98.8532110091743,85.2941176470588,100.0,0.753,0.767,0.662,0.839,144.181,56792.915,19.46,4704.0,98.0,34.0,50.3,0.0,8.0
2021.0,114.53373015873015,87.0967741935484,95.51910361977174,110.480549199085,98.8532110091743,107.70655270655271,100.0,0.753,0.767,0.662,0.839,144.181,56792.915,19.46,4704.0,98.0,34.0,50.3,0.0,8.0
2022.0,85.50685425685425,100.0,50.26348435761521,53.6144578313253,52.77777802777778,63.3333333333333,61.77257512796453,0.753,0.767,0.662,0.839,144.181,56792.915,19.46,4704.0,98.0,34.0,50.3,0.0,8.0
2023.0,135.64380064380063,61.9047619047619,84.83330327080324,53.6144578313253,76.1904761904762,63.3333333333333,61.77257512796453,0.753,0.767,0.662,0.839,144.181,56792.915,19.46,4704.0,98.0,34.0,50.3,0.0,8.0
2024.0,95.83333345833333,87.0967741935484,106.52777786111112,122.08333358333336,98.8532110091743,85.2941176470588,87.06016311118384,0.753,0.767,0.662,0.839,144.181,56792.915,19.46,4704.0,98.0,34.0,50.3,0.0,8.0
2020.0,55.9503105590062,33.12500033333333,50.26348435761521,41.666667,41.66666704166666,41.277890466531446,32.91666683333333,0.706,0.7,0.591,0.834,405.034,36271.065,19.46,4704.0,98.0,34.0,75.7,0.0,7.0
2021.0,104.98348072307598,100.0,106.52777786111112,87.1754878072813,110.44448509237219,96.50389086358356,100.0,0.706,0.7,0.591,0.834,405.034,36271.065,19.46,4704.0,98.0,34.0,75.7,0.0,7.0
2022.0,95.83333345833333,74.6815286624204,106.52777786111112,122.08333358333336,121.38558201058203,131.21597458391912,126.923076923077,0.706,0.7,0.591,0.834,405.034,36271.065,19.46,4704.0,98.0,34.0,75.7,0.0,7.0
2023.0,85.50685425685425,166.666666666667,161.63690480357144,99.00087270830306,167.60912698412704,164.28571436904764,166.666666666667,0.706,0.7,0.591,0.834,405.034,36271.065,19.46,4704.0,98.0,34.0,75.7,0.0,7.0
2024.0,104.98348072307598,154.36868691035355,150.6881313131313,122.08333358333336,121.38558201058203,141.74107151190475,154.72222230555556,0.706,0.7,0.591,0.834,405.034,36271.065,19.46,4704.0,98.0,34.0,75.7,0.0,7.0
2020.0,114.53373015873015,100.0,95.51910361977174,99.00087270830306,87.8787878787879,85.2941176470588,100.0,0.743,0.761,0.633,0.839,144.181,68227.53,19.46,4704.0,98.0,34.0,57.45,0.0,7.0
2021.0,35.1909184726522,61.9047619047619,95.51910361977174,99.00087270830306,98.8532110091743,85.2941176470588,87.06016311118384,0.743,0.761,0.633,0.839,144.181,68227.53,19.46,4704.0,98.0,34.0,57.45,0.0,7.0
2022.0,95.83333345833333,100.0,73.6418511066398,76.271186440678,76.1904761904762,74.2857142857143,74.6913580246914,0.743,0.761,0.633,0.839,144.181,68227.53,19.46,4704.0,98.0,34.0,57.45,0.0,7.0
2023.0,125.0,87.0967741935484,95.51910361977174,87.1754878072813,98.8532110091743,96.50389086358356,87.06016311118384,0.743,0.761,0.633,0.839,144.181,68227.53,19.46,4704.0,98.0,34.0,57.45,0.0,7.0
2024.0,65.69850288600288,100.0,106.52777786111112,110.480549199085,110.44448509237219,107.70655270655271,100.0,0.743,0.761,0.633,0.839,144.181,68227.53,19.46,4704.0,98.0,34.0,57.45,0.0,7.0
2020.0,104.98348072307598,100.0,140.824915824916,133.5763890138889,121.38558201058203,107.70655270655271,100.0,0.78,0.7945,0.719,0.843,144.181,99721.8,19.46,4704.0,98.0,34.0,80.3,4.0,1.0
2021.0,46.1215513794482,74.6815286624204,95.51910361977174,110.480549199085,98.8532110091743,85.2941176470588,87.06016311118384,0.78,0.7945,0.719,0.843,144.181,99721.8,19.46,4704.0,98.0,34.0,80.3,4.0,1.0
2022.0,104.98348072307598,87.0967741935484,117.6653439153439,110.480549199085,121.38558201058203,96.50389086358356,100.0,0.78,0.7945,0.719,0.843,144.181,99721.8,19.46,4704.0,98.0,34.0,80.3,4.0,1.0
2023.0,95.83333345833333,87.0967741935484,106.52777786111112,99.00087270830306,110.44448509237219,85.2941176470588,87.06016311118384,0.78,0.7945,0.719,0.843,144.181,99721.8,19.46,4704.0,98.0,34.0,80.3,4.0,1.0
2024.0,104.98348072307598,61.9047619047619,50.26348435761521,53.6144578313253,41.66666704166666,53.125,61.77257512796453,0.78,0.7945,0.719,0.843,144.181,99721.8,19.46,4704.0,98.0,34.0,80.3,4.0,1.0
2020.0,95.83333345833333,87.0967741935484,84.83330327080324,87.1754878072813,87.8787878787879,85.2941176470588,87.06016311118384,0.743,0.776,0.633,0.849,144.181,78182.4,19.46,4704.0,98.0,34.0,68.9,4.0,7.0
2021.0,114.53373015873015,100.0,84.83330327080324,87.1754878072813,87.8787878787879,96.50389086358356,100.0,0.743,0.776,0.633,0.849,144.181,78182.4,19.46,4704.0,98.0,34.0,68.9,4.0,7.0
2022.0,95.83333345833333,100.0,73.6418511066398,76.271186440678,76.1904761904762,74.2857142857143,74.6913580246914,0.743,0.776,0.633,0.849,144.181,78182.4,19.46,4704.0,98.0,34.0,68.9,4.0,7.0
2023.0,85.50685425685425,87.0967741935484,84.83330327080324,99.00087270830306,87.8787878787879,85.2941176470588,87.06016311118384,0.743,0.776,0.633,0.849,144.181,78182.4,19.46,4704.0,98.0,34.0,68.9,4.0,7.0
2024.0,125.0,87.0967741935484,95.51910361977174,99.00087270830306,98.8532110091743,96.50389086358356,100.0,0.743,0.776,0.633,0.849,144.181,78182.4,19.46,4704.0,98.0,34.0,68.9,4.0,7.0
2020.0,135.64380064380063,113.513513513514,106.52777786111112,110.480549199085,98.8532110091743,96.50389086358356,113.4063143817545,0.772,0.761,0.705,0.834,144.181,68227.53,19.46,4704.0,98.0,34.0,46.7,0.0,2.0
2021.0,125.0,126.9759485926655,73.6418511066398,65.0,65.15151533333334,63.3333333333333,61.77257512796453,0.772,0.761,0.705,0.834,144.181,68227.53,19.46,4704.0,98.0,34.0,46.7,0.0,2.0
2022.0,95.83333345833333,87.0967741935484,106.52777786111112,99.00087270830306,110.44448509237219,96.50389086358356,100.0,0.772,0.761,0.705,0.834,144.181,68227.53,19.46,4704.0,98.0,34.0,46.7,0.0,2.0
2023.0,104.98348072307598,74.6815286624204,95.51910361977174,110.480549199085,87.8787878787879,74.2857142857143,74.6913580246914,0.772,0.761,0.705,0.834,144.181,68227.53,19.46,4704.0,98.0,34.0,46.7,0.0,2.0
2024.0,114.53373015873015,100.0,140.824915824916,133.5763890138889,144.54365083531744,96.50389086358356,100.0,0.772,0.761,0.705,0.834,144.181,68227.53,19.46,4704.0,98.0,34.0,46.7,0.0,2.0
2020.0,114.53373015873015,87.0967741935484,140.824915824916,110.480549199085,144.54365083531744,107.70655270655271,87.06016311118384,0.78,0.836,0.662,0.849,144.181,45625.31,19.46,4704.0,98.0,34.0,50.3,3.0,7.0
2021.0,85.50685425685425,74.6815286624204,62.5,76.271186440678,76.1904761904762,63.3333333333333,74.6913580246914,0.78,0.836,0.662,0.849,144.181,45625.31,19.46,4704.0,98.0,34.0,50.3,3.0,7.0
2022.0,125.0,100.0,84.83330327080324,99.00087270830306,87.8787878787879,85.2941176470588,87.06016311118384,0.78,0.836,0.662,0.849,144.181,45625.31,19.46,4704.0,98.0,34.0,50.3,3.0,7.0
2023.0,114.53373015873015,87.0967741935484,95.51910361977174,99.00087270830306,98.8532110091743,96.50389086358356,87.06016311118384,0.78,0.836,0.662,0.849,144.181,45625.31,19.46,4704.0,98.0,34.0,50.3,3.0,7.0
2024.0,125.0,179.27158489658487,161.63690480357144,180.8234127400794,167.60912698412704,175.52778920425976,179.87103174603178,0.78,0.836,0.662,0.849,144.181,45625.31,19.46,4704.0,98.0,34.0,50.3,3.0,7.0
2020.0,155.102040816327,100.0,106.52777786111112,87.1754878072813,98.8532110091743,96.50389086358356,100.0,0.763,0.7945,0.646,0.855,144.181,78182.4,19.46,4704.0,98.0,34.0,42.9,2.0,4.0
2021.0,2.63157894736842,87.0967741935484,106.52777786111112,110.480549199085,110.44448509237219,107.70655270655271,100.0,0.763,0.7945,0.646,0.855,144.181,78182.4,19.46,4704.0,98.0,34.0,42.9,2.0,4.0
2022.0,2.63157894736842,74.6815286624204,84.83330327080324,99.00087270830306,87.8787878787879,96.50389086358356,100.0,0.763,0.7945,0.646,0.855,144.181,78182.4,19.46,4704.0,98.0,34.0,42.9,2.0,4.0
2023.0,95.83333345833333,113.513513513514,129.16666675,122.08333358333336,132.142857142857,107.70655270655271,113.4063143817545,0.763,0.7945,0.646,0.855,144.181,78182.4,19.46,4704.0,98.0,34.0,42.9,2.0,4.0
2024.0,75.70932556349206,113.513513513514,117.6653439153439,122.08333358333336,110.44448509237219,107.70655270655271,113.4063143817545,0.763,0.7945,0.646,0.855,144.181,78182.4,19.46,4704.0,98.0,34.0,42.9,2.0,4.0
2020.0,75.70932556349206,113.513513513514,106.52777786111112,122.08333358333336,110.44448509237219,118.518518518519,113.4063143817545,0.734,0.725,0.646,0.849,144.181,36271.065,19.46,4704.0,98.0,34.0,83.1,5.0,4.0
2021.0,85.50685425685425,126.9759485926655,129.16666675,122.08333358333336,132.142857142857,131.21597458391912,126.923076923077,0.734,0.725,0.646,0.849,144.181,36271.065,19.46,4704.0,98.0,34.0,83.1,5.0,4.0
2022.0,95.83333345833333,74.6815286624204,84.83330327080324,99.00087270830306,87.8787878787879,85.2941176470588,87.06016311118384,0.734,0.725,0.646,0.849,144.181,36271.065,19.46,4704.0,98.0,34.0,83.1,5.0,4.0
2023.0,85.50685425685425,74.6815286624204,106.52777786111112,87.1754878072813,110.44448509237219,85.2941176470588,74.6913580246914,0.734,0.725,0.646,0.849,144.181,36271.065,19.46,4704.0,98.0,34.0,83.1,5.0,4.0
2024.0,95.83333345833333,61.9047619047619,50.26348435761521,65.0,65.15151533333334,63.3333333333333,61.77257512796453,0.734,0.725,0.646,0.849,144.181,36271.065,19.46,4704.0,98.0,34.0,83.1,5.0,4.0
2020.0,15.3846153846154,100.0,73.6418511066398,76.271186440678,76.1904761904762,96.50389086358356,100.0,0.687,0.692,0.563,0.834,144.181,56792.915,364.28,4704.0,98.0,34.0,90.5,1.0,7.0
2021.0,104.98348072307598,87.0967741935484,73.6418511066398,76.271186440678,76.1904761904762,74.2857142857143,74.6913580246914,0.687,0.692,0.563,0.834,144.181,56792.915,364.28,4704.0,98.0,34.0,90.5,1.0,7.0
2022.0,104.98348072307598,87.0967741935484,117.6653439153439,99.00087270830306,121.38558201058203,96.50389086358356,100.0,0.687,0.692,0.563,0.834,144.181,56792.915,364.28,4704.0,98.0,34.0,90.5,1.0,7.0
2023.0,114.53373015873015,100.0,129.16666675,65.0,132.142857142857,96.50389086358356,100.0,0.687,0.692,0.563,0.834,144.181,56792.915,364.28,4704.0,98.0,34.0,90.5,1.0,7.0
2024.0,85.50685425685425,100.0,117.6653439153439,99.00087270830306,110.44448509237219,107.70655270655271,100.0,0.687,0.692,0.563,0.834,144.181,56792.915,364.28,4704.0,98.0,34.0,90.5,1.0,7.0
2020.0,114.53373015873015,126.9759485926655,106.52777786111112,110.480549199085,110.44448509237219,107.70655270655271,126.923076923077,0.743,0.761,0.646,0.839,405.034,56792.915,19.46,4704.0,98.0,34.0,60.75,5.0,2.0
2021.0,35.1909184726522,100.0,129.16666675,122.08333358333336,132.142857142857,131.21597458391912,126.923076923077,0.743,0.761,0.646,0.839,405.034,56792.915,19.46,4704.0,98.0,34.0,60.75,5.0,2.0
2022.0,65.69850288600288,61.9047619047619,95.51910361977174,76.271186440678,87.8787878787879,74.2857142857143,74.6913580246914,0.743,0.761,0.646,0.839,405.034,56792.915,19.46,4704.0,98.0,34.0,60.75,5.0,2.0
2023.0,104.98348072307598,140.0,140.824915824916,169.20093795093794,144.54365083531744,141.74107151190475,140.0,0.743,0.761,0.646,0.839,405.034,56792.915,19.46,4704.0,98.0,34.0,60.75,5.0,2.0
2024.0,104.98348072307598,179.27158489658487,172.91666670833334,156.38888897222222,155.263157894737,175.52778920425976,179.87103174603178,0.743,0.761,0.646,0.839,405.034,56792.915,19.46,4704.0,98.0,34.0,60.75,5.0,2.0
2020.0,25.972222722222217,87.0967741935484,95.51910361977174,99.00087270830306,110.44448509237219,96.50389086358356,87.06016311118384,0.78,0.776,0.6895,0.886,144.181,45625.31,19.46,4704.0,98.0,34.0,75.7,4.0,11.0
2021.0,85.50685425685425,87.0967741935484,84.83330327080324,87.1754878072813,87.8787878787879,85.2941176470588,87.06016311118384,0.78,0.776,0.6895,0.886,144.181,45625.31,19.46,4704.0,98.0,34.0,75.7,4.0,11.0
2022.0,85.50685425685425,87.0967741935484,95.51910361977174,99.00087270830306,98.8532110091743,85.2941176470588,87.06016311118384,0.78,0.776,0.6895,0.886,144.181,45625.31,19.46,4704.0,98.0,34.0,75.7,4.0,11.0
2023.0,135.64380064380063,113.513513513514,106.52777786111112,133.5763890138889,121.38558201058203,107.70655270655271,113.4063143817545,0.78,0.776,0.6895,0.886,144.181,45625.31,19.46,4704.0,98.0,34.0,75.7,4.0,11.0
2024.0,75.70932556349206,100.0,95.51910361977174,110.480549199085,98.8532110091743,96.50389086358356,100.0,0.78,0.776,0.6895,0.886,144.181,45625.31,19.46,4704.0,98.0,34.0,75.7,4.0,11.0
2020.0,85.50685425685425,48.95833354166667,39.9399399399399,53.6144578313253,29.166667208333333,41.277890466531446,49.355158896825394,0.763,0.785,0.6895,0.839,144.181,56792.915,19.46,4704.0,98.0,34.0,83.1,4.0,2.0
2021.0,55.9503105590062,61.9047619047619,62.5,53.6144578313253,65.15151533333334,53.125,49.355158896825394,0.763,0.785,0.6895,0.839,144.181,56792.915,19.46,4704.0,98.0,34.0,83.1,4.0,2.0
2022.0,85.50685425685425,74.6815286624204,73.6418511066398,76.271186440678,87.8787878787879,63.3333333333333,74.6913580246914,0.763,0.785,0.6895,0.839,144.181,56792.915,19.46,4704.0,98.0,34.0,83.1,4.0,2.0
2023.0,95.83333345833333,100.0,129.16666675,110.480549199085,121.38558201058203,85.2941176470588,100.0,0.763,0.785,0.6895,0.839,144.181,56792.915,19.46,4704.0,98.0,34.0,83.1,4.0,2.0
2024.0,114.53373015873015,100.0,62.5,87.1754878072813,65.15151533333334,118.518518518519,87.06016311118384,0.763,0.785,0.6895,0.839,144.181,56792.915,19.46,4704.0,98.0,34.0,83.1,4.0,2.0
2020.0,114.53373015873015,126.9759485926655,117.6653439153439,122.08333358333336,121.38558201058203,107.70655270655271,126.923076923077,0.763,0.761,0.676,0.849,144.181,45625.31,19.46,4704.0,98.0,34.0,35.4,4.0,7.0
2021.0,15.3846153846154,48.95833354166667,73.6418511066398,65.0,76.1904761904762,85.2941176470588,87.06016311118384,0.763,0.761,0.676,0.849,144.181,45625.31,19.46,4704.0,98.0,34.0,35.4,4.0,7.0
2022.0,95.83333345833333,74.6815286624204,84.83330327080324,65.0,76.1904761904762,74.2857142857143,74.6913580246914,0.763,0.761,0.676,0.849,144.181,45625.31,19.46,4704.0,98.0,34.0,35.4,4.0,7.0
2023.0,114.53373015873015,113.513513513514,140.824915824916,156.38888897222222,132.142857142857,118.518518518519,113.4063143817545,0.763,0.761,0.676,0.849,144.181,45625.31,19.46,4704.0,98.0,34.0,35.4,4.0,7.0
2024.0,114.53373015873015,126.9759485926655,106.52777786111112,145.45454554545452,110.44448509237219,141.74107151190475,126.923076923077,0.763,0.761,0.676,0.849,144.181,45625.31,19.46,4704.0,98.0,34.0,35.4,4.0,7.0
2020.0,114.53373015873015,100.0,95.51910361977174,87.1754878072813,98.8532110091743,96.50389086358356,100.0,0.743,0.751,0.646,0.849,144.181,88848.11,19.46,4704.0,98.0,34.0,31.6,2.0,4.0
2021.0,225.0,233.333333333333,84.83330327080324,87.1754878072813,76.1904761904762,96.50389086358356,100.0,0.743,0.751,0.646,0.849,144.181,88848.11,19.46,4704.0,98.0,34.0,31.6,2.0,4.0
2022.0,65.69850288600288,87.0967741935484,73.6418511066398,65.0,76.1904761904762,63.3333333333333,61.77257512796453,0.743,0.751,0.646,0.849,144.181,88848.11,19.46,4704.0,98.0,34.0,31.6,2.0,4.0
2023.0,104.98348072307598,126.9759485926655,95.51910361977174,99.00087270830306,98.8532110091743,131.21597458391912,126.923076923077,0.743,0.751,0.646,0.849,144.181,88848.11,19.46,4704.0,98.0,34.0,31.6,2.0,4.0
2024.0,104.98348072307598,126.9759485926655,129.16666675,110.480549199085,121.38558201058203,118.518518518519,126.923076923077,0.743,0.751,0.646,0.849,144.181,88848.11,19.46,4704.0,98.0,34.0,31.6,2.0,4.0
2020.0,104.98348072307598,100.0,106.52777786111112,99.00087270830306,98.8532110091743,96.50389086358356,100.0,0.743,0.7945,0.606,0.849,144.181,56792.915,19.46,4704.0,98.0,34.0,50.3,4.0,7.0
2021.0,145.2422175777439,179.27158489658487,84.83330327080324,87.1754878072813,87.8787878787879,85.2941176470588,87.06016311118384,0.743,0.7945,0.606,0.849,144.181,56792.915,19.46,4704.0,98.0,34.0,50.3,4.0,7.0
2022.0,104.98348072307598,87.0967741935484,84.83330327080324,87.1754878072813,87.8787878787879,85.2941176470588,87.06016311118384,0.743,0.7945,0.606,0.849,144.181,56792.915,19.46,4704.0,98.0,34.0,50.3,4.0,7.0
2023.0,95.83333345833333,126.9759485926655,117.6653439153439,145.45454554545452,121.38558201058203,118.518518518519,126.923076923077,0.743,0.7945,0.606,0.849,144.181,56792.915,19.46,4704.0,98.0,34.0,50.3,4.0,7.0
2024.0,104.98348072307598,87.0967741935484,84.83330327080324,87.1754878072813,87.8787878787879,96.50389086358356,87.06016311118384,0.743,0.7945,0.606,0.849,144.181,56792.915,19.46,4704.0,98.0,34.0,50.3,4.0,7.0
2020.0,85.50685425685425,100.0,95.51910361977174,99.00087270830306,110.44448509237219,96.50389086358356,100.0,0.715,0.717,0.606,0.855,144.181,110772.2,145.6,4704.0,98.0,34.0,90.5,1.0,13.0
2021.0,85.50685425685425,74.6815286624204,62.5,65.0,65.15151533333334,63.3333333333333,61.77257512796453,0.715,0.717,0.606,0.855,144.181,110772.2,145.6,4704.0,98.0,34.0,90.5,1.0,13.0
2022.0,104.98348072307598,87.0967741935484,84.83330327080324,76.271186440678,87.8787878787879,74.2857142857143,74.6913580246914,0.715,0.717,0.606,0.855,144.181,110772.2,145.6,4704.0,98.0,34.0,90.5,1.0,13.0
2023.0,104.98348072307598,87.0967741935484,84.83330327080324,87.1754878072813,87.8787878787879,85.2941176470588,87.06016311118384,0.715,0.717,0.606,0.855,144.181,110772.2,145.6,4704.0,98.0,34.0,90.5,1.0,13.0
2024.0,85.50685425685425,100.0,106.52777786111112,99.00087270830306,110.44448509237219,96.50389086358356,100.0,0.715,0.717,0.606,0.855,144.181,110772.2,145.6,4704.0,98.0,34.0,90.5,1.0,13.0
2020.0,75.70932556349206,100.0,84.83330327080324,87.1754878072813,87.8787878787879,96.50389086358356,100.0,0.706,0.734,0.591,0.807,144.181,27276.97,19.46,4704.0,98.0,34.0,46.7,0.0,15.0
2021.0,95.83333345833333,140.0,184.857142857143,180.8234127400794,179.2857142857145,141.74107151190475,140.0,0.706,0.734,0.591,0.807,144.181,27276.97,19.46,4704.0,98.0,34.0,46.7,0.0,15.0
2022.0,65.69850288600288,74.6815286624204,106.52777786111112,99.00087270830306,110.44448509237219,118.518518518519,126.923076923077,0.706,0.734,0.591,0.807,144.181,27276.97,19.46,4704.0,98.0,34.0,46.7,0.0,15.0
2023.0,95.83333345833333,74.6815286624204,50.26348435761521,65.0,52.77777802777778,74.2857142857143,74.6913580246914,0.706,0.734,0.591,0.807,144.181,27276.97,19.46,4704.0,98.0,34.0,46.7,0.0,15.0
2024.0,85.50685425685425,140.0,117.6653439153439,145.45454554545452,110.44448509237219,131.21597458391912,140.0,0.706,0.734,0.591,0.807,144.181,27276.97,19.46,4704.0,98.0,34.0,46.7,0.0,15.0
2020.0,135.64380064380063,61.9047619047619,62.5,53.6144578313253,65.15151533333334,53.125,61.77257512796453,0.687,0.7,0.548,0.849,144.181,36271.065,19.46,4704.0,98.0,34.0,16.4,3.0,13.0
2021.0,95.83333345833333,154.36868691035355,239.27045177045153,231.96530325696995,236.66132486965785,233.333333333333,234.55891330891313,0.687,0.7,0.548,0.849,144.181,36271.065,19.46,4704.0,98.0,34.0,16.4,3.0,13.0
2022.0,46.1215513794482,48.95833354166667,95.51910361977174,65.0,87.8787878787879,85.2941176470588,87.06016311118384,0.687,0.7,0.548,0.849,144.181,36271.065,19.46,4704.0,98.0,34.0,16.4,3.0,13.0
2023.0,104.98348072307598,87.0967741935484,95.51910361977174,110.480549199085,87.8787878787879,85.2941176470588,87.06016311118384,0.687,0.7,0.548,0.849,144.181,36271.065,19.46,4704.0,98.0,34.0,16.4,3.0,13.0
2024.0,125.0,126.9759485926655,84.83330327080324,76.271186440678,87.8787878787879,118.518518518519,126.923076923077,0.687,0.7,0.548,0.849,144.181,36271.065,19.46,4704.0,98.0,34.0,16.4,3.0,13.0
2020.0,75.70932556349206,126.9759485926655,140.824915824916,122.08333358333336,144.54365083531744,131.21597458391912,126.923076923077,0.743,0.776,0.633,0.849,144.181,56792.915,1026.47,224112.0,55.0,1681.0,97.9,1.0,11.0
2021.0,85.50685425685425,61.9047619047619,140.824915824916,156.38888897222222,144.54365083531744,175.52778920425976,179.87103174603178,0.743,0.776,0.633,0.849,144.181,56792.915,1026.47,224112.0,55.0,1507.0,97.9,1.0,11.0
2022.0,95.83333345833333,74.6815286624204,84.83330327080324,87.1754878072813,87.8787878787879,85.2941176470588,87.06016311118384,0.743,0.776,0.633,0.849,144.181,56792.915,1026.47,224112.0,55.0,1681.0,97.9,1.0,11.0
2023.0,125.0,140.0,150.6881313131313,122.08333358333336,155.263157894737,141.74107151190475,140.0,0.743,0.776,0.633,0.849,144.181,56792.915,1026.47,224112.0,79.5,1681.0,97.9,1.0,11.0
2024.0,95.83333345833333,113.513513513514,117.6653439153439,99.00087270830306,121.38558201058203,118.518518518519,113.4063143817545,0.743,0.776,0.633,0.849,144.181,56792.915,1026.47,224112.0,79.5,1507.0,97.9,1.0,11.0
2020.0,155.102040816327,74.6815286624204,73.6418511066398,76.271186440678,76.1904761904762,74.2857142857143,74.6913580246914,0.667,0.674,0.548,0.7955000000000001,144.181,45625.31,19.46,4704.0,98.0,34.0,50.3,2.0,7.0
2021.0,145.2422175777439,140.0,84.83330327080324,76.271186440678,76.1904761904762,74.2857142857143,74.6913580246914,0.667,0.674,0.548,0.7955000000000001,144.181,45625.31,19.46,4704.0,98.0,34.0,50.3,2.0,7.0
2022.0,104.98348072307598,126.9759485926655,95.51910361977174,99.00087270830306,110.44448509237219,96.50389086358356,87.06016311118384,0.667,0.674,0.548,0.7955000000000001,144.181,45625.31,19.46,4704.0,98.0,34.0,50.3,2.0,7.0
2023.0,145.2422175777439,100.0,95.51910361977174,87.1754878072813,87.8787878787879,96.50389086358356,100.0,0.667,0.674,0.548,0.7955000000000001,144.181,45625.31,19.46,4704.0,98.0,34.0,50.3,2.0,7.0
2024.0,104.98348072307598,87.0967741935484,73.6418511066398,65.0,76.1904761904762,85.2941176470588,87.06016311118384,0.667,0.674,0.548,0.7955000000000001,144.181,45625.31,19.46,4704.0,98.0,34.0,50.3,2.0,7.0
2020.0,95.83333345833333,113.513513513514,117.6653439153439,122.08333358333336,121.38558201058203,118.518518518519,113.4063143817545,0.678,0.682,0.563,0.807,144.181,36271.065,19.46,4704.0,98.0,34.0,42.9,0.0,7.0
2021.0,85.50685425685425,113.513513513514,140.824915824916,145.45454554545452,144.54365083531744,154.78670634920644,154.72222230555556,0.678,0.682,0.563,0.807,144.181,36271.065,19.46,4704.0,98.0,34.0,42.9,0.0,7.0
2022.0,104.98348072307598,140.0,50.26348435761521,41.666667,52.77777802777778,53.125,49.355158896825394,0.678,0.682,0.563,0.807,144.181,36271.065,19.46,4704.0,98.0,34.0,42.9,0.0,7.0
2023.0,75.70932556349206,113.513513513514,129.16666675,99.00087270830306,121.38558201058203,118.518518518519,113.4063143817545,0.678,0.682,0.563,0.807,144.181,36271.065,19.46,4704.0,98.0,34.0,42.9,0.0,7.0
2024.0,95.83333345833333,166.666666666667,140.824915824916,180.8234127400794,144.54365083531744,154.78670634920644,166.666666666667,0.678,0.682,0.563,0.807,144.181,36271.065,19.46,4704.0,98.0,34.0,42.9,0.0,7.0
2020.0,95.83333345833333,87.0967741935484,95.51910361977174,99.00087270830306,98.8532110091743,85.2941176470588,87.06016311118384,0.763,0.751,0.705,0.849,144.181,36271.065,19.46,4704.0,98.0,34.0,46.7,0.0,13.0
2021.0,2.63157894736842,74.6815286624204,62.5,65.0,65.15151533333334,63.3333333333333,61.77257512796453,0.763,0.751,0.705,0.849,144.181,36271.065,19.46,4704.0,98.0,34.0,46.7,0.0,13.0
2022.0,166.18882275132276,140.0,73.6418511066398,76.271186440678,76.1904761904762,74.2857142857143,74.6913580246914,0.763,0.751,0.705,0.849,144.181,36271.065,19.46,4704.0,98.0,34.0,46.7,0.0,13.0
2023.0,75.70932556349206,87.0967741935484,95.51910361977174,99.00087270830306,87.8787878787879,85.2941176470588,87.06016311118384,0.763,0.751,0.705,0.849,144.181,36271.065,19.46,4704.0,98.0,34.0,46.7,0.0,13.0
2024.0,104.98348072307598,87.0967741935484,84.83330327080324,87.1754878072813,87.8787878787879,85.2941176470588,87.06016311118384,0.763,0.751,0.705,0.849,144.181,36271.065,19.46,4704.0,98.0,34.0,46.7,0.0,13.0
2020.0,95.83333345833333,140.0,95.51910361977174,110.480549199085,98.8532110091743,118.518518518519,140.0,0.763,0.785,0.676,0.849,405.034,164932.37,19.46,4704.0,98.0,34.0,90.5,0.0,1.0
2021.0,35.1909184726522,87.0967741935484,106.52777786111112,99.00087270830306,110.44448509237219,96.50389086358356,100.0,0.763,0.785,0.676,0.849,405.034,164932.37,19.46,4704.0,98.0,34.0,90.5,0.0,1.0
2022.0,35.1909184726522,74.6815286624204,73.6418511066398,65.0,76.1904761904762,74.2857142857143,74.6913580246914,0.763,0.785,0.676,0.849,405.034,164932.37,19.46,4704.0,98.0,34.0,90.5,0.0,1.0
2023.0,95.83333345833333,113.513513513514,95.51910361977174,133.5763890138889,98.8532110091743,118.518518518519,113.4063143817545,0.763,0.785,0.676,0.849,405.034,164932.37,19.46,4704.0,98.0,34.0,90.5,0.0,1.0
2024.0,55.9503105590062,113.513513513514,106.52777786111112,156.38888897222222,110.44448509237219,118.518518518519,113.4063143817545,0.763,0.785,0.676,0.849,405.034,164932.37,19.46,4704.0,98.0,34.0,90.5,0.0,1.0
2020.0,55.9503105590062,74.6815286624204,62.5,53.6144578313253,65.15151533333334,74.2857142857143,74.6913580246914,0.753,0.767,0.646,0.855,676.805,45625.31,19.46,62543.0,98.0,428.5,90.5,1.0,2.0
2021.0,95.83333345833333,74.6815286624204,117.6653439153439,99.00087270830306,110.44448509237219,107.70655270655271,113.4063143817545,0.753,0.767,0.646,0.855,676.805,45625.31,19.46,62543.0,98.0,428.5,90.5,1.0,2.0
2022.0,85.50685425685425,74.6815286624204,140.824915824916,110.480549199085,132.142857142857,131.21597458391912,140.0,0.753,0.767,0.646,0.855,676.805,45625.31,19.46,62543.0,98.0,428.5,90.5,1.0,2.0
2023.0,65.69850288600288,140.0,106.52777786111112,110.480549199085,98.8532110091743,141.74107151190475,126.923076923077,0.753,0.767,0.646,0.855,676.805,45625.31,19.46,62543.0,33.0,428.5,90.5,1.0,2.0
2024.0,55.9503105590062,48.95833354166667,39.9399399399399,65.0,52.77777802777778,53.125,49.355158896825394,0.753,0.767,0.646,0.855,676.805,45625.31,19.46,62543.0,33.0,428.5,90.5,1.0,2.0
2020.0,114.53373015873015,126.9759485926655,106.52777786111112,133.5763890138889,110.44448509237219,118.518518518519,126.923076923077,0.706,0.725,0.563,0.8705,144.181,45625.31,19.46,4704.0,98.0,34.0,57.45,0.0,13.0
2021.0,85.50685425685425,87.0967741935484,84.83330327080324,99.00087270830306,87.8787878787879,85.2941176470588,74.6913580246914,0.706,0.725,0.563,0.8705,144.181,45625.31,19.46,4704.0,98.0,34.0,57.45,0.0,13.0
2022.0,85.50685425685425,100.0,140.824915824916,145.45454554545452,144.54365083531744,141.74107151190475,140.0,0.706,0.725,0.563,0.8705,144.181,45625.31,19.46,4704.0,98.0,34.0,57.45,0.0,13.0
2023.0,145.2422175777439,140.0,84.83330327080324,145.45454554545452,87.8787878787879,141.74107151190475,140.0,0.706,0.725,0.563,0.8705,144.181,45625.31,19.46,4704.0,98.0,34.0,57.45,0.0,13.0
2024.0,114.53373015873015,61.9047619047619,84.83330327080324,53.6144578313253,87.8787878787879,63.3333333333333,74.6913580246914,0.706,0.725,0.563,0.8705,144.181,45625.31,19.46,4704.0,98.0,34.0,57.45,0.0,13.0
2020.0,114.53373015873015,100.0,95.51910361977174,87.1754878072813,98.8532110091743,85.2941176470588,100.0,0.715,0.725,0.591,0.849,946.9680000000001,56792.915,19.46,4704.0,98.0,34.0,94.4,1.0,2.0
2021.0,25.972222722222217,33.12500033333333,129.16666675,156.38888897222222,132.142857142857,141.74107151190475,140.0,0.715,0.725,0.591,0.849,946.9680000000001,56792.915,19.46,4704.0,98.0,34.0,94.4,1.0,2.0
2022.0,35.1909184726522,74.6815286624204,84.83330327080324,76.271186440678,98.8532110091743,74.2857142857143,74.6913580246914,0.715,0.725,0.591,0.849,946.9680000000001,56792.915,19.46,4704.0,98.0,34.0,94.4,1.0,2.0
2023.0,85.50685425685425,206.87500004166668,215.0462962962963,250.0,216.0195707070709,210.90458152958138,206.87500004166668,0.715,0.725,0.591,0.849,946.9680000000001,56792.915,19.46,4704.0,98.0,34.0,94.4,1.0,2.0
2024.0,85.50685425685425,100.0,106.52777786111112,99.00087270830306,98.8532110091743,107.70655270655271,100.0,0.715,0.725,0.591,0.849,946.9680000000001,56792.915,19.46,4704.0,98.0,34.0,94.4,1.0,2.0
2020.0,95.83333345833333,113.513513513514,106.52777786111112,110.480549199085,110.44448509237219,107.70655270655271,113.4063143817545,0.734,0.725,0.662,0.834,1496.019,45625.31,19.46,4704.0,98.0,428.5,90.5,0.0,13.0
2021.0,75.70932556349206,74.6815286624204,84.83330327080324,87.1754878072813,87.8787878787879,74.2857142857143,74.6913580246914,0.734,0.725,0.662,0.834,1496.019,45625.31,19.46,4704.0,98.0,428.5,90.5,0.0,13.0
2022.0,85.50685425685425,74.6815286624204,73.6418511066398,76.271186440678,76.1904761904762,74.2857142857143,74.6913580246914,0.734,0.725,0.662,0.834,1496.019,45625.31,19.46,4704.0,98.0,34.0,90.5,0.0,13.0
2023.0,75.70932556349206,87.0967741935484,95.51910361977174,87.1754878072813,98.8532110091743,96.50389086358356,87.06016311118384,0.734,0.725,0.662,0.834,1496.019,45625.31,19.46,4704.0,98.0,428.5,90.5,0.0,13.0
2024.0,85.50685425685425,74.6815286624204,73.6418511066398,65.0,76.1904761904762,74.2857142857143,74.6913580246914,0.734,0.725,0.662,0.834,1496.019,45625.31,19.46,4704.0,98.0,34.0,90.5,0.0,13.0
2020.0,35.1909184726522,113.513513513514,117.6653439153439,122.08333358333336,110.44448509237219,118.518518518519,113.4063143817545,0.7244999999999999,0.7084999999999999,0.633,0.834,144.181,36271.065,19.46,4704.0,98.0,34.0,57.45,0.0,4.0
2021.0,95.83333345833333,100.0,84.83330327080324,99.00087270830306,98.8532110091743,96.50389086358356,87.06016311118384,0.7244999999999999,0.7084999999999999,0.633,0.834,144.181,36271.065,19.46,4704.0,98.0,34.0,57.45,0.0,4.0
2022.0,104.98348072307598,100.0,117.6653439153439,110.480549199085,98.8532110091743,96.50389086358356,100.0,0.7244999999999999,0.7084999999999999,0.633,0.834,144.181,36271.065,19.46,4704.0,98.0,34.0,57.45,0.0,4.0
2023.0,95.83333345833333,74.6815286624204,84.83330327080324,76.271186440678,87.8787878787879,74.2857142857143,74.6913580246914,0.7244999999999999,0.7084999999999999,0.633,0.834,144.181,36271.065,19.46,4704.0,98.0,34.0,57.45,0.0,4.0
2024.0,104.98348072307598,61.9047619047619,73.6418511066398,53.6144578313253,76.1904761904762,53.125,61.77257512796453,0.7244999999999999,0.7084999999999999,0.633,0.834,144.181,36271.065,19.46,4704.0,98.0,34.0,57.45,0.0,4.0
2020.0,75.70932556349206,61.9047619047619,62.5,65.0,65.15151533333334,63.3333333333333,61.77257512796453,0.763,0.751,0.6895,0.849,405.034,88848.11,19.46,4704.0,33.0,428.5,94.4,2.0,2.0
2021.0,85.50685425685425,74.6815286624204,50.26348435761521,53.6144578313253,52.77777802777778,41.277890466531446,32.91666683333333,0.763,0.751,0.6895,0.849,405.034,88848.11,19.46,4704.0,33.0,428.5,94.4,2.0,2.0
2022.0,85.50685425685425,87.0967741935484,62.5,76.271186440678,76.1904761904762,74.2857142857143,74.6913580246914,0.763,0.751,0.6895,0.849,405.034,88848.11,19.46,4704.0,33.0,428.5,94.4,2.0,2.0
2023.0,95.83333345833333,74.6815286624204,95.51910361977174,99.00087270830306,98.8532110091743,85.2941176470588,74.6913580246914,0.763,0.751,0.6895,0.849,405.034,88848.11,19.46,4704.0,33.0,428.5,94.4,2.0,2.0
2024.0,95.83333345833333,179.27158489658487,117.6653439153439,99.00087270830306,110.44448509237219,175.52778920425976,179.87103174603178,0.763,0.751,0.6895,0.849,405.034,88848.11,19.46,4704.0,33.0,428.5,94.4,2.0,2.0
2020.0,65.69850288600288,100.0,84.83330327080324,87.1754878072813,87.8787878787879,85.2941176470588,100.0,0.66,0.674,0.5225,0.817,946.9680000000001,56792.915,19.46,4704.0,98.0,34.0,86.6,3.0,15.0
2021.0,75.70932556349206,87.0967741935484,73.6418511066398,76.271186440678,76.1904761904762,74.2857142857143,74.6913580246914,0.66,0.674,0.5225,0.817,946.9680000000001,56792.915,19.46,4704.0,98.0,34.0,86.6,3.0,15.0
2022.0,104.98348072307598,100.0,84.83330327080324,76.271186440678,87.8787878787879,74.2857142857143,74.6913580246914,0.66,0.674,0.5225,0.817,946.9680000000001,56792.915,19.46,4704.0,98.0,34.0,86.6,3.0,15.0
2023.0,104.98348072307598,87.0967741935484,84.83330327080324,99.00087270830306,87.8787878787879,85.2941176470588,87.06016311118384,0.66,0.674,0.5225,0.817,946.9680000000001,56792.915,19.46,4704.0,98.0,34.0,86.6,3.0,15.0
2024.0,95.83333345833333,113.513513513514,106.52777786111112,110.480549199085,110.44448509237219,107.70655270655271,113.4063143817545,0.66,0.674,0.5225,0.817,946.9680000000001,56792.915,19.46,4704.0,98.0,34.0,86.6,3.0,15.0
2020.0,95.83333345833333,113.513513513514,95.51910361977174,99.00087270830306,98.8532110091743,96.50389086358356,113.4063143817545,0.772,0.785,0.676,0.866,144.181,68227.53,19.46,4704.0,98.0,34.0,64.75,4.0,7.0
2021.0,95.83333345833333,113.513513513514,106.52777786111112,110.480549199085,110.44448509237219,107.70655270655271,100.0,0.772,0.785,0.676,0.866,144.181,68227.53,19.46,4704.0,98.0,34.0,64.75,4.0,7.0
2022.0,104.98348072307598,74.6815286624204,95.51910361977174,99.00087270830306,98.8532110091743,96.50389086358356,100.0,0.772,0.785,0.676,0.866,144.181,68227.53,19.46,4704.0,98.0,34.0,64.75,4.0,7.0
2023.0,95.83333345833333,100.0,106.52777786111112,122.08333358333336,110.44448509237219,96.50389086358356,100.0,0.772,0.785,0.676,0.866,144.181,68227.53,19.46,4704.0,98.0,34.0,64.75,4.0,7.0
2024.0,85.50685425685425,113.513513513514,117.6653439153439,110.480549199085,121.38558201058203,107.70655270655271,113.4063143817545,0.772,0.785,0.676,0.866,144.181,68227.53,19.46,4704.0,98.0,34.0,64.75,4.0,7.0
2020.0,95.83333345833333,74.6815286624204,73.6418511066398,87.1754878072813,76.1904761904762,74.2857142857143,74.6913580246914,0.678,0.692,0.534,0.834,405.034,36271.065,19.46,4704.0,98.0,34.0,46.7,5.0,4.0
2021.0,55.9503105590062,126.9759485926655,84.83330327080324,76.271186440678,76.1904761904762,74.2857142857143,74.6913580246914,0.678,0.692,0.534,0.834,405.034,36271.065,19.46,4704.0,98.0,34.0,46.7,5.0,4.0
2022.0,75.70932556349206,87.0967741935484,84.83330327080324,87.1754878072813,87.8787878787879,85.2941176470588,87.06016311118384,0.678,0.692,0.534,0.834,405.034,36271.065,19.46,4704.0,98.0,34.0,46.7,5.0,4.0
2023.0,95.83333345833333,100.0,95.51910361977174,110.480549199085,98.8532110091743,96.50389086358356,100.0,0.678,0.692,0.534,0.834,405.034,36271.065,19.46,4704.0,98.0,34.0,46.7,5.0,4.0
2024.0,75.70932556349206,87.0967741935484,95.51910361977174,76.271186440678,87.8787878787879,85.2941176470588,87.06016311118384,0.678,0.692,0.534,0.834,405.034,36271.065,19.46,4704.0,98.0,34.0,46.7,5.0,4.0
2020.0,114.53373015873015,87.0967741935484,84.83330327080324,87.1754878072813,87.8787878787879,74.2857142857143,87.06016311118384,0.753,0.734,0.662,0.849,144.181,36271.065,19.46,4704.0,98.0,34.0,31.6,1.0,4.0
2021.0,15.3846153846154,126.9759485926655,73.6418511066398,76.271186440678,76.1904761904762,74.2857142857143,87.06016311118384,0.753,0.734,0.662,0.849,144.181,36271.065,19.46,4704.0,98.0,34.0,31.6,1.0,4.0
2022.0,46.1215513794482,100.0,106.52777786111112,99.00087270830306,98.8532110091743,96.50389086358356,100.0,0.753,0.734,0.662,0.849,144.181,36271.065,19.46,4704.0,98.0,34.0,31.6,1.0,4.0
2023.0,114.53373015873015,100.0,106.52777786111112,110.480549199085,110.44448509237219,96.50389086358356,100.0,0.753,0.734,0.662,0.849,144.181,36271.065,19.46,4704.0,98.0,34.0,31.6,1.0,4.0
2024.0,104.98348072307598,100.0,95.51910361977174,110.480549199085,98.8532110091743,96.50389086358356,100.0,0.753,0.734,0.662,0.849,144.181,36271.065,19.46,4704.0,98.0,34.0,31.6,1.0,4.0
2020.0,35.1909184726522,113.513513513514,106.52777786111112,122.08333358333336,110.44448509237219,96.50389086358356,113.4063143817545,0.706,0.7,0.563,0.886,144.181,36271.065,464.49,62543.0,98.0,428.5,94.4,1.0,4.0
2021.0,95.83333345833333,87.0967741935484,117.6653439153439,122.08333358333336,121.38558201058203,118.518518518519,113.4063143817545,0.706,0.7,0.563,0.886,144.181,36271.065,464.49,62543.0,98.0,428.5,94.4,1.0,4.0
2022.0,104.98348072307598,87.0967741935484,84.83330327080324,76.271186440678,87.8787878787879,74.2857142857143,74.6913580246914,0.706,0.7,0.563,0.886,144.181,36271.065,464.49,62543.0,98.0,428.5,94.4,1.0,4.0
2023.0,104.98348072307598,100.0,95.51910361977174,110.480549199085,98.8532110091743,107.70655270655271,100.0,0.706,0.7,0.563,0.886,144.181,36271.065,464.49,62543.0,98.0,428.5,94.4,1.0,4.0
2024.0,95.83333345833333,154.36868691035355,150.6881313131313,145.45454554545452,155.263157894737,141.74107151190475,140.0,0.706,0.7,0.563,0.886,144.181,36271.065,464.49,62543.0,98.0,428.5,94.4,1.0,4.0
2020.0,35.1909184726522,100.0,106.52777786111112,87.1754878072813,110.44448509237219,96.50389086358356,100.0,0.621,0.639,0.4765,0.7805,405.034,36271.065,19.46,4704.0,98.0,34.0,60.75,3.0,15.0
2021.0,114.53373015873015,87.0967741935484,129.16666675,133.5763890138889,132.142857142857,131.21597458391912,126.923076923077,0.621,0.639,0.4765,0.7805,405.034,36271.065,19.46,4704.0,98.0,34.0,60.75,3.0,15.0
2022.0,114.53373015873015,126.9759485926655,84.83330327080324,99.00087270830306,87.8787878787879,85.2941176470588,87.06016311118384,0.621,0.639,0.4765,0.7805,405.034,36271.065,19.46,4704.0,98.0,34.0,60.75,3.0,15.0
2023.0,125.0,126.9759485926655,129.16666675,145.45454554545452,132.142857142857,131.21597458391912,126.923076923077,0.621,0.639,0.4765,0.7805,405.034,36271.065,19.46,4704.0,98.0,34.0,60.75,3.0,15.0
2024.0,95.83333345833333,140.0,129.16666675,133.5763890138889,132.142857142857,141.74107151190475,140.0,0.621,0.639,0.4765,0.7805,405.034,36271.065,19.46,4704.0,98.0,34.0,60.75,3.0,15.0
2020.0,114.53373015873015,154.36868691035355,129.16666675,145.45454554545452,144.54365083531744,141.74107151190475,154.72222230555556,0.697,0.725,0.548,0.849,144.181,45625.31,19.46,4704.0,98.0,34.0,27.3,3.0,7.0
2021.0,35.1909184726522,61.9047619047619,140.824915824916,122.08333358333336,132.142857142857,118.518518518519,126.923076923077,0.697,0.725,0.548,0.849,144.181,45625.31,19.46,4704.0,98.0,34.0,27.3,3.0,7.0
2022.0,85.50685425685425,87.0967741935484,95.51910361977174,99.00087270830306,98.8532110091743,96.50389086358356,100.0,0.697,0.725,0.548,0.849,144.181,45625.31,19.46,4704.0,98.0,34.0,27.3,3.0,7.0
2023.0,95.83333345833333,113.513513513514,117.6653439153439,122.08333358333336,121.38558201058203,107.70655270655271,113.4063143817545,0.697,0.725,0.548,0.849,144.181,45625.31,19.46,4704.0,98.0,34.0,27.3,3.0,7.0
2024.0,95.83333345833333,179.27158489658487,161.63690480357144,180.8234127400794,167.60912698412704,175.52778920425976,179.87103174603178,0.697,0.725,0.548,0.849,144.181,45625.31,19.46,4704.0,98.0,34.0,27.3,3.0,7.0
2020.0,114.53373015873015,87.0967741935484,84.83330327080324,87.1754878072813,87.8787878787879,85.2941176470588,87.06016311118384,0.772,0.785,0.705,0.849,676.805,68227.53,243.59,191900.0,55.0,1507.0,97.9,0.0,8.0
2021.0,95.83333345833333,87.0967741935484,84.83330327080324,87.1754878072813,87.8787878787879,85.2941176470588,87.06016311118384,0.772,0.785,0.705,0.849,676.805,68227.53,243.59,191900.0,55.0,1507.0,97.9,0.0,8.0
2022.0,95.83333345833333,74.6815286624204,84.83330327080324,87.1754878072813,98.8532110091743,85.2941176470588,87.06016311118384,0.772,0.785,0.705,0.849,676.805,68227.53,243.59,191900.0,55.0,1507.0,97.9,0.0,8.0
2023.0,95.83333345833333,87.0967741935484,95.51910361977174,99.00087270830306,98.8532110091743,96.50389086358356,87.06016311118384,0.772,0.785,0.705,0.849,676.805,68227.53,243.59,191900.0,79.5,1507.0,97.9,0.0,8.0
2024.0,114.53373015873015,100.0,106.52777786111112,99.00087270830306,98.8532110091743,96.50389086358356,100.0,0.772,0.785,0.705,0.849,676.805,68227.53,243.59,191900.0,79.5,1507.0,97.9,0.0,8.0
2020.0,85.50685425685425,100.0,73.6418511066398,99.00087270830306,87.8787878787879,96.50389086358356,100.0,0.706,0.734,0.576,0.86,144.181,110772.2,19.46,4704.0,98.0,1507.0,38.9,0.0,2.0
2021.0,46.1215513794482,61.9047619047619,95.51910361977174,99.00087270830306,98.8532110091743,96.50389086358356,87.06016311118384,0.706,0.734,0.576,0.86,144.181,110772.2,19.46,4704.0,98.0,1507.0,38.9,0.0,2.0
2022.0,95.83333345833333,87.0967741935484,129.16666675,133.5763890138889,132.142857142857,118.518518518519,126.923076923077,0.706,0.734,0.576,0.86,144.181,110772.2,19.46,4704.0,98.0,1507.0,38.9,0.0,2.0
2023.0,104.98348072307598,126.9759485926655,140.824915824916,122.08333358333336,132.142857142857,131.21597458391912,126.923076923077,0.706,0.734,0.576,0.86,144.181,110772.2,19.46,4704.0,98.0,1507.0,38.9,0.0,2.0
2024.0,95.83333345833333,140.0,195.1388888888889,203.25396825396825,200.0,141.74107151190475,140.0,0.706,0.734,0.576,0.86,144.181,110772.2,19.46,4704.0,98.0,1507.0,38.9,0.0,2.0
2020.0,95.83333345833333,100.0,95.51910361977174,87.1754878072813,98.8532110091743,85.2941176470588,100.0,0.687,0.7,0.534,0.839,144.181,36271.065,19.46,4704.0,98.0,34.0,57.45,3.0,8.0
2021.0,85.50685425685425,87.0967741935484,62.5,65.0,65.15151533333334,63.3333333333333,61.77257512796453,0.687,0.7,0.534,0.839,144.181,36271.065,19.46,4704.0,98.0,34.0,57.45,3.0,8.0
2022.0,104.98348072307598,100.0,95.51910361977174,87.1754878072813,110.44448509237219,96.50389086358356,87.06016311118384,0.687,0.7,0.534,0.839,144.181,36271.065,19.46,4704.0,98.0,34.0,57.45,3.0,8.0
2023.0,95.83333345833333,140.0,117.6653439153439,169.20093795093794,132.142857142857,141.74107151190475,140.0,0.687,0.7,0.534,0.839,144.181,36271.065,19.46,4704.0,98.0,34.0,57.45,3.0,8.0
2024.0,95.83333345833333,100.0,117.6653439153439,110.480549199085,121.38558201058203,96.50389086358356,100.0,0.687,0.7,0.534,0.839,144.181,36271.065,19.46,4704.0,98.0,34.0,57.45,3.0,8.0
2020.0,75.70932556349206,87.0967741935484,84.83330327080324,87.1754878072813,87.8787878787879,85.2941176470588,87.06016311118384,0.639,0.646,0.492,0.822,1496.019,78182.4,19.46,4704.0,98.0,34.0,35.4,6.0,7.0
2021.0,25.972222722222217,74.6815286624204,95.51910361977174,87.1754878072813,98.8532110091743,85.2941176470588,87.06016311118384,0.639,0.646,0.492,0.822,1496.019,78182.4,19.46,4704.0,98.0,34.0,35.4,6.0,7.0
2022.0,35.1909184726522,87.0967741935484,84.83330327080324,87.1754878072813,87.8787878787879,74.2857142857143,74.6913580246914,0.639,0.646,0.492,0.822,1496.019,78182.4,19.46,4704.0,98.0,34.0,35.4,6.0,7.0
2023.0,65.69850288600288,87.0967741935484,95.51910361977174,99.00087270830306,87.8787878787879,85.2941176470588,87.06016311118384,0.639,0.646,0.492,0.822,1496.019,78182.4,19.46,4704.0,98.0,34.0,35.4,6.0,7.0
2024.0,114.53373015873015,87.0967741935484,95.51910361977174,99.00087270830306,98.8532110091743,85.2941176470588,87.06016311118384,0.639,0.646,0.492,0.822,1496.019,78182.4,19.46,4704.0,98.0,34.0,35.4,6.0,7.0
2020.0,125.0,140.0,129.16666675,99.00087270830306,121.38558201058203,118.518518518519,140.0,0.678,0.682,0.548,0.828,676.805,36271.065,19.46,4704.0,98.0,34.0,94.4,6.0,2.0
2021.0,25.972222722222217,74.6815286624204,39.9399399399399,53.6144578313253,41.66666704166666,63.3333333333333,61.77257512796453,0.678,0.682,0.548,0.828,676.805,36271.065,19.46,4704.0,98.0,34.0,94.4,6.0,2.0
2022.0,35.1909184726522,61.9047619047619,106.52777786111112,99.00087270830306,110.44448509237219,85.2941176470588,87.06016311118384,0.678,0.682,0.548,0.828,676.805,36271.065,19.46,4704.0,98.0,34.0,94.4,6.0,2.0
2023.0,114.53373015873015,48.95833354166667,19.848485193181816,76.271186440678,20.000000416666666,41.277890466531446,49.355158896825394,0.678,0.682,0.548,0.828,676.805,36271.065,19.46,4704.0,98.0,34.0,94.4,6.0,2.0
2024.0,104.98348072307598,87.0967741935484,84.83330327080324,87.1754878072813,87.8787878787879,85.2941176470588,87.06016311118384,0.678,0.682,0.548,0.828,676.805,36271.065,19.46,4704.0,98.0,34.0,94.4,6.0,2.0
2020.0,25.972222722222217,140.0,140.824915824916,145.45454554545452,144.54365083531744,131.21597458391912,140.0,0.743,0.725,0.646,0.866,405.034,78182.4,19.46,4704.0,98.0,34.0,68.9,2.0,2.0
2021.0,75.70932556349206,100.0,84.83330327080324,76.271186440678,76.1904761904762,85.2941176470588,87.06016311118384,0.743,0.725,0.646,0.866,405.034,78182.4,19.46,4704.0,98.0,34.0,68.9,2.0,2.0
2022.0,65.69850288600288,74.6815286624204,106.52777786111112,110.480549199085,110.44448509237219,107.70655270655271,100.0,0.743,0.725,0.646,0.866,405.034,78182.4,19.46,4704.0,98.0,34.0,68.9,2.0,2.0
2023.0,95.83333345833333,100.0,95.51910361977174,99.00087270830306,98.8532110091743,96.50389086358356,100.0,0.743,0.725,0.646,0.866,405.034,78182.4,19.46,4704.0,98.0,34.0,68.9,2.0,2.0
2024.0,46.1215513794482,140.0,129.16666675,133.5763890138889,144.54365083531744,141.74107151190475,140.0,0.743,0.725,0.646,0.866,405.034,78182.4,19.46,4704.0,98.0,34.0,68.9,2.0,2.0
2020.0,15.3846153846154,154.36868691035355,106.52777786111112,133.5763890138889,110.44448509237219,85.2941176470588,154.72222230555556,0.743,0.761,0.633,0.843,1496.019,36271.065,243.59,325685.0,128.0,2285.0,94.4,6.0,11.0
2021.0,75.70932556349206,61.9047619047619,62.5,76.271186440678,65.15151533333334,74.2857142857143,74.6913580246914,0.743,0.761,0.633,0.843,1496.019,36271.065,243.59,325685.0,153.0,1970.0,94.4,6.0,11.0
2022.0,95.83333345833333,61.9047619047619,73.6418511066398,76.271186440678,65.15151533333334,107.70655270655271,87.06016311118384,0.743,0.761,0.633,0.843,1496.019,36271.065,243.59,325685.0,153.0,1507.0,94.4,6.0,11.0
2023.0,65.69850288600288,100.0,95.51910361977174,99.00087270830306,87.8787878787879,96.50389086358356,100.0,0.743,0.761,0.633,0.843,1496.019,36271.065,243.59,325685.0,153.0,1681.0,94.4,6.0,11.0
2024.0,65.69850288600288,74.6815286624204,150.6881313131313,110.480549199085,121.38558201058203,74.2857142857143,74.6913580246914,0.743,0.761,0.633,0.843,1496.019,36271.065,243.59,325685.0,153.0,1507.0,94.4,6.0,11.0
2020.0,125.0,87.0967741935484,62.5,76.271186440678,76.1904761904762,85.2941176470588,87.06016311118384,0.763,0.734,0.705,0.843,144.181,78182.4,19.46,4704.0,98.0,34.0,68.9,4.0,15.0
2021.0,55.9503105590062,61.9047619047619,62.5,65.0,65.15151533333334,74.2857142857143,74.6913580246914,0.763,0.734,0.705,0.843,144.181,78182.4,19.46,4704.0,98.0,34.0,68.9,4.0,15.0
2022.0,75.70932556349206,87.0967741935484,50.26348435761521,65.0,52.77777802777778,63.3333333333333,61.77257512796453,0.763,0.734,0.705,0.843,144.181,78182.4,19.46,4704.0,98.0,34.0,68.9,4.0,15.0
2023.0,75.70932556349206,61.9047619047619,84.83330327080324,53.6144578313253,87.8787878787879,63.3333333333333,61.77257512796453,0.763,0.734,0.705,0.843,144.181,78182.4,19.46,4704.0,98.0,34.0,68.9,4.0,15.0
2024.0,95.83333345833333,126.9759485926655,50.26348435761521,53.6144578313253,52.77777802777778,74.2857142857143,113.4063143817545,0.763,0.734,0.705,0.843,144.181,78182.4,19.46,4704.0,98.0,34.0,68.9,4.0,15.0
2020.0,85.50685425685425,126.9759485926655,129.16666675,133.5763890138889,132.142857142857,118.518518518519,126.923076923077,0.7244999999999999,0.7,0.62,0.849,144.181,56792.915,19.46,4704.0,98.0,34.0,50.3,0.0,2.0
2021.0,135.64380064380063,140.0,106.52777786111112,87.1754878072813,110.44448509237219,96.50389086358356,100.0,0.7244999999999999,0.7,0.62,0.849,144.181,56792.915,19.46,4704.0,98.0,34.0,50.3,0.0,2.0
2022.0,95.83333345833333,100.0,62.5,87.1754878072813,65.15151533333334,63.3333333333333,74.6913580246914,0.7244999999999999,0.7,0.62,0.849,144.181,56792.915,19.46,4704.0,98.0,34.0,50.3,0.0,2.0
2023.0,85.50685425685425,113.513513513514,84.83330327080324,99.00087270830306,87.8787878787879,118.518518518519,113.4063143817545,0.7244999999999999,0.7,0.62,0.849,144.181,56792.915,19.46,4704.0,98.0,34.0,50.3,0.0,2.0
2024.0,104.98348072307598,87.0967741935484,84.83330327080324,87.1754878072813,87.8787878787879,85.2941176470588,87.06016311118384,0.7244999999999999,0.7,0.62,0.849,144.181,56792.915,19.46,4704.0,98.0,34.0,50.3,0.0,2.0
2020.0,85.50685425685425,61.9047619047619,62.5,65.0,65.15151533333334,63.3333333333333,61.77257512796453,0.65,0.639,0.5225,0.834,405.034,110772.2,19.46,4704.0,98.0,34.0,31.6,4.0,7.0
2021.0,114.53373015873015,87.0967741935484,62.5,65.0,65.15151533333334,53.125,61.77257512796453,0.65,0.639,0.5225,0.834,405.034,110772.2,19.46,4704.0,98.0,34.0,31.6,4.0,7.0
2022.0,125.0,179.27158489658487,62.5,65.0,76.1904761904762,63.3333333333333,61.77257512796453,0.65,0.639,0.5225,0.834,405.034,110772.2,19.46,4704.0,98.0,34.0,31.6,4.0,7.0
2023.0,125.0,74.6815286624204,73.6418511066398,76.271186440678,76.1904761904762,74.2857142857143,74.6913580246914,0.65,0.639,0.5225,0.834,405.034,110772.2,19.46,4704.0,98.0,34.0,31.6,4.0,7.0
2024.0,114.53373015873015,87.0967741935484,95.51910361977174,87.1754878072813,98.8532110091743,85.2941176470588,87.06016311118384,0.65,0.639,0.5225,0.834,405.034,110772.2,19.46,4704.0,98.0,34.0,31.6,4.0,7.0
2020.0,114.53373015873015,126.9759485926655,106.52777786111112,122.08333358333336,98.8532110091743,118.518518518519,126.923076923077,0.678,0.674,0.576,0.807,405.034,130995.01,19.46,4704.0,98.0,34.0,57.45,5.0,7.0
2021.0,2.63157894736842,33.12500033333333,73.6418511066398,76.271186440678,76.1904761904762,63.3333333333333,61.77257512796453,0.678,0.674,0.576,0.807,405.034,130995.01,19.46,4704.0,98.0,34.0,57.45,5.0,7.0
2022.0,46.1215513794482,126.9759485926655,95.51910361977174,87.1754878072813,98.8532110091743,96.50389086358356,87.06016311118384,0.678,0.674,0.576,0.807,405.034,130995.01,19.46,4704.0,98.0,34.0,57.45,5.0,7.0
2023.0,114.53373015873015,100.0,106.52777786111112,145.45454554545452,110.44448509237219,107.70655270655271,100.0,0.678,0.674,0.576,0.807,405.034,130995.01,19.46,4704.0,98.0,34.0,57.45,5.0,7.0
2024.0,95.83333345833333,154.36868691035355,129.16666675,133.5763890138889,121.38558201058203,154.78670634920644,154.72222230555556,0.678,0.674,0.576,0.807,405.034,130995.01,19.46,4704.0,98.0,34.0,57.45,5.0,7.0
2020.0,145.2422175777439,87.0967741935484,106.52777786111112,99.00087270830306,110.44448509237219,96.50389086358356,87.06016311118384,0.706,0.717,0.606,0.828,144.181,36271.065,19.46,4704.0,98.0,34.0,20.6,0.0,2.0
2021.0,125.0,126.9759485926655,140.824915824916,145.45454554545452,155.263157894737,141.74107151190475,140.0,0.706,0.717,0.606,0.828,144.181,36271.065,19.46,4704.0,98.0,34.0,20.6,0.0,2.0
2022.0,114.53373015873015,126.9759485926655,95.51910361977174,99.00087270830306,98.8532110091743,96.50389086358356,100.0,0.706,0.717,0.606,0.828,144.181,36271.065,19.46,4704.0,98.0,34.0,20.6,0.0,2.0
2023.0,125.0,126.9759485926655,172.91666670833334,156.38888897222222,179.2857142857145,131.21597458391912,126.923076923077,0.706,0.717,0.606,0.828,144.181,36271.065,19.46,4704.0,98.0,34.0,20.6,0.0,2.0
2024.0,85.50685425685425,87.0967741935484,73.6418511066398,110.480549199085,76.1904761904762,96.50389086358356,87.06016311118384,0.706,0.717,0.606,0.828,144.181,36271.065,19.46,4704.0,98.0,34.0,20.6,0.0,2.0
2020.0,15.3846153846154,113.513513513514,161.63690480357144,169.20093795093794,167.60912698412704,141.74107151190475,113.4063143817545,0.66,0.682,0.505,0.843,2253.234,36271.065,19.46,4704.0,98.0,34.0,80.3,6.0,8.0
2021.0,25.972222722222217,61.9047619047619,73.6418511066398,99.00087270830306,87.8787878787879,74.2857142857143,87.06016311118384,0.66,0.682,0.505,0.843,2253.234,36271.065,19.46,4704.0,98.0,34.0,80.3,6.0,8.0
2022.0,25.972222722222217,113.513513513514,184.857142857143,180.8234127400794,179.2857142857145,185.714285714286,179.87103174603178,0.66,0.682,0.505,0.843,2253.234,36271.065,19.46,4704.0,98.0,34.0,80.3,6.0,8.0
2023.0,85.50685425685425,126.9759485926655,150.6881313131313,156.38888897222222,155.263157894737,118.518518518519,126.923076923077,0.66,0.682,0.505,0.843,2253.234,36271.065,19.46,4704.0,98.0,34.0,80.3,6.0,8.0
2024.0,95.83333345833333,126.9759485926655,106.52777786111112,110.480549199085,98.8532110091743,118.518518518519,126.923076923077,0.66,0.682,0.505,0.843,2253.234,36271.065,19.46,4704.0,98.0,34.0,80.3,6.0,8.0
2020.0,114.53373015873015,74.6815286624204,73.6418511066398,76.271186440678,76.1904761904762,74.2857142857143,74.6913580246914,0.667,0.658,0.548,0.822,144.181,36271.065,19.46,4704.0,98.0,34.0,35.4,2.0,2.0
2021.0,95.83333345833333,100.0,39.9399399399399,16.66666725,29.166667208333333,30.000000149999998,32.91666683333333,0.667,0.658,0.548,0.822,144.181,36271.065,19.46,4704.0,98.0,34.0,35.4,2.0,2.0
2022.0,95.83333345833333,61.9047619047619,129.16666675,99.00087270830306,132.142857142857,131.21597458391912,126.923076923077,0.667,0.658,0.548,0.822,144.181,36271.065,19.46,4704.0,98.0,34.0,35.4,2.0,2.0
2023.0,95.83333345833333,113.513513513514,129.16666675,87.1754878072813,132.142857142857,118.518518518519,113.4063143817545,0.667,0.658,0.548,0.822,144.181,36271.065,19.46,4704.0,98.0,34.0,35.4,2.0,2.0
2024.0,104.98348072307598,100.0,84.83330327080324,133.5763890138889,98.8532110091743,96.50389086358356,100.0,0.667,0.658,0.548,0.822,144.181,36271.065,19.46,4704.0,98.0,34.0,35.4,2.0,2.0
2020.0,15.3846153846154,113.513513513514,84.83330327080324,87.1754878072813,87.8787878787879,96.50389086358356,113.4063143817545,0.66,0.674,0.5225,0.822,3577.487,45625.31,19.46,4704.0,98.0,34.0,64.75,6.0,2.0
2021.0,25.972222722222217,113.513513513514,140.824915824916,133.5763890138889,144.54365083531744,141.74107151190475,126.923076923077,0.66,0.674,0.5225,0.822,3577.487,45625.31,19.46,4704.0,98.0,34.0,64.75,6.0,2.0
2022.0,55.9503105590062,100.0,106.52777786111112,110.480549199085,110.44448509237219,118.518518518519,126.923076923077,0.66,0.674,0.5225,0.822,3577.487,45625.31,19.46,4704.0,98.0,34.0,64.75,6.0,2.0
2023.0,95.83333345833333,87.0967741935484,150.6881313131313,133.5763890138889,144.54365083531744,85.2941176470588,87.06016311118384,0.66,0.674,0.5225,0.822,3577.487,45625.31,19.46,4704.0,98.0,34.0,64.75,6.0,2.0
2024.0,75.70932556349206,140.0,129.16666675,133.5763890138889,132.142857142857,141.74107151190475,140.0,0.66,0.674,0.5225,0.822,3577.487,45625.31,19.46,4704.0,98.0,34.0,64.75,6.0,2.0
2020.0,55.9503105590062,87.0967741935484,73.6418511066398,76.271186440678,76.1904761904762,74.2857142857143,87.06016311118384,0.687,0.674,0.591,0.807,144.181,36271.065,19.46,4704.0,98.0,34.0,60.75,0.0,2.0
2021.0,104.98348072307598,87.0967741935484,73.6418511066398,76.271186440678,76.1904761904762,63.3333333333333,61.77257512796453,0.687,0.674,0.591,0.807,144.181,36271.065,19.46,4704.0,98.0,34.0,60.75,0.0,2.0
2022.0,104.98348072307598,87.0967741935484,117.6653439153439,122.08333358333336,121.38558201058203,118.518518518519,113.4063143817545,0.687,0.674,0.591,0.807,144.181,36271.065,19.46,4704.0,98.0,34.0,60.75,0.0,2.0
2023.0,55.9503105590062,126.9759485926655,106.52777786111112,145.45454554545452,110.44448509237219,118.518518518519,126.923076923077,0.687,0.674,0.591,0.807,144.181,36271.065,19.46,4704.0,98.0,34.0,60.75,0.0,2.0
2024.0,46.1215513794482,100.0,84.83330327080324,99.00087270830306,98.8532110091743,96.50389086358356,100.0,0.687,0.674,0.591,0.807,144.181,36271.065,19.46,4704.0,98.0,34.0,60.75,0.0,2.0
2020.0,65.69850288600288,48.95833354166667,62.5,65.0,65.15151533333334,63.3333333333333,49.355158896825394,0.7244999999999999,0.725,0.606,0.8755,144.181,45625.31,19.46,4704.0,98.0,34.0,35.4,0.0,13.0
2021.0,75.70932556349206,74.6815286624204,73.6418511066398,87.1754878072813,87.8787878787879,85.2941176470588,87.06016311118384,0.7244999999999999,0.725,0.606,0.8755,144.181,45625.31,19.46,4704.0,98.0,34.0,35.4,0.0,13.0
2022.0,65.69850288600288,87.0967741935484,73.6418511066398,87.1754878072813,76.1904761904762,85.2941176470588,87.06016311118384,0.7244999999999999,0.725,0.606,0.8755,144.181,45625.31,19.46,4704.0,98.0,34.0,35.4,0.0,13.0
2023.0,104.98348072307598,87.0967741935484,84.83330327080324,76.271186440678,87.8787878787879,85.2941176470588,87.06016311118384,0.7244999999999999,0.725,0.606,0.8755,144.181,45625.31,19.46,4704.0,98.0,34.0,35.4,0.0,13.0
2024.0,95.83333345833333,87.0967741935484,95.51910361977174,87.1754878072813,98.8532110091743,85.2941176470588,87.06016311118384,0.7244999999999999,0.725,0.606,0.8755,144.181,45625.31,19.46,4704.0,98.0,34.0,35.4,0.0,13.0
2020.0,15.3846153846154,100.0,95.51910361977174,87.1754878072813,87.8787878787879,96.50389086358356,100.0,0.7244999999999999,0.7084999999999999,0.62,0.866,405.034,78182.4,19.46,4704.0,98.0,34.0,50.3,0.0,13.0
2021.0,85.50685425685425,74.6815286624204,95.51910361977174,110.480549199085,98.8532110091743,107.70655270655271,113.4063143817545,0.7244999999999999,0.7084999999999999,0.62,0.866,405.034,78182.4,19.46,4704.0,98.0,34.0,50.3,0.0,13.0
2022.0,114.53373015873015,100.0,84.83330327080324,87.1754878072813,87.8787878787879,96.50389086358356,100.0,0.7244999999999999,0.7084999999999999,0.62,0.866,405.034,78182.4,19.46,4704.0,98.0,34.0,50.3,0.0,13.0
2023.0,75.70932556349206,48.95833354166667,39.9399399399399,110.480549199085,41.66666704166666,53.125,49.355158896825394,0.7244999999999999,0.7084999999999999,0.62,0.866,405.034,78182.4,19.46,4704.0,98.0,34.0,50.3,0.0,13.0
2024.0,75.70932556349206,33.12500033333333,28.1105856250365,6.666666666666666e-07,29.166667208333333,30.000000149999998,32.91666683333333,0.7244999999999999,0.7084999999999999,0.62,0.866,405.034,78182.4,19.46,4704.0,98.0,34.0,50.3,0.0,13.0
2020.0,65.69850288600288,233.333333333333,195.1388888888889,218.19444444444446,200.0,210.90458152958138,234.55891330891313,0.8005,0.867,0.705,0.855,405.034,78182.4,2658.15,1332845.0,582.0,8385.0,97.9,1.0,2.0
2021.0,95.83333345833333,100.0,73.6418511066398,76.271186440678,76.1904761904762,63.3333333333333,74.6913580246914,0.8005,0.867,0.705,0.855,405.034,78182.4,2658.15,1332845.0,695.0,7447.5,97.9,1.0,2.0
2022.0,104.98348072307598,100.0,84.83330327080324,87.1754878072813,98.8532110091743,96.50389086358356,100.0,0.8005,0.867,0.705,0.855,405.034,78182.4,2658.15,1332845.0,637.0,7134.5,97.9,1.0,2.0
2023.0,125.0,100.0,117.6653439153439,110.480549199085,121.38558201058203,96.50389086358356,100.0,0.8005,0.867,0.705,0.855,405.034,78182.4,2658.15,1332845.0,658.5,7447.5,97.9,1.0,2.0
2024.0,95.83333345833333,74.6815286624204,106.52777786111112,87.1754878072813,98.8532110091743,74.2857142857143,74.6913580246914,0.8005,0.867,0.705,0.855,405.034,78182.4,2658.15,1332845.0,658.5,7134.5,97.9,1.0,2.0
2020.0,104.98348072307598,74.6815286624204,73.6418511066398,87.1754878072813,87.8787878787879,74.2857142857143,74.6913580246914,0.697,0.7,0.576,0.828,144.181,27276.97,19.46,4704.0,98.0,34.0,50.3,2.0,4.0
2021.0,104.98348072307598,74.6815286624204,73.6418511066398,65.0,76.1904761904762,74.2857142857143,74.6913580246914,0.697,0.7,0.576,0.828,144.181,27276.97,19.46,4704.0,98.0,34.0,50.3,2.0,4.0
2022.0,35.1909184726522,74.6815286624204,106.52777786111112,110.480549199085,110.44448509237219,96.50389086358356,87.06016311118384,0.697,0.7,0.576,0.828,144.181,27276.97,19.46,4704.0,98.0,34.0,50.3,2.0,4.0
2023.0,135.64380064380063,87.0967741935484,129.16666675,122.08333358333336,110.44448509237219,53.125,87.06016311118384,0.697,0.7,0.576,0.828,144.181,27276.97,19.46,4704.0,98.0,34.0,50.3,2.0,4.0
2024.0,55.9503105590062,166.666666666667,140.824915824916,145.45454554545452,144.54365083531744,185.714285714286,166.666666666667,0.697,0.7,0.576,0.828,144.181,27276.97,19.46,4704.0,98.0,34.0,50.3,2.0,4.0
2020.0,114.53373015873015,61.9047619047619,73.6418511066398,65.0,76.1904761904762,63.3333333333333,61.77257512796453,0.697,0.674,0.606,0.834,144.181,36271.065,19.46,4704.0,98.0,34.0,38.9,2.0,7.0
2021.0,65.69850288600288,113.513513513514,106.52777786111112,87.1754878072813,110.44448509237219,107.70655270655271,113.4063143817545,0.697,0.674,0.606,0.834,144.181,36271.065,19.46,4704.0,98.0,34.0,38.9,2.0,7.0
2022.0,2.63157894736842,48.95833354166667,73.6418511066398,76.271186440678,76.1904761904762,85.2941176470588,87.06016311118384,0.697,0.674,0.606,0.834,144.181,36271.065,19.46,4704.0,98.0,34.0,38.9,2.0,7.0
2023.0,95.83333345833333,74.6815286624204,73.6418511066398,99.00087270830306,65.15151533333334,85.2941176470588,74.6913580246914,0.697,0.674,0.606,0.834,144.181,36271.065,19.46,4704.0,98.0,34.0,38.9,2.0,7.0
2024.0,125.0,61.9047619047619,19.848485193181816,16.66666725,20.000000416666666,63.3333333333333,61.77257512796453,0.697,0.674,0.606,0.834,144.181,36271.065,19.46,4704.0,98.0,34.0,38.9,2.0,7.0
2020.0,95.83333345833333,74.6815286624204,106.52777786111112,99.00087270830306,110.44448509237219,74.2857142857143,74.6913580246914,0.687,0.658,0.606,0.828,144.181,36271.065,19.46,4704.0,98.0,34.0,22.9,2.0,2.0
2021.0,2.63157894736842,179.27158489658487,106.52777786111112,99.00087270830306,110.44448509237219,96.50389086358356,100.0,0.687,0.658,0.606,0.828,144.181,36271.065,19.46,4704.0,98.0,34.0,22.9,2.0,2.0
2022.0,25.972222722222217,87.0967741935484,95.51910361977174,110.480549199085,110.44448509237219,96.50389086358356,100.0,0.687,0.658,0.606,0.828,144.181,36271.065,19.46,4704.0,98.0,34.0,22.9,2.0,2.0
2023.0,114.53373015873015,126.9759485926655,117.6653439153439,122.08333358333336,121.38558201058203,131.21597458391912,126.923076923077,0.687,0.658,0.606,0.828,144.181,36271.065,19.46,4704.0,98.0,34.0,22.9,2.0,2.0
2024.0,125.0,126.9759485926655,129.16666675,122.08333358333336,121.38558201058203,131.21597458391912,126.923076923077,0.687,0.658,0.606,0.828,144.181,36271.065,19.46,4704.0,98.0,34.0,22.9,2.0,2.0
2020.0,95.83333345833333,74.6815286624204,73.6418511066398,76.271186440678,87.8787878787879,74.2857142857143,74.6913580246914,0.7244999999999999,0.692,0.633,0.8755,144.181,27276.97,19.46,4704.0,98.0,34.0,60.75,2.0,16.0
2021.0,55.9503105590062,100.0,73.6418511066398,76.271186440678,76.1904761904762,74.2857142857143,74.6913580246914,0.7244999999999999,0.692,0.633,0.8755,144.181,27276.97,19.46,4704.0,98.0,34.0,60.75,2.0,16.0
2022.0,75.70932556349206,113.513513513514,73.6418511066398,76.271186440678,87.8787878787879,74.2857142857143,74.6913580246914,0.7244999999999999,0.692,0.633,0.8755,144.181,27276.97,19.46,4704.0,98.0,34.0,60.75,2.0,16.0
2023.0,192.5,87.0967741935484,84.83330327080324,87.1754878072813,87.8787878787879,85.2941176470588,87.06016311118384,0.7244999999999999,0.692,0.633,0.8755,144.181,27276.97,19.46,4704.0,98.0,34.0,60.75,2.0,16.0
2024.0,75.70932556349206,87.0967741935484,84.83330327080324,87.1754878072813,87.8787878787879,85.2941176470588,87.06016311118384,0.7244999999999999,0.692,0.633,0.8755,144.181,27276.97,19.46,4704.0,98.0,34.0,60.75,2.0,16.0
2020.0,145.2422175777439,61.9047619047619,73.6418511066398,65.0,76.1904761904762,63.3333333333333,61.77257512796453,0.715,0.725,0.591,0.855,144.181,56792.915,243.59,4704.0,98.0,34.0,86.6,1.0,4.0
2021.0,114.53373015873015,113.513513513514,84.83330327080324,76.271186440678,76.1904761904762,85.2941176470588,87.06016311118384,0.715,0.725,0.591,0.855,144.181,56792.915,243.59,4704.0,98.0,34.0,86.6,1.0,4.0
2022.0,114.53373015873015,87.0967741935484,84.83330327080324,87.1754878072813,87.8787878787879,85.2941176470588,87.06016311118384,0.715,0.725,0.591,0.855,144.181,56792.915,243.59,4704.0,98.0,34.0,86.6,1.0,4.0
2023.0,95.83333345833333,154.36868691035355,129.16666675,145.45454554545452,132.142857142857,154.78670634920644,154.72222230555556,0.715,0.725,0.591,0.855,144.181,56792.915,243.59,4704.0,98.0,34.0,86.6,1.0,4.0
2024.0,46.1215513794482,126.9759485926655,106.52777786111112,110.480549199085,110.44448509237219,118.518518518519,126.923076923077,0.715,0.725,0.591,0.855,144.181,56792.915,243.59,4704.0,98.0,34.0,86.6,1.0,4.0
2020.0,211.111111111111,100.0,84.83330327080324,99.00087270830306,87.8787878787879,107.70655270655271,100.0,0.715,0.767,0.563,0.843,144.181,36271.065,19.46,4704.0,98.0,34.0,42.9,3.0,4.0
2021.0,46.1215513794482,74.6815286624204,117.6653439153439,99.00087270830306,121.38558201058203,107.70655270655271,113.4063143817545,0.715,0.767,0.563,0.843,144.181,36271.065,19.46,4704.0,98.0,34.0,42.9,3.0,4.0
2022.0,46.1215513794482,74.6815286624204,50.26348435761521,53.6144578313253,52.77777802777778,41.277890466531446,49.355158896825394,0.715,0.767,0.563,0.843,144.181,36271.065,19.46,4704.0,98.0,34.0,42.9,3.0,4.0
2023.0,75.70932556349206,74.6815286624204,73.6418511066398,53.6144578313253,76.1904761904762,74.2857142857143,74.6913580246914,0.715,0.767,0.563,0.843,144.181,36271.065,19.46,4704.0,98.0,34.0,42.9,3.0,4.0
2024.0,46.1215513794482,113.513513513514,117.6653439153439,122.08333358333336,121.38558201058203,118.518518518519,113.4063143817545,0.715,0.767,0.563,0.843,144.181,36271.065,19.46,4704.0,98.0,34.0,42.9,3.0,4.0
2020.0,95.83333345833333,100.0,117.6653439153439,122.08333358333336,121.38558201058203,107.70655270655271,100.0,0.743,0.743,0.633,0.8755,144.181,45625.31,19.46,4704.0,98.0,34.0,54.1,3.0,4.0
2021.0,95.83333345833333,87.0967741935484,84.83330327080324,76.271186440678,87.8787878787879,96.50389086358356,100.0,0.743,0.743,0.633,0.8755,144.181,45625.31,19.46,4704.0,98.0,34.0,54.1,3.0,4.0
2022.0,25.972222722222217,87.0967741935484,73.6418511066398,65.0,65.15151533333334,63.3333333333333,61.77257512796453,0.743,0.743,0.633,0.8755,144.181,45625.31,19.46,4704.0,98.0,34.0,54.1,3.0,4.0
2023.0,85.50685425685425,61.9047619047619,62.5,76.271186440678,65.15151533333334,63.3333333333333,61.77257512796453,0.743,0.743,0.633,0.8755,144.181,45625.31,19.46,4704.0,98.0,34.0,54.1,3.0,4.0
2024.0,25.972222722222217,74.6815286624204,95.51910361977174,65.0,98.8532110091743,74.2857142857143,74.6913580246914,0.743,0.743,0.633,0.8755,144.181,45625.31,19.46,4704.0,98.0,34.0,54.1,3.0,4.0
2020.0,35.1909184726522,193.333333333333,230.769230769231,169.20093795093794,266.83621933621953,197.5049603174603,193.8074194324195,0.753,0.725,0.676,0.886,144.181,120968.485,19.46,4704.0,98.0,34.0,64.75,1.0,11.0
2021.0,125.0,48.95833354166667,150.6881313131313,169.20093795093794,155.263157894737,185.714285714286,179.87103174603178,0.753,0.725,0.676,0.886,144.181,120968.485,19.46,4704.0,98.0,34.0,64.75,1.0,11.0
2022.0,145.2422175777439,61.9047619047619,84.83330327080324,99.00087270830306,87.8787878787879,85.2941176470588,87.06016311118384,0.753,0.725,0.676,0.886,144.181,120968.485,19.46,4704.0,98.0,34.0,64.75,1.0,11.0
2023.0,183.333333333333,61.9047619047619,73.6418511066398,76.271186440678,76.1904761904762,53.125,61.77257512796453,0.753,0.725,0.676,0.886,144.181,120968.485,19.46,4704.0,98.0,34.0,64.75,1.0,11.0
2024.0,85.50685425685425,48.95833354166667,39.9399399399399,41.666667,41.66666704166666,53.125,49.355158896825394,0.753,0.725,0.676,0.886,144.181,120968.485,19.46,4704.0,98.0,34.0,64.75,1.0,11.0
2020.0,85.50685425685425,140.0,129.16666675,99.00087270830306,132.142857142857,118.518518518519,140.0,0.687,0.7084999999999999,0.5225,0.86,144.181,36271.065,19.46,4704.0,98.0,34.0,38.9,3.0,7.0
2021.0,46.1215513794482,140.0,62.5,87.1754878072813,65.15151533333334,96.50389086358356,100.0,0.687,0.7084999999999999,0.5225,0.86,144.181,36271.065,19.46,4704.0,98.0,34.0,38.9,3.0,7.0
2022.0,85.50685425685425,87.0967741935484,117.6653439153439,122.08333358333336,121.38558201058203,107.70655270655271,113.4063143817545,0.687,0.7084999999999999,0.5225,0.86,144.181,36271.065,19.46,4704.0,98.0,34.0,38.9,3.0,7.0
2023.0,95.83333345833333,166.666666666667,161.63690480357144,169.20093795093794,155.263157894737,164.28571436904764,166.666666666667,0.687,0.7084999999999999,0.5225,0.86,144.181,36271.065,19.46,4704.0,98.0,34.0,38.9,3.0,7.0
2024.0,75.70932556349206,140.0,129.16666675,133.5763890138889,132.142857142857,141.74107151190475,140.0,0.687,0.7084999999999999,0.5225,0.86,144.181,36271.065,19.46,4704.0,98.0,34.0,38.9,3.0,7.0
2020.0,25.972222722222217,126.9759485926655,106.52777786111112,122.08333358333336,110.44448509237219,107.70655270655271,126.923076923077,0.734,0.767,0.606,0.839,144.181,45625.31,19.46,4704.0,98.0,34.0,27.3,4.0,7.0
2021.0,114.53373015873015,48.95833354166667,73.6418511066398,76.271186440678,76.1904761904762,85.2941176470588,74.6913580246914,0.734,0.767,0.606,0.839,144.181,45625.31,19.46,4704.0,98.0,34.0,27.3,4.0,7.0
2022.0,145.2422175777439,113.513513513514,84.83330327080324,87.1754878072813,87.8787878787879,74.2857142857143,74.6913580246914,0.734,0.767,0.606,0.839,144.181,45625.31,19.46,4704.0,98.0,34.0,27.3,4.0,7.0
2023.0,95.83333345833333,154.36868691035355,117.6653439153439,99.00087270830306,121.38558201058203,154.78670634920644,154.72222230555556,0.734,0.767,0.606,0.839,144.181,45625.31,19.46,4704.0,98.0,34.0,27.3,4.0,7.0
2024.0,75.70932556349206,87.0967741935484,84.83330327080324,87.1754878072813,87.8787878787879,74.2857142857143,87.06016311118384,0.734,0.767,0.606,0.839,144.181,45625.31,19.46,4704.0,98.0,34.0,27.3,4.0,7.0
2020.0,135.64380064380063,100.0,84.83330327080324,99.00087270830306,87.8787878787879,107.70655270655271,100.0,0.715,0.743,0.563,0.8705,144.181,36271.065,19.46,4704.0,98.0,34.0,46.7,3.0,10.0
2021.0,75.70932556349206,113.513513513514,95.51910361977174,65.0,98.8532110091743,41.277890466531446,49.355158896825394,0.715,0.743,0.563,0.8705,144.181,36271.065,19.46,4704.0,98.0,34.0,46.7,3.0,10.0
2022.0,95.83333345833333,126.9759485926655,50.26348435761521,53.6144578313253,41.66666704166666,63.3333333333333,61.77257512796453,0.715,0.743,0.563,0.8705,144.181,36271.065,19.46,4704.0,98.0,34.0,46.7,3.0,10.0
2023.0,135.64380064380063,100.0,95.51910361977174,99.00087270830306,87.8787878787879,107.70655270655271,100.0,0.715,0.743,0.563,0.8705,144.181,36271.065,19.46,4704.0,98.0,34.0,46.7,3.0,10.0
2024.0,125.0,74.6815286624204,95.51910361977174,65.0,110.44448509237219,74.2857142857143,74.6913580246914,0.715,0.743,0.563,0.8705,144.181,36271.065,19.46,4704.0,98.0,34.0,46.7,3.0,10.0
2020.0,75.70932556349206,87.0967741935484,84.83330327080324,76.271186440678,76.1904761904762,74.2857142857143,87.06016311118384,0.706,0.674,0.606,0.849,3094.071,27276.97,19.46,4704.0,98.0,34.0,94.4,5.0,11.0
2021.0,95.83333345833333,113.513513513514,129.16666675,145.45454554545452,132.142857142857,141.74107151190475,140.0,0.706,0.674,0.606,0.849,3094.071,27276.97,19.46,4704.0,98.0,34.0,94.4,5.0,11.0
2022.0,55.9503105590062,87.0967741935484,106.52777786111112,99.00087270830306,110.44448509237219,85.2941176470588,87.06016311118384,0.706,0.674,0.606,0.849,3094.071,27276.97,19.46,4704.0,98.0,34.0,94.4,5.0,11.0
2023.0,114.53373015873015,193.333333333333,184.857142857143,190.6240981240981,179.2857142857145,197.5049603174603,193.8074194324195,0.706,0.674,0.606,0.849,3094.071,27276.97,19.46,4704.0,98.0,34.0,94.4,5.0,11.0
2024.0,135.64380064380063,166.666666666667,140.824915824916,145.45454554545452,144.54365083531744,175.52778920425976,154.72222230555556,0.706,0.674,0.606,0.849,3094.071,27276.97,19.46,4704.0,98.0,34.0,94.4,5.0,11.0
2020.0,55.9503105590062,154.36868691035355,106.52777786111112,133.5763890138889,132.142857142857,141.74107151190475,154.72222230555556,0.687,0.692,0.563,0.834,144.181,88848.11,19.46,4704.0,98.0,34.0,57.45,0.0,7.0
2021.0,65.69850288600288,74.6815286624204,62.5,41.666667,41.66666704166666,41.277890466531446,49.355158896825394,0.687,0.692,0.563,0.834,144.181,88848.11,19.46,4704.0,98.0,34.0,57.45,0.0,7.0
2022.0,114.53373015873015,74.6815286624204,106.52777786111112,110.480549199085,98.8532110091743,107.70655270655271,113.4063143817545,0.687,0.692,0.563,0.834,144.181,88848.11,19.46,4704.0,98.0,34.0,57.45,0.0,7.0
2023.0,65.69850288600288,140.0,150.6881313131313,133.5763890138889,132.142857142857,131.21597458391912,140.0,0.687,0.692,0.563,0.834,144.181,88848.11,19.46,4704.0,98.0,34.0,57.45,0.0,7.0
2024.0,75.70932556349206,193.333333333333,184.857142857143,190.6240981240981,192.5925925925926,185.714285714286,193.8074194324195,0.687,0.692,0.563,0.834,144.181,88848.11,19.46,4704.0,98.0,34.0,57.45,0.0,7.0
2020.0,65.69850288600288,33.12500033333333,28.1105856250365,41.666667,29.166667208333333,30.000000149999998,32.91666683333333,0.667,0.666,0.534,0.822,405.034,56792.915,19.46,4704.0,98.0,34.0,38.9,5.0,1.0
2021.0,2.63157894736842,87.0967741935484,106.52777786111112,110.480549199085,110.44448509237219,118.518518518519,113.4063143817545,0.667,0.666,0.534,0.822,405.034,56792.915,19.46,4704.0,98.0,34.0,38.9,5.0,1.0
2022.0,35.1909184726522,100.0,95.51910361977174,87.1754878072813,98.8532110091743,118.518518518519,126.923076923077,0.667,0.666,0.534,0.822,405.034,56792.915,19.46,4704.0,98.0,34.0,38.9,5.0,1.0
2023.0,104.98348072307598,61.9047619047619,73.6418511066398,76.271186440678,76.1904761904762,74.2857142857143,61.77257512796453,0.667,0.666,0.534,0.822,405.034,56792.915,19.46,4704.0,98.0,34.0,38.9,5.0,1.0
2024.0,95.83333345833333,48.95833354166667,84.83330327080324,99.00087270830306,76.1904761904762,53.125,49.355158896825394,0.667,0.666,0.534,0.822,405.034,56792.915,19.46,4704.0,98.0,34.0,38.9,5.0,1.0
2020.0,75.70932556349206,113.513513513514,84.83330327080324,99.00087270830306,87.8787878787879,96.50389086358356,113.4063143817545,0.753,0.785,0.662,0.839,144.181,45625.31,19.46,4704.0,98.0,34.0,60.75,2.0,2.0
2021.0,95.83333345833333,100.0,117.6653439153439,122.08333358333336,121.38558201058203,118.518518518519,113.4063143817545,0.753,0.785,0.662,0.839,144.181,45625.31,19.46,4704.0,98.0,34.0,60.75,2.0,2.0
2022.0,104.98348072307598,113.513513513514,84.83330327080324,99.00087270830306,87.8787878787879,85.2941176470588,87.06016311118384,0.753,0.785,0.662,0.839,144.181,45625.31,19.46,4704.0,98.0,34.0,60.75,2.0,2.0
2023.0,2.63157894736842,113.513513513514,106.52777786111112,145.45454554545452,110.44448509237219,118.518518518519,113.4063143817545,0.753,0.785,0.662,0.839,144.181,45625.31,19.46,4704.0,98.0,34.0,60.75,2.0,2.0
2024.0,46.1215513794482,100.0,117.6653439153439,110.480549199085,110.44448509237219,96.50389086358356,100.0,0.753,0.785,0.662,0.839,144.181,45625.31,19.46,4704.0,98.0,34.0,60.75,2.0,2.0
2020.0,104.98348072307598,33.12500033333333,39.9399399399399,41.666667,41.66666704166666,30.000000149999998,32.91666683333333,0.631,0.604,0.5225,0.792,405.034,27276.97,19.46,4704.0,98.0,34.0,35.4,0.0,2.0
2021.0,46.1215513794482,100.0,73.6418511066398,76.271186440678,76.1904761904762,74.2857142857143,74.6913580246914,0.631,0.604,0.5225,0.792,405.034,27276.97,19.46,4704.0,98.0,34.0,35.4,0.0,2.0
2022.0,55.9503105590062,100.0,73.6418511066398,76.271186440678,87.8787878787879,74.2857142857143,74.6913580246914,0.631,0.604,0.5225,0.792,405.034,27276.97,19.46,4704.0,98.0,34.0,35.4,0.0,2.0
2023.0,75.70932556349206,113.513513513514,106.52777786111112,110.480549199085,110.44448509237219,118.518518518519,113.4063143817545,0.631,0.604,0.5225,0.792,405.034,27276.97,19.46,4704.0,98.0,34.0,35.4,0.0,2.0
2024.0,55.9503105590062,113.513513513514,106.52777786111112,99.00087270830306,110.44448509237219,96.50389086358356,113.4063143817545,0.631,0.604,0.5225,0.792,405.034,27276.97,19.46,4704.0,98.0,34.0,35.4,0.0,2.0
2020.0,2.63157894736842,166.666666666667,129.16666675,99.00087270830306,121.38558201058203,141.74107151190475,166.666666666667,0.734,0.767,0.591,0.866,144.181,45625.31,19.46,4704.0,98.0,34.0,46.7,3.0,7.0
2021.0,95.83333345833333,48.95833354166667,84.83330327080324,65.0,76.1904761904762,85.2941176470588,87.06016311118384,0.734,0.767,0.591,0.866,144.181,45625.31,19.46,4704.0,98.0,34.0,46.7,3.0,7.0
2022.0,75.70932556349206,48.95833354166667,106.52777786111112,122.08333358333336,121.38558201058203,96.50389086358356,100.0,0.734,0.767,0.591,0.866,144.181,45625.31,19.46,4704.0,98.0,34.0,46.7,3.0,7.0
2023.0,75.70932556349206,100.0,129.16666675,99.00087270830306,132.142857142857,107.70655270655271,100.0,0.734,0.767,0.591,0.866,144.181,45625.31,19.46,4704.0,98.0,34.0,46.7,3.0,7.0
2024.0,85.50685425685425,74.6815286624204,73.6418511066398,76.271186440678,76.1904761904762,74.2857142857143,74.6913580246914,0.734,0.767,0.591,0.866,144.181,45625.31,19.46,4704.0,98.0,34.0,46.7,3.0,7.0
2020.0,114.53373015873015,74.6815286624204,73.6418511066398,76.271186440678,65.15151533333334,85.2941176470588,74.6913580246914,0.687,0.7084999999999999,0.548,0.828,946.9680000000001,45625.31,19.46,4704.0,98.0,34.0,60.75,5.0,2.0
2021.0,25.972222722222217,87.0967741935484,73.6418511066398,76.271186440678,87.8787878787879,74.2857142857143,100.0,0.687,0.7084999999999999,0.548,0.828,946.9680000000001,45625.31,19.46,4704.0,98.0,34.0,60.75,5.0,2.0
2022.0,55.9503105590062,74.6815286624204,95.51910361977174,122.08333358333336,110.44448509237219,118.518518518519,113.4063143817545,0.687,0.7084999999999999,0.548,0.828,946.9680000000001,45625.31,19.46,4704.0,98.0,34.0,60.75,5.0,2.0
2023.0,166.18882275132276,87.0967741935484,95.51910361977174,65.0,76.1904761904762,96.50389086358356,87.06016311118384,0.687,0.7084999999999999,0.548,0.828,946.9680000000001,45625.31,19.46,4704.0,98.0,34.0,60.75,5.0,2.0
2024.0,125.0,48.95833354166667,73.6418511066398,65.0,76.1904761904762,53.125,49.355158896825394,0.687,0.7084999999999999,0.548,0.828,946.9680000000001,45625.31,19.46,4704.0,98.0,34.0,60.75,5.0,2.0
2020.0,65.69850288600288,126.9759485926655,95.51910361977174,110.480549199085,98.8532110091743,107.70655270655271,126.923076923077,0.66,0.646,0.548,0.807,144.181,36271.065,19.46,4704.0,98.0,34.0,31.6,0.0,7.0
2021.0,95.83333345833333,61.9047619047619,129.16666675,110.480549199085,121.38558201058203,107.70655270655271,100.0,0.66,0.646,0.548,0.807,144.181,36271.065,19.46,4704.0,98.0,34.0,31.6,0.0,7.0
2022.0,35.1909184726522,74.6815286624204,95.51910361977174,99.00087270830306,87.8787878787879,96.50389086358356,100.0,0.66,0.646,0.548,0.807,144.181,36271.065,19.46,4704.0,98.0,34.0,31.6,0.0,7.0
2023.0,65.69850288600288,206.87500004166668,251.5029761904762,288.82440480357144,250.0,210.90458152958138,206.87500004166668,0.66,0.646,0.548,0.807,144.181,36271.065,19.46,4704.0,98.0,34.0,31.6,0.0,7.0
2024.0,75.70932556349206,154.36868691035355,150.6881313131313,145.45454554545452,144.54365083531744,154.78670634920644,154.72222230555556,0.66,0.646,0.548,0.807,144.181,36271.065,19.46,4704.0,98.0,34.0,31.6,0.0,7.0
2020.0,114.53373015873015,74.6815286624204,62.5,76.271186440678,76.1904761904762,74.2857142857143,74.6913580246914,0.743,0.751,0.633,0.86,2600.969,78182.4,19.46,191900.0,55.0,1507.0,94.4,6.0,2.0
2021.0,95.83333345833333,140.0,50.26348435761521,53.6144578313253,52.77777802777778,53.125,49.355158896825394,0.743,0.751,0.633,0.86,2600.969,78182.4,19.46,191900.0,79.5,1507.0,94.4,6.0,2.0
2022.0,75.70932556349206,61.9047619047619,50.26348435761521,41.666667,52.77777802777778,41.277890466531446,49.355158896825394,0.743,0.751,0.633,0.86,2600.969,78182.4,19.46,191900.0,79.5,1173.0,94.4,6.0,2.0
2023.0,95.83333345833333,61.9047619047619,73.6418511066398,65.0,76.1904761904762,63.3333333333333,61.77257512796453,0.743,0.751,0.633,0.86,2600.969,78182.4,19.46,191900.0,79.5,1173.0,94.4,6.0,2.0
2024.0,65.69850288600288,74.6815286624204,84.83330327080324,76.271186440678,87.8787878787879,74.2857142857143,74.6913580246914,0.743,0.751,0.633,0.86,2600.969,78182.4,19.46,191900.0,79.5,937.0,94.4,6.0,2.0
2020.0,55.9503105590062,126.9759485926655,140.824915824916,145.45454554545452,155.263157894737,141.74107151190475,126.923076923077,0.697,0.7,0.563,0.843,2045.1845,36271.065,19.46,4704.0,98.0,34.0,68.9,3.0,2.0
2021.0,85.50685425685425,74.6815286624204,62.5,76.271186440678,65.15151533333334,85.2941176470588,87.06016311118384,0.697,0.7,0.563,0.843,2045.1845,36271.065,19.46,4704.0,98.0,34.0,68.9,3.0,2.0
2022.0,65.69850288600288,61.9047619047619,73.6418511066398,87.1754878072813,87.8787878787879,74.2857142857143,74.6913580246914,0.697,0.7,0.563,0.843,2045.1845,36271.065,19.46,4704.0,98.0,34.0,68.9,3.0,2.0
2023.0,75.70932556349206,100.0,95.51910361977174,53.6144578313253,76.1904761904762,107.70655270655271,100.0,0.697,0.7,0.563,0.843,2045.1845,36271.065,19.46,4704.0,98.0,34.0,68.9,3.0,2.0
2024.0,75.70932556349206,61.9047619047619,50.26348435761521,53.6144578313253,41.66666704166666,63.3333333333333,61.77257512796453,0.697,0.7,0.563,0.843,2045.1845,36271.065,19.46,4704.0,33.0,34.0,68.9,3.0,2.0
2020.0,95.83333345833333,126.9759485926655,129.16666675,122.08333358333336,132.142857142857,118.518518518519,126.923076923077,0.66,0.692,0.4765,0.886,144.181,36271.065,19.46,4704.0,98.0,34.0,64.75,1.0,4.0
2021.0,2.63157894736842,87.0967741935484,50.26348435761521,53.6144578313253,52.77777802777778,63.3333333333333,61.77257512796453,0.66,0.692,0.4765,0.886,144.181,36271.065,19.46,4704.0,98.0,34.0,64.75,1.0,4.0
2022.0,15.3846153846154,74.6815286624204,73.6418511066398,76.271186440678,76.1904761904762,74.2857142857143,74.6913580246914,0.66,0.692,0.4765,0.886,144.181,36271.065,19.46,4704.0,98.0,34.0,64.75,1.0,4.0
2023.0,104.98348072307598,87.0967741935484,95.51910361977174,110.480549199085,98.8532110091743,85.2941176470588,87.06016311118384,0.66,0.692,0.4765,0.886,144.181,36271.065,19.46,4704.0,98.0,34.0,64.75,1.0,4.0
2024.0,75.70932556349206,113.513513513514,117.6653439153439,110.480549199085,121.38558201058203,107.70655270655271,113.4063143817545,0.66,0.692,0.4765,0.886,144.181,36271.065,19.46,4704.0,98.0,34.0,64.75,1.0,4.0
2020.0,85.50685425685425,48.95833354166667,73.6418511066398,53.6144578313253,65.15151533333334,41.277890466531446,49.355158896825394,0.7244999999999999,0.751,0.606,0.855,144.181,56792.915,19.46,4704.0,98.0,34.0,72.8,3.0,2.0
2021.0,75.70932556349206,100.0,129.16666675,145.45454554545452,144.54365083531744,141.74107151190475,140.0,0.7244999999999999,0.751,0.606,0.855,144.181,56792.915,19.46,4704.0,98.0,34.0,72.8,3.0,2.0
2022.0,104.98348072307598,100.0,50.26348435761521,65.0,52.77777802777778,63.3333333333333,61.77257512796453,0.7244999999999999,0.751,0.606,0.855,144.181,56792.915,19.46,4704.0,98.0,34.0,72.8,3.0,2.0
2023.0,35.1909184726522,87.0967741935484,106.52777786111112,76.271186440678,110.44448509237219,74.2857142857143,87.06016311118384,0.7244999999999999,0.751,0.606,0.855,144.181,56792.915,19.46,4704.0,98.0,34.0,72.8,3.0,2.0
2024.0,75.70932556349206,74.6815286624204,84.83330327080324,76.271186440678,87.8787878787879,74.2857142857143,74.6913580246914,0.7244999999999999,0.751,0.606,0.855,144.181,56792.915,19.46,4704.0,98.0,34.0,72.8,3.0,2.0
2020.0,95.83333345833333,61.9047619047619,62.5,65.0,65.15151533333334,63.3333333333333,61.77257512796453,0.734,0.734,0.633,0.843,144.181,45625.31,19.46,4704.0,98.0,34.0,68.9,0.0,15.0
2021.0,95.83333345833333,87.0967741935484,73.6418511066398,65.0,76.1904761904762,74.2857142857143,74.6913580246914,0.734,0.734,0.633,0.843,144.181,45625.31,19.46,4704.0,98.0,34.0,68.9,0.0,15.0
2022.0,75.70932556349206,100.0,73.6418511066398,65.0,76.1904761904762,63.3333333333333,61.77257512796453,0.734,0.734,0.633,0.843,144.181,45625.31,19.46,4704.0,98.0,34.0,68.9,0.0,15.0
2023.0,95.83333345833333,48.95833354166667,50.26348435761521,53.6144578313253,52.77777802777778,53.125,49.355158896825394,0.734,0.734,0.633,0.843,144.181,45625.31,19.46,4704.0,98.0,34.0,68.9,0.0,15.0
2024.0,95.83333345833333,74.6815286624204,84.83330327080324,76.271186440678,87.8787878787879,74.2857142857143,74.6913580246914,0.734,0.734,0.633,0.843,144.181,45625.31,19.46,4704.0,98.0,34.0,68.9,0.0,15.0
2020.0,2.63157894736842,100.0,95.51910361977174,99.00087270830306,98.8532110091743,85.2941176470588,100.0,0.687,0.674,0.576,0.834,144.181,36271.065,19.46,4704.0,98.0,34.0,31.6,2.0,2.0
2021.0,166.18882275132276,87.0967741935484,84.83330327080324,87.1754878072813,87.8787878787879,96.50389086358356,87.06016311118384,0.687,0.674,0.576,0.834,144.181,36271.065,19.46,4704.0,98.0,34.0,31.6,2.0,2.0
2022.0,75.70932556349206,74.6815286624204,73.6418511066398,76.271186440678,76.1904761904762,74.2857142857143,74.6913580246914,0.687,0.674,0.576,0.834,144.181,36271.065,19.46,4704.0,98.0,34.0,31.6,2.0,2.0
2023.0,114.53373015873015,87.0967741935484,95.51910361977174,99.00087270830306,98.8532110091743,85.2941176470588,87.06016311118384,0.687,0.674,0.576,0.834,144.181,36271.065,19.46,4704.0,98.0,34.0,31.6,2.0,2.0
2024.0,95.83333345833333,87.0967741935484,84.83330327080324,87.1754878072813,87.8787878787879,85.2941176470588,87.06016311118384,0.687,0.674,0.576,0.834,144.181,36271.065,19.46,4704.0,98.0,34.0,31.6,2.0,2.0
2020.0,125.0,100.0,106.52777786111112,99.00087270830306,98.8532110091743,107.70655270655271,100.0,0.687,0.7084999999999999,0.548,0.828,405.034,45625.31,19.46,4704.0,98.0,34.0,80.3,1.0,7.0
2021.0,95.83333345833333,166.666666666667,106.52777786111112,110.480549199085,121.38558201058203,96.50389086358356,100.0,0.687,0.7084999999999999,0.548,0.828,405.034,45625.31,19.46,4704.0,98.0,34.0,80.3,1.0,7.0
2022.0,104.98348072307598,87.0967741935484,95.51910361977174,99.00087270830306,110.44448509237219,107.70655270655271,100.0,0.687,0.7084999999999999,0.548,0.828,405.034,45625.31,19.46,4704.0,98.0,34.0,80.3,1.0,7.0
2023.0,114.53373015873015,100.0,117.6653439153439,110.480549199085,121.38558201058203,118.518518518519,100.0,0.687,0.7084999999999999,0.548,0.828,405.034,45625.31,19.46,4704.0,98.0,34.0,80.3,1.0,7.0
2024.0,104.98348072307598,100.0,106.52777786111112,110.480549199085,98.8532110091743,96.50389086358356,100.0,0.687,0.7084999999999999,0.548,0.828,405.034,45625.31,19.46,4704.0,98.0,34.0,80.3,1.0,7.0
2020.0,85.50685425685425,113.513513513514,140.824915824916,133.5763890138889,144.54365083531744,131.21597458391912,113.4063143817545,0.7244999999999999,0.725,0.606,0.866,405.034,36271.065,19.46,4704.0,98.0,34.0,75.7,0.0,4.0
2021.0,95.83333345833333,87.0967741935484,73.6418511066398,76.271186440678,76.1904761904762,85.2941176470588,87.06016311118384,0.7244999999999999,0.725,0.606,0.866,405.034,36271.065,19.46,4704.0,98.0,34.0,75.7,0.0,4.0
2022.0,75.70932556349206,74.6815286624204,95.51910361977174,99.00087270830306,98.8532110091743,96.50389086358356,100.0,0.7244999999999999,0.725,0.606,0.866,405.034,36271.065,19.46,4704.0,98.0,34.0,75.7,0.0,4.0
2023.0,104.98348072307598,113.513513513514,117.6653439153439,145.45454554545452,121.38558201058203,118.518518518519,113.4063143817545,0.7244999999999999,0.725,0.606,0.866,405.034,36271.065,19.46,4704.0,98.0,34.0,75.7,0.0,4.0
2024.0,85.50685425685425,113.513513513514,117.6653439153439,110.480549199085,121.38558201058203,118.518518518519,113.4063143817545,0.7244999999999999,0.725,0.606,0.866,405.034,36271.065,19.46,4704.0,98.0,34.0,75.7,0.0,4.0
2020.0,135.64380064380063,113.513513513514,106.52777786111112,110.480549199085,110.44448509237219,107.70655270655271,113.4063143817545,0.763,0.776,0.676,0.843,144.181,45625.31,19.46,4704.0,98.0,34.0,50.3,0.0,7.0
2021.0,75.70932556349206,74.6815286624204,95.51910361977174,87.1754878072813,98.8532110091743,85.2941176470588,87.06016311118384,0.763,0.776,0.676,0.843,144.181,45625.31,19.46,4704.0,98.0,34.0,50.3,0.0,7.0
2022.0,55.9503105590062,87.0967741935484,73.6418511066398,76.271186440678,76.1904761904762,74.2857142857143,74.6913580246914,0.763,0.776,0.676,0.843,144.181,45625.31,19.46,4704.0,98.0,34.0,50.3,0.0,7.0
2023.0,114.53373015873015,113.513513513514,106.52777786111112,110.480549199085,110.44448509237219,118.518518518519,113.4063143817545,0.763,0.776,0.676,0.843,144.181,45625.31,19.46,4704.0,98.0,34.0,50.3,0.0,7.0
2024.0,55.9503105590062,126.9759485926655,106.52777786111112,110.480549199085,110.44448509237219,118.518518518519,126.923076923077,0.763,0.776,0.676,0.843,144.181,45625.31,19.46,4704.0,98.0,34.0,50.3,0.0,7.0
2020.0,46.1215513794482,193.333333333333,184.857142857143,156.38888897222222,179.2857142857145,175.52778920425976,193.8074194324195,0.687,0.692,0.563,0.843,405.034,56792.915,19.46,4704.0,98.0,34.0,50.3,2.0,7.0
2021.0,85.50685425685425,140.0,150.6881313131313,180.8234127400794,155.263157894737,164.28571436904764,166.666666666667,0.687,0.692,0.563,0.843,405.034,56792.915,19.46,4704.0,98.0,34.0,50.3,2.0,7.0
2022.0,85.50685425685425,61.9047619047619,84.83330327080324,87.1754878072813,87.8787878787879,85.2941176470588,87.06016311118384,0.687,0.692,0.563,0.843,405.034,56792.915,19.46,4704.0,98.0,34.0,50.3,2.0,7.0
2023.0,85.50685425685425,126.9759485926655,95.51910361977174,87.1754878072813,98.8532110091743,118.518518518519,126.923076923077,0.687,0.692,0.563,0.843,405.034,56792.915,19.46,4704.0,98.0,34.0,50.3,2.0,7.0
2024.0,85.50685425685425,33.12500033333333,62.5,41.666667,52.77777802777778,41.277890466531446,32.91666683333333,0.687,0.692,0.563,0.843,405.034,56792.915,19.46,4704.0,98.0,34.0,50.3,2.0,7.0
2020.0,55.9503105590062,61.9047619047619,50.26348435761521,53.6144578313253,52.77777802777778,53.125,61.77257512796453,0.697,0.7084999999999999,0.576,0.839,4343.656,36271.065,19.46,4704.0,98.0,428.5,90.5,5.0,4.0
2021.0,65.69850288600288,87.0967741935484,84.83330327080324,87.1754878072813,87.8787878787879,85.2941176470588,87.06016311118384,0.697,0.7084999999999999,0.576,0.839,4343.656,36271.065,19.46,4704.0,98.0,428.5,90.5,5.0,4.0
2022.0,46.1215513794482,100.0,84.83330327080324,76.271186440678,87.8787878787879,85.2941176470588,74.6913580246914,0.697,0.7084999999999999,0.576,0.839,4343.656,36271.065,19.46,4704.0,98.0,428.5,90.5,5.0,4.0
2023.0,104.98348072307598,87.0967741935484,95.51910361977174,110.480549199085,98.8532110091743,96.50389086358356,87.06016311118384,0.697,0.7084999999999999,0.576,0.839,4343.656,36271.065,19.46,4704.0,98.0,428.5,90.5,5.0,4.0
2024.0,95.83333345833333,87.0967741935484,84.83330327080324,87.1754878072813,87.8787878787879,85.2941176470588,74.6913580246914,0.697,0.7084999999999999,0.576,0.839,4343.656,36271.065,19.46,4704.0,98.0,34.0,90.5,5.0,4.0
2020.0,135.64380064380063,87.0967741935484,62.5,65.0,65.15151533333334,74.2857142857143,87.06016311118384,0.678,0.666,0.591,0.7805,144.181,27276.97,19.46,4704.0,98.0,34.0,42.9,0.0,13.0
2021.0,145.2422175777439,48.95833354166667,84.83330327080324,76.271186440678,87.8787878787879,74.2857142857143,74.6913580246914,0.678,0.666,0.591,0.7805,144.181,27276.97,19.46,4704.0,98.0,34.0,42.9,0.0,13.0
2022.0,85.50685425685425,61.9047619047619,84.83330327080324,87.1754878072813,87.8787878787879,96.50389086358356,87.06016311118384,0.678,0.666,0.591,0.7805,144.181,27276.97,19.46,4704.0,98.0,34.0,42.9,0.0,13.0
2023.0,125.0,87.0967741935484,106.52777786111112,133.5763890138889,98.8532110091743,96.50389086358356,87.06016311118384,0.678,0.666,0.591,0.7805,144.181,27276.97,19.46,4704.0,98.0,34.0,42.9,0.0,13.0
2024.0,95.83333345833333,113.513513513514,106.52777786111112,122.08333358333336,98.8532110091743,107.70655270655271,100.0,0.678,0.666,0.591,0.7805,144.181,27276.97,19.46,4704.0,98.0,34.0,42.9,0.0,13.0
2020.0,75.70932556349206,100.0,129.16666675,99.00087270830306,132.142857142857,96.50389086358356,100.0,0.763,0.743,0.705,0.839,144.181,68227.53,19.46,4704.0,98.0,34.0,72.8,2.0,2.0
2021.0,65.69850288600288,126.9759485926655,117.6653439153439,133.5763890138889,132.142857142857,141.74107151190475,140.0,0.763,0.743,0.705,0.839,144.181,68227.53,19.46,4704.0,98.0,34.0,72.8,2.0,2.0
2022.0,75.70932556349206,61.9047619047619,62.5,53.6144578313253,65.15151533333334,53.125,61.77257512796453,0.763,0.743,0.705,0.839,144.181,68227.53,19.46,4704.0,98.0,34.0,72.8,2.0,2.0
2023.0,95.83333345833333,100.0,140.824915824916,122.08333358333336,144.54365083531744,107.70655270655271,100.0,0.763,0.743,0.705,0.839,144.181,68227.53,19.46,4704.0,98.0,34.0,72.8,2.0,2.0
2024.0,85.50685425685425,113.513513513514,95.51910361977174,110.480549199085,110.44448509237219,118.518518518519,126.923076923077,0.763,0.743,0.705,0.839,144.181,68227.53,19.46,4704.0,98.0,34.0,72.8,2.0,2.0
2020.0,85.50685425685425,113.513513513514,95.51910361977174,99.00087270830306,98.8532110091743,96.50389086358356,113.4063143817545,0.687,0.692,0.563,0.839,405.034,56792.915,19.46,4704.0,98.0,34.0,86.6,2.0,7.0
2021.0,85.50685425685425,74.6815286624204,84.83330327080324,87.1754878072813,87.8787878787879,85.2941176470588,87.06016311118384,0.687,0.692,0.563,0.839,405.034,56792.915,19.46,4704.0,98.0,34.0,86.6,2.0,7.0
2022.0,95.83333345833333,61.9047619047619,117.6653439153439,110.480549199085,121.38558201058203,96.50389086358356,100.0,0.687,0.692,0.563,0.839,405.034,56792.915,19.46,4704.0,98.0,34.0,86.6,2.0,7.0
2023.0,75.70932556349206,140.0,117.6653439153439,110.480549199085,132.142857142857,154.78670634920644,140.0,0.687,0.692,0.563,0.839,405.034,56792.915,19.46,4704.0,98.0,34.0,86.6,2.0,7.0
2024.0,95.83333345833333,87.0967741935484,84.83330327080324,87.1754878072813,87.8787878787879,74.2857142857143,87.06016311118384,0.687,0.692,0.563,0.839,405.034,56792.915,19.46,4704.0,98.0,34.0,86.6,2.0,7.0
2020.0,114.53373015873015,74.6815286624204,84.83330327080324,87.1754878072813,87.8787878787879,85.2941176470588,74.6913580246914,0.753,0.7084999999999999,0.705,0.849,144.181,56792.915,19.46,4704.0,98.0,34.0,57.45,2.0,7.0
2021.0,125.0,87.0967741935484,62.5,65.0,65.15151533333334,53.125,49.355158896825394,0.753,0.7084999999999999,0.705,0.849,144.181,56792.915,19.46,4704.0,98.0,34.0,57.45,2.0,7.0
2022.0,135.64380064380063,87.0967741935484,62.5,65.0,65.15151533333334,63.3333333333333,61.77257512796453,0.753,0.7084999999999999,0.705,0.849,144.181,56792.915,19.46,4704.0,98.0,34.0,57.45,2.0,7.0
2023.0,125.0,87.0967741935484,84.83330327080324,76.271186440678,87.8787878787879,85.2941176470588,87.06016311118384,0.753,0.7084999999999999,0.705,0.849,144.181,56792.915,19.46,4704.0,98.0,34.0,57.45,2.0,7.0
2024.0,95.83333345833333,87.0967741935484,84.83330327080324,87.1754878072813,87.8787878787879,85.2941176470588,87.06016311118384,0.753,0.7084999999999999,0.705,0.849,144.181,56792.915,19.46,4704.0,98.0,34.0,57.45,2.0,7.0
2020.0,114.53373015873015,113.513513513514,161.63690480357144,122.08333358333336,155.263157894737,131.21597458391912,113.4063143817545,0.743,0.751,0.646,0.843,144.181,56792.915,19.46,4704.0,98.0,34.0,64.75,1.0,2.0
2021.0,125.0,140.0,117.6653439153439,133.5763890138889,110.44448509237219,118.518518518519,126.923076923077,0.743,0.751,0.646,0.843,144.181,56792.915,19.46,4704.0,98.0,34.0,64.75,1.0,2.0
2022.0,114.53373015873015,100.0,84.83330327080324,76.271186440678,87.8787878787879,74.2857142857143,61.77257512796453,0.743,0.751,0.646,0.843,144.181,56792.915,19.46,4704.0,98.0,34.0,64.75,1.0,2.0
2023.0,114.53373015873015,140.0,161.63690480357144,190.6240981240981,155.263157894737,131.21597458391912,140.0,0.743,0.751,0.646,0.843,144.181,56792.915,19.46,4704.0,98.0,34.0,64.75,1.0,2.0
2024.0,95.83333345833333,87.0967741935484,84.83330327080324,76.271186440678,76.1904761904762,85.2941176470588,87.06016311118384,0.743,0.751,0.646,0.843,144.181,56792.915,19.46,4704.0,98.0,34.0,64.75,1.0,2.0
2020.0,125.0,100.0,117.6653439153439,99.00087270830306,121.38558201058203,96.50389086358356,100.0,0.743,0.761,0.646,0.843,405.034,56792.915,19.46,4704.0,98.0,34.0,75.7,0.0,7.0
2021.0,35.1909184726522,113.513513513514,73.6418511066398,76.271186440678,65.15151533333334,74.2857142857143,74.6913580246914,0.743,0.761,0.646,0.843,405.034,56792.915,19.46,4704.0,98.0,34.0,75.7,0.0,7.0
2022.0,85.50685425685425,113.513513513514,73.6418511066398,76.271186440678,76.1904761904762,63.3333333333333,61.77257512796453,0.743,0.761,0.646,0.843,405.034,56792.915,19.46,4704.0,98.0,34.0,75.7,0.0,7.0
2023.0,114.53373015873015,87.0967741935484,117.6653439153439,53.6144578313253,110.44448509237219,85.2941176470588,87.06016311118384,0.743,0.761,0.646,0.843,405.034,56792.915,19.46,4704.0,98.0,34.0,75.7,0.0,7.0
2024.0,95.83333345833333,113.513513513514,129.16666675,122.08333358333336,121.38558201058203,118.518518518519,113.4063143817545,0.743,0.761,0.646,0.843,405.034,56792.915,19.46,4704.0,98.0,34.0,75.7,0.0,7.0
2020.0,35.1909184726522,87.0967741935484,84.83330327080324,87.1754878072813,87.8787878787879,85.2941176470588,87.06016311118384,0.7244999999999999,0.717,0.633,0.843,6946.407,36271.065,19.46,62543.0,98.0,651.0,90.5,5.0,-1.0
2021.0,85.50685425685425,61.9047619047619,73.6418511066398,76.271186440678,76.1904761904762,74.2857142857143,74.6913580246914,0.7244999999999999,0.717,0.633,0.843,6946.407,36271.065,19.46,62543.0,98.0,651.0,90.5,5.0,-1.0
2022.0,95.83333345833333,100.0,73.6418511066398,76.271186440678,87.8787878787879,74.2857142857143,74.6913580246914,0.7244999999999999,0.717,0.633,0.843,6946.407,36271.065,19.46,62543.0,98.0,651.0,90.5,5.0,-1.0
2023.0,65.69850288600288,87.0967741935484,84.83330327080324,99.00087270830306,87.8787878787879,85.2941176470588,87.06016311118384,0.7244999999999999,0.717,0.633,0.843,6946.407,36271.065,19.46,62543.0,33.0,651.0,90.5,5.0,-1.0
2024.0,85.50685425685425,87.0967741935484,95.51910361977174,87.1754878072813,98.8532110091743,85.2941176470588,87.06016311118384,0.7244999999999999,0.717,0.633,0.843,6946.407,36271.065,19.46,62543.0,33.0,651.0,90.5,5.0,-1.0
2020.0,95.83333345833333,126.9759485926655,117.6653439153439,110.480549199085,121.38558201058203,118.518518518519,126.923076923077,0.7244999999999999,0.717,0.633,0.839,946.9680000000001,110772.2,19.46,4704.0,98.0,34.0,83.1,2.0,7.0
2021.0,95.83333345833333,74.6815286624204,84.83330327080324,87.1754878072813,87.8787878787879,96.50389086358356,87.06016311118384,0.7244999999999999,0.717,0.633,0.839,946.9680000000001,110772.2,19.46,4704.0,98.0,34.0,83.1,2.0,7.0
2022.0,104.98348072307598,87.0967741935484,95.51910361977174,99.00087270830306,98.8532110091743,85.2941176470588,87.06016311118384,0.7244999999999999,0.717,0.633,0.839,946.9680000000001,110772.2,19.46,4704.0,98.0,34.0,83.1,2.0,7.0
2023.0,104.98348072307598,113.513513513514,117.6653439153439,99.00087270830306,121.38558201058203,107.70655270655271,113.4063143817545,0.7244999999999999,0.717,0.633,0.839,946.9680000000001,110772.2,19.46,4704.0,98.0,34.0,83.1,2.0,7.0
2024.0,95.83333345833333,154.36868691035355,150.6881313131313,169.20093795093794,155.263157894737,164.28571436904764,154.72222230555556,0.7244999999999999,0.717,0.633,0.839,946.9680000000001,110772.2,19.46,4704.0,98.0,34.0,83.1,2.0,7.0
2020.0,75.70932556349206,100.0,84.83330327080324,110.480549199085,87.8787878787879,96.50389086358356,100.0,0.7244999999999999,0.776,0.576,0.839,144.181,56792.915,19.46,4704.0,98.0,34.0,38.9,0.0,4.0
2021.0,25.972222722222217,100.0,150.6881313131313,145.45454554545452,144.54365083531744,141.74107151190475,140.0,0.7244999999999999,0.776,0.576,0.839,144.181,56792.915,19.46,4704.0,98.0,34.0,38.9,0.0,4.0
2022.0,114.53373015873015,100.0,117.6653439153439,99.00087270830306,110.44448509237219,107.70655270655271,100.0,0.7244999999999999,0.776,0.576,0.839,144.181,56792.915,19.46,4704.0,98.0,34.0,38.9,0.0,4.0
2023.0,104.98348072307598,166.666666666667,129.16666675,122.08333358333336,132.142857142857,164.28571436904764,166.666666666667,0.7244999999999999,0.776,0.576,0.839,144.181,56792.915,19.46,4704.0,98.0,34.0,38.9,0.0,4.0
2024.0,104.98348072307598,166.666666666667,95.51910361977174,122.08333358333336,87.8787878787879,175.52778920425976,166.666666666667,0.7244999999999999,0.776,0.576,0.839,144.181,56792.915,19.46,4704.0,98.0,34.0,38.9,0.0,4.0
2020.0,55.9503105590062,87.0967741935484,84.83330327080324,99.00087270830306,98.8532110091743,85.2941176470588,87.06016311118384,0.743,0.751,0.646,0.843,144.181,56792.915,19.46,4704.0,98.0,34.0,68.9,3.0,2.0
2021.0,75.70932556349206,33.12500033333333,117.6653439153439,122.08333358333336,121.38558201058203,118.518518518519,113.4063143817545,0.743,0.751,0.646,0.843,144.181,56792.915,19.46,4704.0,98.0,34.0,68.9,3.0,2.0
2022.0,85.50685425685425,220.86956521739148,95.51910361977174,110.480549199085,98.8532110091743,107.70655270655271,113.4063143817545,0.743,0.751,0.646,0.843,144.181,56792.915,19.46,4704.0,98.0,34.0,68.9,3.0,2.0
2023.0,85.50685425685425,113.513513513514,106.52777786111112,99.00087270830306,110.44448509237219,118.518518518519,113.4063143817545,0.743,0.751,0.646,0.843,144.181,56792.915,19.46,4704.0,98.0,34.0,68.9,3.0,2.0
2024.0,85.50685425685425,100.0,117.6653439153439,110.480549199085,121.38558201058203,96.50389086358356,100.0,0.743,0.751,0.646,0.843,144.181,56792.915,19.46,4704.0,98.0,34.0,68.9,3.0,2.0
2020.0,95.83333345833333,74.6815286624204,84.83330327080324,76.271186440678,87.8787878787879,74.2857142857143,74.6913580246914,0.772,0.785,0.6895,0.849,676.805,99721.8,145.6,133230.0,55.0,651.0,90.5,3.0,7.0
2021.0,65.69850288600288,113.513513513514,84.83330327080324,87.1754878072813,87.8787878787879,74.2857142857143,74.6913580246914,0.772,0.785,0.6895,0.849,676.805,99721.8,145.6,133230.0,55.0,651.0,90.5,3.0,7.0
2022.0,85.50685425685425,74.6815286624204,95.51910361977174,99.00087270830306,98.8532110091743,96.50389086358356,87.06016311118384,0.772,0.785,0.6895,0.849,676.805,99721.8,145.6,133230.0,55.0,937.0,90.5,3.0,7.0
2023.0,125.0,113.513513513514,106.52777786111112,122.08333358333336,98.8532110091743,107.70655270655271,113.4063143817545,0.772,0.785,0.6895,0.849,676.805,99721.8,145.6,133230.0,55.0,651.0,90.5,3.0,7.0
2024.0,114.53373015873015,87.0967741935484,95.51910361977174,87.1754878072813,98.8532110091743,85.2941176470588,87.06016311118384,0.772,0.785,0.6895,0.849,676.805,99721.8,145.6,133230.0,55.0,651.0,90.5,3.0,7.0
2020.0,95.83333345833333,113.513513513514,106.52777786111112,110.480549199085,110.44448509237219,107.70655270655271,113.4063143817545,0.667,0.692,0.4765,0.8705,946.9680000000001,110772.2,19.46,4704.0,98.0,651.0,22.9,5.0,7.0
2021.0,65.69850288600288,74.6815286624204,106.52777786111112,99.00087270830306,110.44448509237219,107.70655270655271,113.4063143817545,0.667,0.692,0.4765,0.8705,946.9680000000001,110772.2,19.46,4704.0,98.0,651.0,22.9,5.0,7.0
2022.0,15.3846153846154,22.916666833333323,73.6418511066398,76.271186440678,76.1904761904762,74.2857142857143,74.6913580246914,0.667,0.692,0.4765,0.8705,946.9680000000001,110772.2,19.46,4704.0,98.0,651.0,22.9,5.0,7.0
2023.0,95.83333345833333,154.36868691035355,161.63690480357144,169.20093795093794,167.60912698412704,154.78670634920644,154.72222230555556,0.667,0.692,0.4765,0.8705,946.9680000000001,110772.2,19.46,4704.0,98.0,651.0,22.9,5.0,7.0
2024.0,95.83333345833333,126.9759485926655,117.6653439153439,122.08333358333336,121.38558201058203,131.21597458391912,126.923076923077,0.667,0.692,0.4765,0.8705,946.9680000000001,110772.2,19.46,4704.0,98.0,651.0,22.9,5.0,7.0
2020.0,65.69850288600288,100.0,106.52777786111112,99.00087270830306,110.44448509237219,85.2941176470588,100.0,0.78,0.7945,0.719,0.849,1696.571,36271.065,145.6,268404.5,55.0,1681.0,94.4,5.0,11.0
2021.0,35.1909184726522,61.9047619047619,106.52777786111112,110.480549199085,98.8532110091743,107.70655270655271,100.0,0.78,0.7945,0.719,0.849,1696.571,36271.065,145.6,268404.5,55.0,1507.0,94.4,5.0,11.0
2022.0,65.69850288600288,74.6815286624204,95.51910361977174,99.00087270830306,110.44448509237219,96.50389086358356,100.0,0.78,0.7945,0.719,0.849,1696.571,36271.065,145.6,268404.5,55.0,1681.0,94.4,5.0,11.0
2023.0,55.9503105590062,113.513513513514,117.6653439153439,133.5763890138889,110.44448509237219,107.70655270655271,113.4063143817545,0.78,0.7945,0.719,0.849,1696.571,36271.065,145.6,268404.5,55.0,1681.0,94.4,5.0,11.0
2024.0,65.69850288600288,154.36868691035355,129.16666675,145.45454554545452,144.54365083531744,154.78670634920644,154.72222230555556,0.78,0.7945,0.719,0.849,1696.571,36271.065,145.6,268404.5,55.0,1507.0,94.4,5.0,11.0
2020.0,104.98348072307598,100.0,95.51910361977174,110.480549199085,98.8532110091743,107.70655270655271,100.0,0.678,0.717,0.505,0.843,144.181,45625.31,19.46,4704.0,98.0,34.0,46.7,1.0,4.0
2021.0,65.69850288600288,74.6815286624204,28.1105856250365,31.6455696202532,29.166667208333333,30.000000149999998,32.91666683333333,0.678,0.717,0.505,0.843,144.181,45625.31,19.46,4704.0,98.0,34.0,46.7,1.0,4.0
2022.0,35.1909184726522,74.6815286624204,150.6881313131313,180.8234127400794,155.263157894737,217.391304347826,220.86956521739148,0.678,0.717,0.505,0.843,144.181,45625.31,19.46,4704.0,98.0,34.0,46.7,1.0,4.0
2023.0,125.0,74.6815286624204,73.6418511066398,76.271186440678,76.1904761904762,63.3333333333333,74.6913580246914,0.678,0.717,0.505,0.843,144.181,45625.31,19.46,4704.0,98.0,34.0,46.7,1.0,4.0
2024.0,114.53373015873015,61.9047619047619,84.83330327080324,76.271186440678,87.8787878787879,63.3333333333333,61.77257512796453,0.678,0.717,0.505,0.843,144.181,45625.31,19.46,4704.0,98.0,34.0,46.7,1.0,4.0
2020.0,114.53373015873015,61.9047619047619,50.26348435761521,53.6144578313253,41.66666704166666,53.125,61.77257512796453,0.772,0.751,0.6895,0.8705,405.034,56792.915,145.6,62543.0,33.0,651.0,90.5,2.0,7.0
2021.0,95.83333345833333,74.6815286624204,73.6418511066398,65.0,76.1904761904762,63.3333333333333,74.6913580246914,0.772,0.751,0.6895,0.8705,405.034,56792.915,145.6,62543.0,33.0,651.0,90.5,2.0,7.0
2022.0,95.83333345833333,74.6815286624204,39.9399399399399,41.666667,41.66666704166666,19.3548387096774,22.916666833333323,0.772,0.751,0.6895,0.8705,405.034,56792.915,145.6,62543.0,33.0,651.0,90.5,2.0,7.0
2023.0,46.1215513794482,33.12500033333333,39.9399399399399,53.6144578313253,41.66666704166666,41.277890466531446,32.91666683333333,0.772,0.751,0.6895,0.8705,405.034,56792.915,145.6,62543.0,33.0,651.0,90.5,2.0,7.0
2024.0,114.53373015873015,61.9047619047619,73.6418511066398,53.6144578313253,98.8532110091743,63.3333333333333,61.77257512796453,0.772,0.751,0.6895,0.8705,405.034,56792.915,145.6,62543.0,33.0,428.5,90.5,2.0,7.0
2020.0,25.972222722222217,220.86956521739148,140.824915824916,203.25396825396825,155.263157894737,185.714285714286,220.86956521739148,0.743,0.767,0.633,0.855,144.181,36271.065,19.46,4704.0,98.0,428.5,38.9,4.0,15.0
2021.0,65.69850288600288,100.0,95.51910361977174,65.0,98.8532110091743,74.2857142857143,74.6913580246914,0.743,0.767,0.633,0.855,144.181,36271.065,19.46,4704.0,98.0,428.5,38.9,4.0,15.0
2022.0,35.1909184726522,100.0,39.9399399399399,41.666667,41.66666704166666,30.000000149999998,32.91666683333333,0.743,0.767,0.633,0.855,144.181,36271.065,19.46,4704.0,98.0,428.5,38.9,4.0,15.0
2023.0,85.50685425685425,22.916666833333323,28.1105856250365,53.6144578313253,41.66666704166666,19.3548387096774,22.916666833333323,0.743,0.767,0.633,0.855,144.181,36271.065,19.46,4704.0,98.0,428.5,38.9,4.0,15.0
2024.0,166.18882275132276,74.6815286624204,50.26348435761521,87.1754878072813,52.77777802777778,74.2857142857143,74.6913580246914,0.743,0.767,0.633,0.855,144.181,36271.065,19.46,4704.0,98.0,428.5,38.9,4.0,15.0
2020.0,85.50685425685425,87.0967741935484,106.52777786111112,76.271186440678,87.8787878787879,96.50389086358356,87.06016311118384,0.715,0.7084999999999999,0.591,0.86,5200.514,68227.53,19.46,4704.0,98.0,34.0,86.6,6.0,2.0
2021.0,85.50685425685425,48.95833354166667,73.6418511066398,87.1754878072813,76.1904761904762,63.3333333333333,61.77257512796453,0.715,0.7084999999999999,0.591,0.86,5200.514,68227.53,19.46,4704.0,98.0,34.0,86.6,6.0,2.0
2022.0,85.50685425685425,126.9759485926655,84.83330327080324,122.08333358333336,87.8787878787879,107.70655270655271,100.0,0.715,0.7084999999999999,0.591,0.86,5200.514,68227.53,19.46,4704.0,98.0,34.0,86.6,6.0,2.0
2023.0,104.98348072307598,74.6815286624204,95.51910361977174,87.1754878072813,98.8532110091743,85.2941176470588,74.6913580246914,0.715,0.7084999999999999,0.591,0.86,5200.514,68227.53,19.46,4704.0,98.0,34.0,86.6,6.0,2.0
2024.0,104.98348072307598,206.87500004166668,215.0462962962963,203.25396825396825,223.076923076923,210.90458152958138,206.87500004166668,0.715,0.7084999999999999,0.591,0.86,5200.514,68227.53,19.46,4704.0,98.0,34.0,86.6,6.0,2.0
2020.0,55.9503105590062,87.0967741935484,73.6418511066398,76.271186440678,76.1904761904762,74.2857142857143,87.06016311118384,0.631,0.6315,0.505,0.8015000000000001,1496.019,36271.065,19.46,4704.0,98.0,34.0,57.45,6.0,2.0
2021.0,15.3846153846154,74.6815286624204,50.26348435761521,53.6144578313253,52.77777802777778,53.125,61.77257512796453,0.631,0.6315,0.505,0.8015000000000001,1496.019,36271.065,19.46,4704.0,98.0,34.0,57.45,6.0,2.0
2022.0,25.972222722222217,33.12500033333333,73.6418511066398,76.271186440678,76.1904761904762,63.3333333333333,74.6913580246914,0.631,0.6315,0.505,0.8015000000000001,1496.019,36271.065,19.46,4704.0,98.0,34.0,57.45,6.0,2.0
2023.0,75.70932556349206,87.0967741935484,95.51910361977174,87.1754878072813,87.8787878787879,85.2941176470588,87.06016311118384,0.631,0.6315,0.505,0.8015000000000001,1496.019,36271.065,19.46,4704.0,98.0,34.0,57.45,6.0,2.0
2024.0,85.50685425685425,100.0,95.51910361977174,99.00087270830306,98.8532110091743,96.50389086358356,100.0,0.631,0.6315,0.505,0.8015000000000001,1496.019,36271.065,19.46,4704.0,98.0,34.0,57.45,6.0,2.0
2020.0,104.98348072307598,74.6815286624204,73.6418511066398,76.271186440678,76.1904761904762,74.2857142857143,74.6913580246914,0.763,0.743,0.676,0.881,2253.234,36271.065,19.46,62543.0,98.0,428.5,90.5,5.0,7.0
2021.0,2.63157894736842,61.9047619047619,73.6418511066398,76.271186440678,87.8787878787879,74.2857142857143,74.6913580246914,0.763,0.743,0.676,0.881,2253.234,36271.065,19.46,62543.0,98.0,428.5,90.5,5.0,7.0
2022.0,2.63157894736842,48.95833354166667,73.6418511066398,76.271186440678,76.1904761904762,74.2857142857143,74.6913580246914,0.763,0.743,0.676,0.881,2253.234,36271.065,19.46,62543.0,98.0,428.5,90.5,5.0,7.0
2023.0,104.98348072307598,87.0967741935484,84.83330327080324,87.1754878072813,87.8787878787879,85.2941176470588,87.06016311118384,0.763,0.743,0.676,0.881,2253.234,36271.065,19.46,62543.0,98.0,428.5,90.5,5.0,7.0
2024.0,95.83333345833333,87.0967741935484,84.83330327080324,87.1754878072813,87.8787878787879,85.2941176470588,87.06016311118384,0.763,0.743,0.676,0.881,2253.234,36271.065,19.46,62543.0,98.0,34.0,90.5,5.0,7.0
2020.0,46.1215513794482,74.6815286624204,73.6418511066398,76.271186440678,87.8787878787879,74.2857142857143,74.6913580246914,0.715,0.717,0.591,0.866,946.9680000000001,45625.31,19.46,4704.0,98.0,428.5,75.7,1.0,7.0
2021.0,95.83333345833333,74.6815286624204,50.26348435761521,53.6144578313253,52.77777802777778,53.125,61.77257512796453,0.715,0.717,0.591,0.866,946.9680000000001,45625.31,19.46,4704.0,98.0,428.5,75.7,1.0,7.0
2022.0,85.50685425685425,74.6815286624204,50.26348435761521,53.6144578313253,65.15151533333334,53.125,49.355158896825394,0.715,0.717,0.591,0.866,946.9680000000001,45625.31,19.46,4704.0,98.0,34.0,75.7,1.0,7.0
2023.0,25.972222722222217,87.0967741935484,84.83330327080324,76.271186440678,87.8787878787879,85.2941176470588,87.06016311118384,0.715,0.717,0.591,0.866,946.9680000000001,45625.31,19.46,4704.0,98.0,428.5,75.7,1.0,7.0
2024.0,95.83333345833333,87.0967741935484,84.83330327080324,87.1754878072813,87.8787878787879,85.2941176470588,87.06016311118384,0.715,0.717,0.591,0.866,946.9680000000001,45625.31,19.46,4704.0,98.0,34.0,75.7,1.0,7.0
2020.0,85.50685425685425,61.9047619047619,50.26348435761521,53.6144578313253,52.77777802777778,53.125,61.77257512796453,0.687,0.674,0.576,0.834,1696.571,45625.31,19.46,4704.0,98.0,34.0,68.9,2.0,7.0
2021.0,65.69850288600288,100.0,8.333333875,6.666666666666666e-07,7.91666725,6.775210084033615,140.0,0.687,0.674,0.576,0.834,1696.571,45625.31,19.46,4704.0,98.0,34.0,68.9,2.0,7.0
2022.0,55.9503105590062,87.0967741935484,28.1105856250365,31.6455696202532,29.166667208333333,30.000000149999998,32.91666683333333,0.687,0.674,0.576,0.834,1696.571,45625.31,19.46,4704.0,98.0,34.0,68.9,2.0,7.0
2023.0,104.98348072307598,48.95833354166667,50.26348435761521,31.6455696202532,52.77777802777778,53.125,49.355158896825394,0.687,0.674,0.576,0.834,1696.571,45625.31,19.46,4704.0,98.0,34.0,68.9,2.0,7.0
2024.0,104.98348072307598,100.0,95.51910361977174,76.271186440678,98.8532110091743,96.50389086358356,100.0,0.687,0.674,0.576,0.834,1696.571,45625.31,19.46,4704.0,98.0,34.0,68.9,2.0,7.0
2020.0,104.98348072307598,154.36868691035355,95.51910361977174,110.480549199085,98.8532110091743,85.2941176470588,154.72222230555556,0.763,0.785,0.662,0.855,144.181,56792.915,19.46,4704.0,98.0,34.0,42.9,0.0,8.0
2021.0,46.1215513794482,74.6815286624204,62.5,53.6144578313253,65.15151533333334,41.277890466531446,49.355158896825394,0.763,0.785,0.662,0.855,144.181,56792.915,19.46,4704.0,98.0,34.0,42.9,0.0,8.0
2022.0,55.9503105590062,74.6815286624204,95.51910361977174,122.08333358333336,98.8532110091743,118.518518518519,126.923076923077,0.763,0.785,0.662,0.855,144.181,56792.915,19.46,4704.0,98.0,34.0,42.9,0.0,8.0
2023.0,75.70932556349206,33.12500033333333,95.51910361977174,16.66666725,98.8532110091743,30.000000149999998,32.91666683333333,0.763,0.785,0.662,0.855,144.181,56792.915,19.46,4704.0,98.0,34.0,42.9,0.0,8.0
2024.0,85.50685425685425,22.916666833333323,8.333333875,16.66666725,98.8532110091743,19.3548387096774,140.0,0.763,0.785,0.662,0.855,144.181,56792.915,19.46,4704.0,98.0,34.0,42.9,0.0,8.0
2020.0,145.2422175777439,87.0967741935484,73.6418511066398,87.1754878072813,76.1904761904762,85.2941176470588,87.06016311118384,0.763,0.7,0.705,0.886,144.181,78182.4,19.46,4704.0,98.0,34.0,75.7,0.0,4.0
2021.0,15.3846153846154,61.9047619047619,73.6418511066398,65.0,76.1904761904762,74.2857142857143,74.6913580246914,0.763,0.7,0.705,0.886,144.181,78182.4,19.46,4704.0,98.0,34.0,75.7,0.0,4.0
2022.0,55.9503105590062,61.9047619047619,73.6418511066398,76.271186440678,76.1904761904762,74.2857142857143,74.6913580246914,0.763,0.7,0.705,0.886,144.181,78182.4,19.46,4704.0,98.0,34.0,75.7,0.0,4.0
2023.0,85.50685425685425,100.0,95.51910361977174,87.1754878072813,98.8532110091743,96.50389086358356,100.0,0.763,0.7,0.705,0.886,144.181,78182.4,19.46,4704.0,98.0,34.0,75.7,0.0,4.0
2024.0,114.53373015873015,100.0,95.51910361977174,99.00087270830306,98.8532110091743,96.50389086358356,100.0,0.763,0.7,0.705,0.886,144.181,78182.4,19.46,4704.0,98.0,34.0,75.7,0.0,4.0
2020.0,95.83333345833333,166.666666666667,184.857142857143,180.8234127400794,192.5925925925926,164.28571436904764,166.666666666667,0.743,0.751,0.633,0.839,405.034,56792.915,19.46,4704.0,98.0,34.0,86.6,2.0,1.0
2021.0,104.98348072307598,87.0967741935484,50.26348435761521,65.0,52.77777802777778,74.2857142857143,74.6913580246914,0.743,0.751,0.633,0.839,405.034,56792.915,19.46,4704.0,98.0,34.0,86.6,2.0,1.0
2022.0,104.98348072307598,33.12500033333333,62.5,76.271186440678,65.15151533333334,74.2857142857143,74.6913580246914,0.743,0.751,0.633,0.839,405.034,56792.915,19.46,4704.0,98.0,34.0,86.6,2.0,1.0
2023.0,95.83333345833333,74.6815286624204,106.52777786111112,110.480549199085,98.8532110091743,63.3333333333333,74.6913580246914,0.743,0.751,0.633,0.839,405.034,56792.915,19.46,4704.0,98.0,34.0,86.6,2.0,1.0
2024.0,95.83333345833333,126.9759485926655,95.51910361977174,133.5763890138889,98.8532110091743,131.21597458391912,126.923076923077,0.743,0.751,0.633,0.839,405.034,56792.915,19.46,4704.0,98.0,34.0,86.6,2.0,1.0
2020.0,85.50685425685425,87.0967741935484,106.52777786111112,110.480549199085,110.44448509237219,107.70655270655271,87.06016311118384,0.734,0.743,0.662,0.822,405.034,45625.31,19.46,4704.0,98.0,34.0,60.75,2.0,2.0
2021.0,95.83333345833333,74.6815286624204,106.52777786111112,99.00087270830306,98.8532110091743,85.2941176470588,100.0,0.734,0.743,0.662,0.822,405.034,45625.31,19.46,4704.0,98.0,34.0,60.75,2.0,2.0
2022.0,114.53373015873015,100.0,84.83330327080324,87.1754878072813,87.8787878787879,85.2941176470588,87.06016311118384,0.734,0.743,0.662,0.822,405.034,45625.31,19.46,4704.0,98.0,34.0,60.75,2.0,2.0
2023.0,114.53373015873015,100.0,95.51910361977174,110.480549199085,98.8532110091743,96.50389086358356,100.0,0.734,0.743,0.662,0.822,405.034,45625.31,19.46,4704.0,98.0,34.0,60.75,2.0,2.0
2024.0,104.98348072307598,113.513513513514,117.6653439153439,122.08333358333336,121.38558201058203,107.70655270655271,113.4063143817545,0.734,0.743,0.662,0.822,405.034,45625.31,19.46,4704.0,98.0,34.0,60.75,2.0,2.0
2020.0,95.83333345833333,113.513513513514,84.83330327080324,87.1754878072813,87.8787878787879,96.50389086358356,113.4063143817545,0.734,0.682,0.676,0.855,144.181,45625.31,19.46,4704.0,98.0,34.0,46.7,0.0,5.0
2021.0,174.193548387097,87.0967741935484,62.5,53.6144578313253,65.15151533333334,63.3333333333333,61.77257512796453,0.734,0.682,0.676,0.855,144.181,45625.31,19.46,4704.0,98.0,34.0,46.7,0.0,5.0
2022.0,75.70932556349206,100.0,50.26348435761521,65.0,65.15151533333334,63.3333333333333,61.77257512796453,0.734,0.682,0.676,0.855,144.181,45625.31,19.46,4704.0,98.0,34.0,46.7,0.0,5.0
2023.0,135.64380064380063,126.9759485926655,129.16666675,133.5763890138889,121.38558201058203,118.518518518519,126.923076923077,0.734,0.682,0.676,0.855,144.181,45625.31,19.46,4704.0,98.0,34.0,46.7,0.0,5.0
2024.0,75.70932556349206,100.0,117.6653439153439,110.480549199085,121.38558201058203,107.70655270655271,100.0,0.734,0.682,0.676,0.855,144.181,45625.31,19.46,4704.0,98.0,34.0,46.7,0.0,5.0
2020.0,104.98348072307598,100.0,84.83330327080324,99.00087270830306,98.8532110091743,96.50389086358356,100.0,0.772,0.767,0.6895,0.86,676.805,45625.31,145.6,62543.0,33.0,651.0,94.4,2.0,4.0
2021.0,75.70932556349206,140.0,95.51910361977174,99.00087270830306,98.8532110091743,96.50389086358356,100.0,0.772,0.767,0.6895,0.86,676.805,45625.31,145.6,62543.0,33.0,651.0,94.4,2.0,4.0
2022.0,75.70932556349206,33.12500033333333,95.51910361977174,99.00087270830306,98.8532110091743,96.50389086358356,100.0,0.772,0.767,0.6895,0.86,676.805,45625.31,145.6,62543.0,33.0,651.0,94.4,2.0,4.0
2023.0,65.69850288600288,100.0,106.52777786111112,87.1754878072813,110.44448509237219,96.50389086358356,100.0,0.772,0.767,0.6895,0.86,676.805,45625.31,145.6,62543.0,33.0,651.0,94.4,2.0,4.0
2024.0,35.1909184726522,87.0967741935484,84.83330327080324,76.271186440678,87.8787878787879,96.50389086358356,87.06016311118384,0.772,0.767,0.6895,0.86,676.805,45625.31,145.6,62543.0,33.0,651.0,94.4,2.0,4.0
2020.0,114.53373015873015,220.86956521739148,184.857142857143,180.8234127400794,192.5925925925926,164.28571436904764,220.86956521739148,0.715,0.725,0.606,0.834,144.181,56792.915,560.18,62543.0,98.0,651.0,97.9,1.0,7.0
2021.0,55.9503105590062,33.12500033333333,172.91666670833334,180.8234127400794,179.2857142857145,175.52778920425976,179.87103174603178,0.715,0.725,0.606,0.834,144.181,56792.915,560.18,62543.0,98.0,651.0,97.9,1.0,7.0
2022.0,65.69850288600288,87.0967741935484,84.83330327080324,87.1754878072813,87.8787878787879,85.2941176470588,87.06016311118384,0.715,0.725,0.606,0.834,144.181,56792.915,560.18,62543.0,98.0,651.0,97.9,1.0,7.0
2023.0,114.53373015873015,87.0967741935484,73.6418511066398,76.271186440678,65.15151533333334,96.50389086358356,87.06016311118384,0.715,0.725,0.606,0.834,144.181,56792.915,560.18,62543.0,33.0,651.0,97.9,1.0,7.0
2024.0,85.50685425685425,74.6815286624204,84.83330327080324,87.1754878072813,87.8787878787879,74.2857142857143,74.6913580246914,0.715,0.725,0.606,0.834,144.181,56792.915,560.18,62543.0,33.0,651.0,97.9,1.0,7.0
2020.0,95.83333345833333,113.513513513514,106.52777786111112,122.08333358333336,121.38558201058203,107.70655270655271,113.4063143817545,0.7244999999999999,0.725,0.62,0.843,144.181,36271.065,2268.05,133230.0,55.0,1173.0,97.9,1.0,7.0
2021.0,85.50685425685425,48.95833354166667,84.83330327080324,87.1754878072813,76.1904761904762,85.2941176470588,87.06016311118384,0.7244999999999999,0.725,0.62,0.843,144.181,36271.065,2268.05,133230.0,55.0,937.0,97.9,1.0,7.0
2022.0,46.1215513794482,61.9047619047619,50.26348435761521,65.0,52.77777802777778,74.2857142857143,61.77257512796453,0.7244999999999999,0.725,0.62,0.843,144.181,36271.065,2268.05,133230.0,55.0,937.0,97.9,1.0,7.0
2023.0,114.53373015873015,166.666666666667,117.6653439153439,156.38888897222222,121.38558201058203,154.78670634920644,166.666666666667,0.7244999999999999,0.725,0.62,0.843,144.181,36271.065,2268.05,133230.0,55.0,937.0,97.9,1.0,7.0
2024.0,55.9503105590062,87.0967741935484,73.6418511066398,76.271186440678,98.8532110091743,85.2941176470588,87.06016311118384,0.7244999999999999,0.725,0.62,0.843,144.181,36271.065,2268.05,133230.0,55.0,937.0,97.9,1.0,7.0
2020.0,25.972222722222217,100.0,129.16666675,110.480549199085,132.142857142857,63.3333333333333,100.0,0.78,0.776,0.705,0.86,405.034,56792.915,19.46,4704.0,98.0,34.0,90.5,0.0,4.0
2021.0,85.50685425685425,87.0967741935484,73.6418511066398,87.1754878072813,76.1904761904762,85.2941176470588,87.06016311118384,0.78,0.776,0.705,0.86,405.034,56792.915,19.46,4704.0,98.0,34.0,90.5,0.0,4.0
2022.0,85.50685425685425,74.6815286624204,84.83330327080324,76.271186440678,76.1904761904762,85.2941176470588,87.06016311118384,0.78,0.776,0.705,0.86,405.034,56792.915,19.46,4704.0,98.0,34.0,90.5,0.0,4.0
2023.0,55.9503105590062,61.9047619047619,161.63690480357144,99.00087270830306,144.54365083531744,63.3333333333333,61.77257512796453,0.78,0.776,0.705,0.86,405.034,56792.915,19.46,4704.0,98.0,34.0,90.5,0.0,4.0
2024.0,75.70932556349206,154.36868691035355,117.6653439153439,169.20093795093794,110.44448509237219,164.28571436904764,154.72222230555556,0.78,0.776,0.705,0.86,405.034,56792.915,19.46,4704.0,98.0,34.0,90.5,0.0,4.0
2020.0,114.53373015873015,113.513513513514,95.51910361977174,110.480549199085,110.44448509237219,107.70655270655271,113.4063143817545,0.7244999999999999,0.7084999999999999,0.62,0.866,405.034,68227.53,19.46,4704.0,98.0,34.0,57.45,0.0,2.0
2021.0,85.50685425685425,74.6815286624204,28.1105856250365,31.6455696202532,41.66666704166666,41.277890466531446,32.91666683333333,0.7244999999999999,0.7084999999999999,0.62,0.866,405.034,68227.53,19.46,4704.0,98.0,34.0,57.45,0.0,2.0
2022.0,85.50685425685425,87.0967741935484,84.83330327080324,87.1754878072813,87.8787878787879,74.2857142857143,87.06016311118384,0.7244999999999999,0.7084999999999999,0.62,0.866,405.034,68227.53,19.46,4704.0,98.0,34.0,57.45,0.0,2.0
2023.0,85.50685425685425,113.513513513514,106.52777786111112,180.8234127400794,110.44448509237219,118.518518518519,113.4063143817545,0.7244999999999999,0.7084999999999999,0.62,0.866,405.034,68227.53,19.46,4704.0,98.0,34.0,57.45,0.0,2.0
2024.0,85.50685425685425,113.513513513514,106.52777786111112,110.480549199085,98.8532110091743,107.70655270655271,113.4063143817545,0.7244999999999999,0.7084999999999999,0.62,0.866,405.034,68227.53,19.46,4704.0,98.0,34.0,57.45,0.0,2.0
2020.0,55.9503105590062,100.0,106.52777786111112,110.480549199085,110.44448509237219,107.70655270655271,100.0,0.715,0.751,0.548,0.886,144.181,45625.31,19.46,4704.0,98.0,34.0,57.45,2.0,7.0
2021.0,55.9503105590062,87.0967741935484,50.26348435761521,53.6144578313253,52.77777802777778,53.125,49.355158896825394,0.715,0.751,0.548,0.886,144.181,45625.31,19.46,4704.0,98.0,34.0,57.45,2.0,7.0
2022.0,95.83333345833333,87.0967741935484,62.5,65.0,65.15151533333334,53.125,61.77257512796453,0.715,0.751,0.548,0.886,144.181,45625.31,19.46,4704.0,98.0,34.0,57.45,2.0,7.0
2023.0,75.70932556349206,126.9759485926655,129.16666675,122.08333358333336,132.142857142857,131.21597458391912,126.923076923077,0.715,0.751,0.548,0.886,144.181,45625.31,19.46,4704.0,98.0,34.0,57.45,2.0,7.0
2024.0,95.83333345833333,87.0967741935484,84.83330327080324,87.1754878072813,87.8787878787879,85.2941176470588,87.06016311118384,0.715,0.751,0.548,0.886,144.181,45625.31,19.46,4704.0,98.0,34.0,57.45,2.0,7.0
2020.0,95.83333345833333,61.9047619047619,62.5,65.0,65.15151533333334,63.3333333333333,61.77257512796453,0.66,0.674,0.5225,0.813,144.181,27276.97,19.46,4704.0,98.0,34.0,31.6,3.0,2.0
2021.0,75.70932556349206,74.6815286624204,84.83330327080324,87.1754878072813,87.8787878787879,85.2941176470588,87.06016311118384,0.66,0.674,0.5225,0.813,144.181,27276.97,19.46,4704.0,98.0,34.0,31.6,3.0,2.0
2022.0,85.50685425685425,87.0967741935484,73.6418511066398,76.271186440678,87.8787878787879,74.2857142857143,74.6913580246914,0.66,0.674,0.5225,0.813,144.181,27276.97,19.46,4704.0,98.0,34.0,31.6,3.0,2.0
2023.0,95.83333345833333,87.0967741935484,84.83330327080324,87.1754878072813,98.8532110091743,85.2941176470588,87.06016311118384,0.66,0.674,0.5225,0.813,144.181,27276.97,19.46,4704.0,98.0,34.0,31.6,3.0,2.0
2024.0,95.83333345833333,87.0967741935484,84.83330327080324,87.1754878072813,87.8787878787879,85.2941176470588,87.06016311118384,0.66,0.674,0.5225,0.813,144.181,27276.97,19.46,4704.0,98.0,34.0,31.6,3.0,2.0
2020.0,104.98348072307598,100.0,95.51910361977174,99.00087270830306,98.8532110091743,96.50389086358356,100.0,0.78,0.785,0.705,0.839,144.181,56792.915,19.46,4704.0,98.0,34.0,75.7,2.0,7.0
2021.0,95.83333345833333,113.513513513514,84.83330327080324,76.271186440678,87.8787878787879,74.2857142857143,74.6913580246914,0.78,0.785,0.705,0.839,144.181,56792.915,19.46,4704.0,98.0,34.0,75.7,2.0,7.0
2022.0,125.0,100.0,84.83330327080324,87.1754878072813,87.8787878787879,85.2941176470588,87.06016311118384,0.78,0.785,0.705,0.839,144.181,56792.915,19.46,4704.0,98.0,34.0,75.7,2.0,7.0
2023.0,104.98348072307598,87.0967741935484,95.51910361977174,99.00087270830306,98.8532110091743,85.2941176470588,87.06016311118384,0.78,0.785,0.705,0.839,144.181,56792.915,19.46,4704.0,98.0,34.0,75.7,2.0,7.0
2024.0,85.50685425685425,113.513513513514,106.52777786111112,110.480549199085,110.44448509237219,118.518518518519,113.4063143817545,0.78,0.785,0.705,0.839,144.181,56792.915,19.46,4704.0,98.0,34.0,75.7,2.0,7.0
2020.0,114.53373015873015,100.0,95.51910361977174,99.00087270830306,98.8532110091743,85.2941176470588,100.0,0.697,0.7,0.576,0.817,144.181,36271.065,19.46,4704.0,98.0,34.0,38.9,2.0,11.0
2021.0,65.69850288600288,113.513513513514,95.51910361977174,87.1754878072813,98.8532110091743,85.2941176470588,87.06016311118384,0.697,0.7,0.576,0.817,144.181,36271.065,19.46,4704.0,98.0,34.0,38.9,2.0,11.0
2022.0,95.83333345833333,87.0967741935484,84.83330327080324,87.1754878072813,87.8787878787879,85.2941176470588,87.06016311118384,0.697,0.7,0.576,0.817,144.181,36271.065,19.46,4704.0,98.0,34.0,38.9,2.0,11.0
2023.0,85.50685425685425,100.0,106.52777786111112,110.480549199085,110.44448509237219,107.70655270655271,100.0,0.697,0.7,0.576,0.817,144.181,36271.065,19.46,4704.0,98.0,34.0,38.9,2.0,11.0
2024.0,114.53373015873015,100.0,95.51910361977174,99.00087270830306,87.8787878787879,107.70655270655271,100.0,0.697,0.7,0.576,0.817,144.181,36271.065,19.46,4704.0,98.0,34.0,38.9,2.0,11.0
2020.0,95.83333345833333,140.0,117.6653439153439,110.480549199085,110.44448509237219,131.21597458391912,140.0,0.667,0.674,0.548,0.828,144.181,36271.065,19.46,4704.0,98.0,34.0,27.3,1.0,2.0
2021.0,35.1909184726522,74.6815286624204,73.6418511066398,76.271186440678,76.1904761904762,74.2857142857143,74.6913580246914,0.667,0.674,0.548,0.828,144.181,36271.065,19.46,4704.0,98.0,34.0,27.3,1.0,2.0
2022.0,55.9503105590062,100.0,73.6418511066398,99.00087270830306,76.1904761904762,85.2941176470588,87.06016311118384,0.667,0.674,0.548,0.828,144.181,36271.065,19.46,4704.0,98.0,34.0,27.3,1.0,2.0
2023.0,114.53373015873015,113.513513513514,84.83330327080324,76.271186440678,87.8787878787879,107.70655270655271,113.4063143817545,0.667,0.674,0.548,0.828,144.181,36271.065,19.46,4704.0,98.0,34.0,27.3,1.0,2.0
2024.0,125.0,166.666666666667,161.63690480357144,169.20093795093794,167.60912698412704,164.28571436904764,166.666666666667,0.667,0.674,0.548,0.828,144.181,36271.065,19.46,4704.0,98.0,34.0,27.3,1.0,2.0
2020.0,104.98348072307598,140.0,117.6653439153439,122.08333358333336,121.38558201058203,141.74107151190475,140.0,0.763,0.751,0.6895,0.843,144.181,56792.915,145.6,4704.0,98.0,34.0,86.6,0.0,2.0
2021.0,95.83333345833333,140.0,117.6653439153439,122.08333358333336,110.44448509237219,118.518518518519,113.4063143817545,0.763,0.751,0.6895,0.843,144.181,56792.915,145.6,4704.0,98.0,34.0,86.6,0.0,2.0
2022.0,85.50685425685425,48.95833354166667,106.52777786111112,99.00087270830306,98.8532110091743,96.50389086358356,100.0,0.763,0.751,0.6895,0.843,144.181,56792.915,145.6,4704.0,98.0,34.0,86.6,0.0,2.0
2023.0,104.98348072307598,140.0,140.824915824916,169.20093795093794,132.142857142857,141.74107151190475,140.0,0.763,0.751,0.6895,0.843,144.181,56792.915,145.6,4704.0,98.0,34.0,86.6,0.0,2.0
2024.0,125.0,193.333333333333,230.769230769231,203.25396825396825,223.076923076923,197.5049603174603,193.8074194324195,0.763,0.751,0.6895,0.843,144.181,56792.915,145.6,4704.0,98.0,34.0,86.6,0.0,2.0
2020.0,55.9503105590062,113.513513513514,129.16666675,122.08333358333336,132.142857142857,107.70655270655271,113.4063143817545,0.753,0.743,0.676,0.839,405.034,68227.53,19.46,4704.0,98.0,34.0,60.75,0.0,2.0
2021.0,55.9503105590062,140.0,73.6418511066398,65.0,76.1904761904762,85.2941176470588,74.6913580246914,0.753,0.743,0.676,0.839,405.034,68227.53,19.46,4704.0,98.0,34.0,60.75,0.0,2.0
2022.0,104.98348072307598,74.6815286624204,84.83330327080324,87.1754878072813,87.8787878787879,96.50389086358356,100.0,0.753,0.743,0.676,0.839,405.034,68227.53,19.46,4704.0,98.0,34.0,60.75,0.0,2.0
2023.0,114.53373015873015,87.0967741935484,73.6418511066398,65.0,76.1904761904762,85.2941176470588,87.06016311118384,0.753,0.743,0.676,0.839,405.034,68227.53,19.46,4704.0,98.0,34.0,60.75,0.0,2.0
2024.0,95.83333345833333,126.9759485926655,129.16666675,133.5763890138889,132.142857142857,118.518518518519,126.923076923077,0.753,0.743,0.676,0.839,405.034,68227.53,19.46,4704.0,98.0,34.0,60.75,0.0,2.0
2020.0,114.53373015873015,61.9047619047619,50.26348435761521,65.0,52.77777802777778,63.3333333333333,61.77257512796453,0.687,0.734,0.534,0.834,144.181,56792.915,19.46,4704.0,98.0,34.0,27.3,1.0,4.0
2021.0,85.50685425685425,61.9047619047619,28.1105856250365,16.66666725,20.000000416666666,6.775210084033615,140.0,0.687,0.734,0.534,0.834,144.181,56792.915,19.46,4704.0,98.0,34.0,27.3,1.0,4.0
2022.0,114.53373015873015,100.0,62.5,53.6144578313253,52.77777802777778,63.3333333333333,49.355158896825394,0.687,0.734,0.534,0.834,144.181,56792.915,19.46,4704.0,98.0,34.0,27.3,1.0,4.0
2023.0,114.53373015873015,154.36868691035355,161.63690480357144,169.20093795093794,155.263157894737,141.74107151190475,154.72222230555556,0.687,0.734,0.534,0.834,144.181,56792.915,19.46,4704.0,98.0,34.0,27.3,1.0,4.0
2024.0,95.83333345833333,126.9759485926655,117.6653439153439,122.08333358333336,110.44448509237219,131.21597458391912,126.923076923077,0.687,0.734,0.534,0.834,144.181,56792.915,19.46,4704.0,98.0,34.0,27.3,1.0,4.0
2020.0,114.53373015873015,126.9759485926655,106.52777786111112,110.480549199085,110.44448509237219,118.518518518519,126.923076923077,0.687,0.682,0.576,0.813,144.181,45625.31,19.46,4704.0,98.0,34.0,31.6,2.0,13.0
2021.0,114.53373015873015,140.0,95.51910361977174,99.00087270830306,98.8532110091743,96.50389086358356,100.0,0.687,0.682,0.576,0.813,144.181,45625.31,19.46,4704.0,98.0,34.0,31.6,2.0,13.0
2022.0,166.18882275132276,87.0967741935484,95.51910361977174,99.00087270830306,87.8787878787879,85.2941176470588,87.06016311118384,0.687,0.682,0.576,0.813,144.181,45625.31,19.46,4704.0,98.0,34.0,31.6,2.0,13.0
2023.0,114.53373015873015,100.0,95.51910361977174,110.480549199085,98.8532110091743,96.50389086358356,100.0,0.687,0.682,0.576,0.813,144.181,45625.31,19.46,4704.0,98.0,34.0,31.6,2.0,13.0
2024.0,85.50685425685425,113.513513513514,106.52777786111112,110.480549199085,98.8532110091743,118.518518518519,113.4063143817545,0.687,0.682,0.576,0.813,144.181,45625.31,19.46,4704.0,98.0,34.0,31.6,2.0,13.0
2020.0,75.70932556349206,87.0967741935484,73.6418511066398,87.1754878072813,87.8787878787879,74.2857142857143,87.06016311118384,0.753,0.734,0.676,0.86,144.181,45625.31,19.46,4704.0,98.0,34.0,46.7,0.0,2.0
2021.0,85.50685425685425,74.6815286624204,150.6881313131313,145.45454554545452,144.54365083531744,141.74107151190475,140.0,0.753,0.734,0.676,0.86,144.181,45625.31,19.46,4704.0,98.0,34.0,46.7,0.0,2.0
2022.0,145.2422175777439,233.333333333333,73.6418511066398,65.0,65.15151533333334,63.3333333333333,74.6913580246914,0.753,0.734,0.676,0.86,144.181,45625.31,19.46,4704.0,98.0,34.0,46.7,0.0,2.0
2023.0,104.98348072307598,87.0967741935484,73.6418511066398,133.5763890138889,87.8787878787879,85.2941176470588,87.06016311118384,0.753,0.734,0.676,0.86,144.181,45625.31,19.46,4704.0,98.0,34.0,46.7,0.0,2.0
2024.0,125.0,100.0,73.6418511066398,65.0,65.15151533333334,85.2941176470588,100.0,0.753,0.734,0.676,0.86,144.181,45625.31,19.46,4704.0,98.0,34.0,46.7,0.0,2.0
2020.0,75.70932556349206,74.6815286624204,84.83330327080324,122.08333358333336,87.8787878787879,118.518518518519,74.6913580246914,0.743,0.743,0.646,0.849,144.181,36271.065,19.46,4704.0,98.0,34.0,50.3,5.0,2.0
2021.0,25.972222722222217,100.0,73.6418511066398,53.6144578313253,76.1904761904762,53.125,61.77257512796453,0.743,0.743,0.646,0.849,144.181,36271.065,19.46,4704.0,98.0,34.0,50.3,5.0,2.0
2022.0,35.1909184726522,113.513513513514,84.83330327080324,99.00087270830306,87.8787878787879,96.50389086358356,100.0,0.743,0.743,0.646,0.849,144.181,36271.065,19.46,4704.0,98.0,34.0,50.3,5.0,2.0
2023.0,75.70932556349206,126.9759485926655,150.6881313131313,156.38888897222222,144.54365083531744,131.21597458391912,126.923076923077,0.743,0.743,0.646,0.849,144.181,36271.065,19.46,4704.0,98.0,34.0,50.3,5.0,2.0
2024.0,95.83333345833333,113.513513513514,129.16666675,156.38888897222222,144.54365083531744,107.70655270655271,100.0,0.743,0.743,0.646,0.849,144.181,36271.065,19.46,4704.0,98.0,34.0,50.3,5.0,2.0
2020.0,145.2422175777439,87.0967741935484,62.5,65.0,65.15151533333334,63.3333333333333,87.06016311118384,0.631,0.7,0.461,0.792,405.034,27276.97,19.46,4704.0,98.0,34.0,16.4,3.0,1.0
2021.0,75.70932556349206,126.9759485926655,129.16666675,133.5763890138889,132.142857142857,131.21597458391912,140.0,0.631,0.7,0.461,0.792,405.034,27276.97,19.46,4704.0,98.0,34.0,16.4,3.0,1.0
2022.0,114.53373015873015,48.95833354166667,106.52777786111112,99.00087270830306,110.44448509237219,85.2941176470588,87.06016311118384,0.631,0.7,0.461,0.792,405.034,27276.97,19.46,4704.0,98.0,34.0,16.4,3.0,1.0
2023.0,75.70932556349206,154.36868691035355,140.824915824916,156.38888897222222,144.54365083531744,141.74107151190475,154.72222230555556,0.631,0.7,0.461,0.792,405.034,27276.97,19.46,4704.0,98.0,34.0,16.4,3.0,1.0
2024.0,95.83333345833333,100.0,117.6653439153439,110.480549199085,121.38558201058203,107.70655270655271,100.0,0.631,0.7,0.461,0.792,405.034,27276.97,19.46,4704.0,98.0,34.0,16.4,3.0,1.0
2020.0,166.18882275132276,140.0,117.6653439153439,122.08333358333336,121.38558201058203,131.21597458391912,140.0,0.743,0.734,0.646,0.86,144.181,36271.065,145.6,4704.0,98.0,34.0,83.1,3.0,2.0
2021.0,85.50685425685425,74.6815286624204,106.52777786111112,76.271186440678,110.44448509237219,74.2857142857143,74.6913580246914,0.743,0.734,0.646,0.86,144.181,36271.065,145.6,4704.0,98.0,34.0,83.1,3.0,2.0
2022.0,75.70932556349206,126.9759485926655,195.1388888888889,203.25396825396825,200.0,233.333333333333,234.55891330891313,0.743,0.734,0.646,0.86,144.181,36271.065,145.6,4704.0,98.0,34.0,83.1,3.0,2.0
2023.0,125.0,100.0,117.6653439153439,133.5763890138889,121.38558201058203,96.50389086358356,100.0,0.743,0.734,0.646,0.86,144.181,36271.065,145.6,4704.0,98.0,34.0,83.1,3.0,2.0
2024.0,95.83333345833333,113.513513513514,95.51910361977174,99.00087270830306,98.8532110091743,118.518518518519,113.4063143817545,0.743,0.734,0.646,0.86,144.181,36271.065,145.6,4704.0,98.0,34.0,83.1,3.0,2.0
2020.0,15.3846153846154,179.27158489658487,172.91666670833334,169.20093795093794,179.2857142857145,154.78670634920644,179.87103174603178,0.734,0.725,0.62,0.86,1228.91,45625.31,19.46,4704.0,98.0,34.0,86.6,0.0,2.0
2021.0,104.98348072307598,74.6815286624204,73.6418511066398,87.1754878072813,76.1904761904762,96.50389086358356,100.0,0.734,0.725,0.62,0.86,1228.91,45625.31,19.46,4704.0,98.0,34.0,86.6,0.0,2.0
2022.0,104.98348072307598,74.6815286624204,129.16666675,133.5763890138889,132.142857142857,107.70655270655271,113.4063143817545,0.734,0.725,0.62,0.86,1228.91,45625.31,19.46,4704.0,98.0,34.0,86.6,0.0,2.0
2023.0,85.50685425685425,100.0,117.6653439153439,218.19444444444446,110.44448509237219,107.70655270655271,113.4063143817545,0.734,0.725,0.62,0.86,1228.91,45625.31,19.46,4704.0,98.0,34.0,86.6,0.0,2.0
2024.0,65.69850288600288,100.0,84.83330327080324,53.6144578313253,87.8787878787879,96.50389086358356,100.0,0.734,0.725,0.62,0.86,1228.91,45625.31,19.46,4704.0,98.0,34.0,86.6,0.0,2.0
2020.0,95.83333345833333,126.9759485926655,150.6881313131313,110.480549199085,167.60912698412704,131.21597458391912,126.923076923077,0.734,0.717,0.646,0.86,3577.487,45625.31,19.46,62543.0,33.0,428.5,90.5,2.0,7.0
2021.0,95.83333345833333,179.27158489658487,95.51910361977174,76.271186440678,87.8787878787879,85.2941176470588,87.06016311118384,0.734,0.717,0.646,0.86,3577.487,45625.31,19.46,62543.0,33.0,428.5,90.5,2.0,7.0
2022.0,114.53373015873015,113.513513513514,73.6418511066398,53.6144578313253,41.66666704166666,41.277890466531446,32.91666683333333,0.734,0.717,0.646,0.86,3577.487,45625.31,19.46,62543.0,33.0,428.5,90.5,2.0,7.0
2023.0,104.98348072307598,113.513513513514,129.16666675,190.6240981240981,144.54365083531744,118.518518518519,113.4063143817545,0.734,0.717,0.646,0.86,3577.487,45625.31,19.46,62543.0,33.0,428.5,90.5,2.0,7.0
2024.0,145.2422175777439,74.6815286624204,117.6653439153439,122.08333358333336,87.8787878787879,74.2857142857143,74.6913580246914,0.734,0.717,0.646,0.86,3577.487,45625.31,19.46,62543.0,33.0,428.5,90.5,2.0,7.0
2020.0,85.50685425685425,74.6815286624204,73.6418511066398,87.1754878072813,76.1904761904762,74.2857142857143,74.6913580246914,0.763,0.776,0.676,0.839,144.181,45625.31,19.46,4704.0,98.0,34.0,72.8,0.0,7.0
2021.0,104.98348072307598,74.6815286624204,84.83330327080324,65.0,87.8787878787879,74.2857142857143,74.6913580246914,0.763,0.776,0.676,0.839,144.181,45625.31,19.46,4704.0,98.0,34.0,72.8,0.0,7.0
2022.0,85.50685425685425,100.0,106.52777786111112,110.480549199085,110.44448509237219,107.70655270655271,100.0,0.763,0.776,0.676,0.839,144.181,45625.31,19.46,4704.0,98.0,34.0,72.8,0.0,7.0
2023.0,104.98348072307598,100.0,106.52777786111112,110.480549199085,110.44448509237219,107.70655270655271,100.0,0.763,0.776,0.676,0.839,144.181,45625.31,19.46,4704.0,98.0,34.0,72.8,0.0,7.0
2024.0,104.98348072307598,140.0,150.6881313131313,156.38888897222222,155.263157894737,131.21597458391912,126.923076923077,0.763,0.776,0.676,0.839,144.181,45625.31,19.46,4704.0,98.0,34.0,72.8,0.0,7.0
2020.0,95.83333345833333,126.9759485926655,106.52777786111112,110.480549199085,110.44448509237219,118.518518518519,126.923076923077,0.678,0.682,0.548,0.817,2600.969,36271.065,19.46,4704.0,98.0,34.0,75.7,5.0,7.0
2021.0,25.972222722222217,87.0967741935484,84.83330327080324,87.1754878072813,87.8787878787879,85.2941176470588,87.06016311118384,0.678,0.682,0.548,0.817,2600.969,36271.065,19.46,4704.0,98.0,34.0,75.7,5.0,7.0
2022.0,65.69850288600288,113.513513513514,95.51910361977174,99.00087270830306,98.8532110091743,107.70655270655271,100.0,0.678,0.682,0.548,0.817,2600.969,36271.065,19.46,4704.0,98.0,34.0,75.7,5.0,7.0
2023.0,85.50685425685425,113.513513513514,117.6653439153439,145.45454554545452,121.38558201058203,118.518518518519,126.923076923077,0.678,0.682,0.548,0.817,2600.969,36271.065,19.46,4704.0,98.0,34.0,75.7,5.0,7.0
2024.0,65.69850288600288,100.0,106.52777786111112,99.00087270830306,98.8532110091743,107.70655270655271,100.0,0.678,0.682,0.548,0.817,2600.969,36271.065,19.46,4704.0,98.0,34.0,75.7,5.0,7.0
2020.0,95.83333345833333,100.0,95.51910361977174,99.00087270830306,98.8532110091743,96.50389086358356,100.0,0.687,0.7,0.534,0.86,3347.861,56792.915,19.46,4704.0,98.0,34.0,72.8,1.0,7.0
2021.0,15.3846153846154,61.9047619047619,195.1388888888889,203.25396825396825,223.076923076923,185.714285714286,179.87103174603178,0.687,0.7,0.534,0.86,3347.861,56792.915,19.46,4704.0,98.0,34.0,72.8,1.0,7.0
2022.0,2.63157894736842,87.0967741935484,95.51910361977174,99.00087270830306,98.8532110091743,107.70655270655271,113.4063143817545,0.687,0.7,0.534,0.86,3347.861,56792.915,19.46,4704.0,98.0,34.0,72.8,1.0,7.0
2023.0,104.98348072307598,33.12500033333333,73.6418511066398,87.1754878072813,76.1904761904762,53.125,32.91666683333333,0.687,0.7,0.534,0.86,3347.861,56792.915,19.46,4704.0,98.0,34.0,72.8,1.0,7.0
2024.0,95.83333345833333,100.0,106.52777786111112,145.45454554545452,121.38558201058203,107.70655270655271,100.0,0.687,0.7,0.534,0.86,3347.861,56792.915,19.46,4704.0,98.0,34.0,72.8,1.0,7.0
2020.0,104.98348072307598,100.0,95.51910361977174,99.00087270830306,87.8787878787879,96.50389086358356,100.0,0.697,0.7084999999999999,0.591,0.822,5053.46,45625.31,19.46,62543.0,33.0,428.5,90.5,5.0,5.0
2021.0,65.69850288600288,61.9047619047619,84.83330327080324,76.271186440678,87.8787878787879,74.2857142857143,74.6913580246914,0.697,0.7084999999999999,0.591,0.822,5053.46,45625.31,19.46,62543.0,33.0,428.5,90.5,5.0,5.0
2022.0,85.50685425685425,74.6815286624204,95.51910361977174,110.480549199085,98.8532110091743,96.50389086358356,100.0,0.697,0.7084999999999999,0.591,0.822,5053.46,45625.31,19.46,62543.0,33.0,428.5,90.5,5.0,5.0
2023.0,85.50685425685425,100.0,95.51910361977174,122.08333358333336,98.8532110091743,96.50389086358356,100.0,0.697,0.7084999999999999,0.591,0.822,5053.46,45625.31,19.46,62543.0,33.0,428.5,90.5,5.0,5.0
2024.0,104.98348072307598,100.0,95.51910361977174,99.00087270830306,98.8532110091743,107.70655270655271,100.0,0.697,0.7084999999999999,0.591,0.822,5053.46,45625.31,19.46,62543.0,33.0,428.5,90.5,5.0,5.0
2020.0,46.1215513794482,113.513513513514,117.6653439153439,122.08333358333336,121.38558201058203,118.518518518519,113.4063143817545,0.697,0.734,0.563,0.822,946.9680000000001,36271.065,19.46,4704.0,98.0,34.0,80.3,1.0,11.0
2021.0,65.69850288600288,74.6815286624204,95.51910361977174,87.1754878072813,98.8532110091743,85.2941176470588,87.06016311118384,0.697,0.734,0.563,0.822,946.9680000000001,36271.065,19.46,4704.0,98.0,34.0,80.3,1.0,11.0
2022.0,75.70932556349206,74.6815286624204,95.51910361977174,99.00087270830306,98.8532110091743,118.518518518519,113.4063143817545,0.697,0.734,0.563,0.822,946.9680000000001,36271.065,19.46,4704.0,98.0,34.0,80.3,1.0,11.0
2023.0,75.70932556349206,48.95833354166667,95.51910361977174,99.00087270830306,87.8787878787879,41.277890466531446,49.355158896825394,0.697,0.734,0.563,0.822,946.9680000000001,36271.065,19.46,4704.0,98.0,34.0,80.3,1.0,11.0
2024.0,104.98348072307598,87.0967741935484,73.6418511066398,65.0,76.1904761904762,85.2941176470588,87.06016311118384,0.697,0.734,0.563,0.822,946.9680000000001,36271.065,19.46,4704.0,98.0,34.0,80.3,1.0,11.0
2020.0,85.50685425685425,74.6815286624204,84.83330327080324,87.1754878072813,87.8787878787879,85.2941176470588,74.6913580246914,0.734,0.751,0.62,0.843,144.181,36271.065,19.46,4704.0,98.0,34.0,54.1,4.0,2.0
2021.0,85.50685425685425,74.6815286624204,73.6418511066398,65.0,65.15151533333334,63.3333333333333,74.6913580246914,0.734,0.751,0.62,0.843,144.181,36271.065,19.46,4704.0,98.0,34.0,54.1,4.0,2.0
2022.0,166.18882275132276,140.0,73.6418511066398,76.271186440678,76.1904761904762,74.2857142857143,74.6913580246914,0.734,0.751,0.62,0.843,144.181,36271.065,19.46,4704.0,98.0,34.0,54.1,4.0,2.0
2023.0,104.98348072307598,74.6815286624204,84.83330327080324,87.1754878072813,87.8787878787879,74.2857142857143,74.6913580246914,0.734,0.751,0.62,0.843,144.181,36271.065,19.46,4704.0,98.0,34.0,54.1,4.0,2.0
2024.0,95.83333345833333,87.0967741935484,95.51910361977174,99.00087270830306,98.8532110091743,85.2941176470588,87.06016311118384,0.734,0.751,0.62,0.843,144.181,36271.065,19.46,4704.0,98.0,34.0,54.1,4.0,2.0
2020.0,145.2422175777439,87.0967741935484,73.6418511066398,87.1754878072813,87.8787878787879,85.2941176470588,87.06016311118384,0.65,0.646,0.548,0.7805,144.181,36271.065,19.46,4704.0,98.0,34.0,42.9,0.0,5.0
2021.0,104.98348072307598,100.0,73.6418511066398,65.0,76.1904761904762,63.3333333333333,74.6913580246914,0.65,0.646,0.548,0.7805,144.181,36271.065,19.46,4704.0,98.0,34.0,42.9,0.0,5.0
2022.0,46.1215513794482,113.513513513514,62.5,65.0,65.15151533333334,63.3333333333333,61.77257512796453,0.65,0.646,0.548,0.7805,144.181,36271.065,19.46,4704.0,98.0,34.0,42.9,0.0,5.0
2023.0,104.98348072307598,100.0,95.51910361977174,99.00087270830306,110.44448509237219,96.50389086358356,100.0,0.65,0.646,0.548,0.7805,144.181,36271.065,19.46,4704.0,98.0,34.0,42.9,0.0,5.0
2024.0,104.98348072307598,87.0967741935484,95.51910361977174,99.00087270830306,98.8532110091743,96.50389086358356,87.06016311118384,0.65,0.646,0.548,0.7805,144.181,36271.065,19.46,4704.0,98.0,34.0,42.9,0.0,5.0
2020.0,65.69850288600288,140.0,150.6881313131313,145.45454554545452,144.54365083531744,141.74107151190475,140.0,0.715,0.7,0.62,0.849,144.181,27276.97,19.46,4704.0,98.0,34.0,42.9,3.0,4.0
2021.0,104.98348072307598,126.9759485926655,84.83330327080324,76.271186440678,76.1904761904762,85.2941176470588,87.06016311118384,0.715,0.7,0.62,0.849,144.181,27276.97,19.46,4704.0,98.0,34.0,42.9,3.0,4.0
2022.0,135.64380064380063,74.6815286624204,84.83330327080324,76.271186440678,98.8532110091743,74.2857142857143,74.6913580246914,0.715,0.7,0.62,0.849,144.181,27276.97,19.46,4704.0,98.0,34.0,42.9,3.0,4.0
2023.0,65.69850288600288,154.36868691035355,84.83330327080324,110.480549199085,87.8787878787879,154.78670634920644,154.72222230555556,0.715,0.7,0.62,0.849,144.181,27276.97,19.46,4704.0,98.0,34.0,42.9,3.0,4.0
2024.0,55.9503105590062,154.36868691035355,161.63690480357144,145.45454554545452,155.263157894737,154.78670634920644,154.72222230555556,0.715,0.7,0.62,0.849,144.181,27276.97,19.46,4704.0,98.0,34.0,42.9,3.0,4.0
2020.0,95.83333345833333,140.0,106.52777786111112,87.1754878072813,110.44448509237219,118.518518518519,140.0,0.706,0.717,0.591,0.822,144.181,36271.065,19.46,4704.0,98.0,34.0,60.75,1.0,1.0
2021.0,35.1909184726522,126.9759485926655,62.5,87.1754878072813,65.15151533333334,63.3333333333333,74.6913580246914,0.706,0.717,0.591,0.822,144.181,36271.065,19.46,4704.0,98.0,34.0,60.75,1.0,1.0
2022.0,125.0,140.0,140.824915824916,122.08333358333336,144.54365083531744,131.21597458391912,140.0,0.706,0.717,0.591,0.822,144.181,36271.065,19.46,4704.0,98.0,34.0,60.75,1.0,1.0
2023.0,95.83333345833333,87.0967741935484,73.6418511066398,41.666667,65.15151533333334,85.2941176470588,87.06016311118384,0.706,0.717,0.591,0.822,144.181,36271.065,19.46,4704.0,98.0,34.0,60.75,1.0,1.0
2024.0,46.1215513794482,74.6815286624204,73.6418511066398,53.6144578313253,76.1904761904762,85.2941176470588,74.6913580246914,0.706,0.717,0.591,0.822,144.181,36271.065,19.46,4704.0,98.0,34.0,60.75,1.0,1.0
2020.0,114.53373015873015,126.9759485926655,129.16666675,145.45454554545452,132.142857142857,118.518518518519,126.923076923077,0.743,0.725,0.705,0.822,144.181,88848.11,19.46,4704.0,98.0,34.0,57.45,2.0,2.0
2021.0,2.63157894736842,61.9047619047619,117.6653439153439,99.00087270830306,121.38558201058203,107.70655270655271,100.0,0.743,0.725,0.705,0.822,144.181,88848.11,19.46,4704.0,98.0,34.0,57.45,2.0,2.0
2022.0,95.83333345833333,140.0,161.63690480357144,122.08333358333336,155.263157894737,118.518518518519,113.4063143817545,0.743,0.725,0.705,0.822,144.181,88848.11,19.46,4704.0,98.0,34.0,57.45,2.0,2.0
2023.0,125.0,126.9759485926655,117.6653439153439,122.08333358333336,121.38558201058203,118.518518518519,126.923076923077,0.743,0.725,0.705,0.822,144.181,88848.11,19.46,4704.0,98.0,34.0,57.45,2.0,2.0
2024.0,104.98348072307598,61.9047619047619,50.26348435761521,41.666667,52.77777802777778,63.3333333333333,61.77257512796453,0.743,0.725,0.705,0.822,144.181,88848.11,19.46,4704.0,98.0,34.0,57.45,2.0,2.0
2020.0,85.50685425685425,154.36868691035355,129.16666675,133.5763890138889,121.38558201058203,141.74107151190475,154.72222230555556,0.621,0.666,0.461,0.792,946.9680000000001,45625.31,19.46,4704.0,98.0,34.0,75.7,6.0,12.0
2021.0,2.63157894736842,87.0967741935484,129.16666675,110.480549199085,132.142857142857,131.21597458391912,126.923076923077,0.621,0.666,0.461,0.792,946.9680000000001,45625.31,19.46,4704.0,98.0,34.0,75.7,6.0,12.0
2022.0,35.1909184726522,87.0967741935484,62.5,76.271186440678,65.15151533333334,74.2857142857143,74.6913580246914,0.621,0.666,0.461,0.792,946.9680000000001,45625.31,19.46,4704.0,98.0,34.0,75.7,6.0,12.0
2023.0,75.70932556349206,126.9759485926655,172.91666670833334,145.45454554545452,179.2857142857145,118.518518518519,126.923076923077,0.621,0.666,0.461,0.792,946.9680000000001,45625.31,19.46,4704.0,98.0,34.0,75.7,6.0,12.0
2024.0,55.9503105590062,154.36868691035355,140.824915824916,133.5763890138889,121.38558201058203,141.74107151190475,154.72222230555556,0.621,0.666,0.461,0.792,946.9680000000001,45625.31,19.46,4704.0,98.0,34.0,75.7,6.0,12.0
2020.0,15.3846153846154,100.0,95.51910361977174,76.271186440678,110.44448509237219,96.50389086358356,100.0,0.753,0.761,0.676,0.843,405.034,56792.915,19.46,4704.0,98.0,34.0,64.75,0.0,2.0
2021.0,65.69850288600288,87.0967741935484,140.824915824916,145.45454554545452,132.142857142857,118.518518518519,126.923076923077,0.753,0.761,0.676,0.843,405.034,56792.915,19.46,4704.0,98.0,34.0,64.75,0.0,2.0
2022.0,85.50685425685425,74.6815286624204,129.16666675,122.08333358333336,121.38558201058203,141.74107151190475,140.0,0.753,0.761,0.676,0.843,405.034,56792.915,19.46,4704.0,98.0,34.0,64.75,0.0,2.0
2023.0,135.64380064380063,154.36868691035355,129.16666675,99.00087270830306,110.44448509237219,141.74107151190475,154.72222230555556,0.753,0.761,0.676,0.843,405.034,56792.915,19.46,4704.0,98.0,34.0,64.75,0.0,2.0
2024.0,135.64380064380063,48.95833354166667,39.9399399399399,41.666667,29.166667208333333,53.125,49.355158896825394,0.753,0.761,0.676,0.843,405.034,56792.915,19.46,4704.0,98.0,34.0,64.75,0.0,2.0
2020.0,15.3846153846154,74.6815286624204,50.26348435761521,53.6144578313253,52.77777802777778,63.3333333333333,74.6913580246914,0.7244999999999999,0.776,0.591,0.834,144.181,45625.31,19.46,4704.0,98.0,34.0,38.9,1.0,9.0
2021.0,125.0,74.6815286624204,73.6418511066398,53.6144578313253,76.1904761904762,53.125,61.77257512796453,0.7244999999999999,0.776,0.591,0.834,144.181,45625.31,19.46,4704.0,98.0,34.0,38.9,1.0,9.0
2022.0,225.0,74.6815286624204,129.16666675,133.5763890138889,132.142857142857,141.74107151190475,140.0,0.7244999999999999,0.776,0.591,0.834,144.181,45625.31,19.46,4704.0,98.0,34.0,38.9,1.0,9.0
2023.0,85.50685425685425,74.6815286624204,140.824915824916,99.00087270830306,155.263157894737,85.2941176470588,74.6913580246914,0.7244999999999999,0.776,0.591,0.834,144.181,45625.31,19.46,4704.0,98.0,34.0,38.9,1.0,9.0
2024.0,104.98348072307598,193.333333333333,172.91666670833334,156.38888897222222,167.60912698412704,175.52778920425976,179.87103174603178,0.7244999999999999,0.776,0.591,0.834,144.181,45625.31,19.46,4704.0,98.0,34.0,38.9,1.0,9.0
2020.0,15.3846153846154,87.0967741935484,84.83330327080324,76.271186440678,87.8787878787879,74.2857142857143,87.06016311118384,0.667,0.674,0.534,0.8015000000000001,1228.91,45625.31,19.46,4704.0,98.0,34.0,60.75,4.0,8.0
2021.0,85.50685425685425,100.0,106.52777786111112,87.1754878072813,98.8532110091743,85.2941176470588,87.06016311118384,0.667,0.674,0.534,0.8015000000000001,1228.91,45625.31,19.46,4704.0,98.0,34.0,60.75,4.0,8.0
2022.0,183.333333333333,233.333333333333,84.83330327080324,87.1754878072813,87.8787878787879,85.2941176470588,87.06016311118384,0.667,0.674,0.534,0.8015000000000001,1228.91,45625.31,19.46,4704.0,98.0,34.0,60.75,4.0,8.0
2023.0,95.83333345833333,140.0,117.6653439153439,133.5763890138889,132.142857142857,141.74107151190475,140.0,0.667,0.674,0.534,0.8015000000000001,1228.91,45625.31,19.46,4704.0,98.0,34.0,60.75,4.0,8.0
2024.0,95.83333345833333,113.513513513514,106.52777786111112,122.08333358333336,98.8532110091743,118.518518518519,113.4063143817545,0.667,0.674,0.534,0.8015000000000001,1228.91,45625.31,19.46,4704.0,98.0,34.0,60.75,4.0,8.0
2020.0,75.70932556349206,87.0967741935484,84.83330327080324,87.1754878072813,87.8787878787879,85.2941176470588,87.06016311118384,0.697,0.7,0.576,0.828,144.181,45625.31,19.46,4704.0,98.0,34.0,60.75,0.0,15.0
2021.0,75.70932556349206,74.6815286624204,62.5,53.6144578313253,65.15151533333334,63.3333333333333,61.77257512796453,0.697,0.7,0.576,0.828,144.181,45625.31,19.46,4704.0,98.0,34.0,60.75,0.0,15.0
2022.0,85.50685425685425,61.9047619047619,95.51910361977174,99.00087270830306,98.8532110091743,96.50389086358356,87.06016311118384,0.697,0.7,0.576,0.828,144.181,45625.31,19.46,4704.0,98.0,34.0,60.75,0.0,15.0
2023.0,75.70932556349206,233.333333333333,172.91666670833334,156.38888897222222,179.2857142857145,233.333333333333,234.55891330891313,0.697,0.7,0.576,0.828,144.181,45625.31,19.46,4704.0,98.0,34.0,60.75,0.0,15.0
2024.0,85.50685425685425,100.0,95.51910361977174,76.271186440678,110.44448509237219,96.50389086358356,100.0,0.697,0.7,0.576,0.828,144.181,45625.31,19.46,4704.0,98.0,34.0,60.75,0.0,15.0
2020.0,75.70932556349206,48.95833354166667,39.9399399399399,76.271186440678,41.66666704166666,30.000000149999998,49.355158896825394,0.743,0.751,0.662,0.849,144.181,45625.31,19.46,4704.0,98.0,34.0,60.75,5.0,2.0
2021.0,46.1215513794482,87.0967741935484,62.5,65.0,65.15151533333334,63.3333333333333,61.77257512796453,0.743,0.751,0.662,0.849,144.181,45625.31,19.46,4704.0,98.0,34.0,60.75,5.0,2.0
2022.0,114.53373015873015,74.6815286624204,73.6418511066398,87.1754878072813,87.8787878787879,63.3333333333333,74.6913580246914,0.743,0.751,0.662,0.849,144.181,45625.31,19.46,4704.0,98.0,34.0,60.75,5.0,2.0
2023.0,95.83333345833333,87.0967741935484,95.51910361977174,110.480549199085,98.8532110091743,96.50389086358356,87.06016311118384,0.743,0.751,0.662,0.849,144.181,45625.31,19.46,4704.0,98.0,34.0,60.75,5.0,2.0
2024.0,95.83333345833333,87.0967741935484,84.83330327080324,87.1754878072813,87.8787878787879,74.2857142857143,87.06016311118384,0.743,0.751,0.662,0.849,144.181,45625.31,19.46,4704.0,98.0,34.0,60.75,5.0,2.0
2020.0,65.69850288600288,74.6815286624204,84.83330327080324,76.271186440678,87.8787878787879,74.2857142857143,74.6913580246914,0.743,0.767,0.606,0.86,144.181,56792.915,2110.58,224112.0,33.0,1681.0,97.9,1.0,13.0
2021.0,95.83333345833333,100.0,84.83330327080324,87.1754878072813,87.8787878787879,85.2941176470588,87.06016311118384,0.743,0.767,0.606,0.86,144.181,56792.915,2110.58,224112.0,55.0,1681.0,97.9,1.0,13.0
2022.0,75.70932556349206,140.0,62.5,76.271186440678,76.1904761904762,74.2857142857143,74.6913580246914,0.743,0.767,0.606,0.86,144.181,56792.915,2110.58,224112.0,55.0,1507.0,97.9,1.0,13.0
2023.0,114.53373015873015,87.0967741935484,95.51910361977174,110.480549199085,98.8532110091743,96.50389086358356,87.06016311118384,0.743,0.767,0.606,0.86,144.181,56792.915,2110.58,224112.0,79.5,1507.0,97.9,1.0,13.0
2024.0,155.102040816327,100.0,106.52777786111112,99.00087270830306,110.44448509237219,96.50389086358356,100.0,0.743,0.767,0.606,0.86,144.181,56792.915,2110.58,224112.0,98.0,1507.0,97.9,1.0,13.0
2020.0,75.70932556349206,74.6815286624204,95.51910361977174,87.1754878072813,87.8787878787879,74.2857142857143,74.6913580246914,0.687,0.725,0.534,0.849,2045.1845,36271.065,19.46,4704.0,98.0,34.0,60.75,6.0,4.0
2021.0,55.9503105590062,87.0967741935484,73.6418511066398,87.1754878072813,76.1904761904762,74.2857142857143,74.6913580246914,0.687,0.725,0.534,0.849,2045.1845,36271.065,19.46,4704.0,98.0,34.0,60.75,6.0,4.0
2022.0,75.70932556349206,74.6815286624204,84.83330327080324,87.1754878072813,87.8787878787879,74.2857142857143,74.6913580246914,0.687,0.725,0.534,0.849,2045.1845,36271.065,19.46,4704.0,98.0,34.0,60.75,6.0,4.0
2023.0,125.0,140.0,140.824915824916,122.08333358333336,132.142857142857,141.74107151190475,140.0,0.687,0.725,0.534,0.849,2045.1845,36271.065,19.46,4704.0,98.0,34.0,60.75,6.0,4.0
2024.0,75.70932556349206,113.513513513514,106.52777786111112,169.20093795093794,167.60912698412704,118.518518518519,113.4063143817545,0.687,0.725,0.534,0.849,2045.1845,36271.065,19.46,4704.0,98.0,34.0,60.75,6.0,4.0
2020.0,95.83333345833333,87.0967741935484,84.83330327080324,76.271186440678,87.8787878787879,85.2941176470588,87.06016311118384,0.743,0.717,0.662,0.855,1228.91,45625.31,19.46,4704.0,98.0,428.5,90.5,2.0,7.0
2021.0,65.69850288600288,100.0,84.83330327080324,110.480549199085,98.8532110091743,96.50389086358356,100.0,0.743,0.717,0.662,0.855,1228.91,45625.31,19.46,4704.0,98.0,428.5,90.5,2.0,7.0
2022.0,75.70932556349206,74.6815286624204,239.27045177045153,243.75,250.0,233.333333333333,234.55891330891313,0.743,0.717,0.662,0.855,1228.91,45625.31,19.46,4704.0,98.0,428.5,90.5,2.0,7.0
2023.0,145.2422175777439,113.513513513514,129.16666675,87.1754878072813,132.142857142857,107.70655270655271,113.4063143817545,0.743,0.717,0.662,0.855,1228.91,45625.31,19.46,4704.0,98.0,428.5,90.5,2.0,7.0
2024.0,104.98348072307598,113.513513513514,95.51910361977174,133.5763890138889,110.44448509237219,118.518518518519,113.4063143817545,0.743,0.717,0.662,0.855,1228.91,45625.31,19.46,4704.0,98.0,34.0,90.5,2.0,7.0
2020.0,85.50685425685425,100.0,117.6653439153439,122.08333358333336,121.38558201058203,107.70655270655271,100.0,0.772,0.776,0.676,0.855,144.181,68227.53,19.46,4704.0,98.0,34.0,86.6,4.0,2.0
2021.0,85.50685425685425,74.6815286624204,95.51910361977174,76.271186440678,98.8532110091743,96.50389086358356,100.0,0.772,0.776,0.676,0.855,144.181,68227.53,19.46,4704.0,98.0,34.0,86.6,4.0,2.0
2022.0,95.83333345833333,74.6815286624204,150.6881313131313,145.45454554545452,155.263157894737,141.74107151190475,140.0,0.772,0.776,0.676,0.855,144.181,68227.53,19.46,4704.0,98.0,34.0,86.6,4.0,2.0
2023.0,85.50685425685425,113.513513513514,161.63690480357144,110.480549199085,167.60912698412704,118.518518518519,113.4063143817545,0.772,0.776,0.676,0.855,144.181,68227.53,19.46,4704.0,98.0,34.0,86.6,4.0,2.0
2024.0,75.70932556349206,140.0,117.6653439153439,110.480549199085,121.38558201058203,131.21597458391912,140.0,0.772,0.776,0.676,0.855,144.181,68227.53,19.46,4704.0,98.0,34.0,86.6,4.0,2.0
2020.0,75.70932556349206,74.6815286624204,84.83330327080324,87.1754878072813,87.8787878787879,85.2941176470588,74.6913580246914,0.7244999999999999,0.734,0.633,0.828,144.181,56792.915,19.46,4704.0,98.0,34.0,68.9,2.0,7.0
2021.0,125.0,74.6815286624204,84.83330327080324,87.1754878072813,87.8787878787879,85.2941176470588,87.06016311118384,0.7244999999999999,0.734,0.633,0.828,144.181,56792.915,19.46,4704.0,98.0,34.0,68.9,2.0,7.0
2022.0,85.50685425685425,100.0,62.5,76.271186440678,76.1904761904762,74.2857142857143,74.6913580246914,0.7244999999999999,0.734,0.633,0.828,144.181,56792.915,19.46,4704.0,98.0,34.0,68.9,2.0,7.0
2023.0,85.50685425685425,74.6815286624204,84.83330327080324,76.271186440678,87.8787878787879,74.2857142857143,74.6913580246914,0.7244999999999999,0.734,0.633,0.828,144.181,56792.915,19.46,4704.0,98.0,34.0,68.9,2.0,7.0
2024.0,95.83333345833333,74.6815286624204,73.6418511066398,76.271186440678,76.1904761904762,74.2857142857143,74.6913580246914,0.7244999999999999,0.734,0.633,0.828,144.181,56792.915,19.46,4704.0,98.0,34.0,68.9,2.0,7.0
2020.0,85.50685425685425,74.6815286624204,73.6418511066398,76.271186440678,76.1904761904762,74.2857142857143,74.6913580246914,0.65,0.658,0.492,0.849,676.805,78182.4,19.46,4704.0,98.0,34.0,38.9,5.0,1.0
2021.0,25.972222722222217,126.9759485926655,95.51910361977174,99.00087270830306,98.8532110091743,96.50389086358356,100.0,0.65,0.658,0.492,0.849,676.805,78182.4,19.46,4704.0,98.0,34.0,38.9,5.0,1.0
2022.0,46.1215513794482,87.0967741935484,73.6418511066398,76.271186440678,76.1904761904762,74.2857142857143,74.6913580246914,0.65,0.658,0.492,0.849,676.805,78182.4,19.46,4704.0,98.0,34.0,38.9,5.0,1.0
2023.0,95.83333345833333,87.0967741935484,95.51910361977174,87.1754878072813,87.8787878787879,85.2941176470588,87.06016311118384,0.65,0.658,0.492,0.849,676.805,78182.4,19.46,4704.0,98.0,34.0,38.9,5.0,1.0
2024.0,85.50685425685425,113.513513513514,106.52777786111112,110.480549199085,110.44448509237219,107.70655270655271,113.4063143817545,0.65,0.658,0.492,0.849,676.805,78182.4,19.46,4704.0,98.0,34.0,38.9,5.0,1.0
2020.0,125.0,87.0967741935484,95.51910361977174,87.1754878072813,98.8532110091743,85.2941176470588,87.06016311118384,0.667,0.674,0.534,0.822,1228.91,68227.53,19.46,4704.0,98.0,34.0,57.45,2.0,7.0
2021.0,65.69850288600288,48.95833354166667,73.6418511066398,76.271186440678,76.1904761904762,85.2941176470588,74.6913580246914,0.667,0.674,0.534,0.822,1228.91,68227.53,19.46,4704.0,98.0,34.0,57.45,2.0,7.0
2022.0,75.70932556349206,100.0,73.6418511066398,76.271186440678,87.8787878787879,74.2857142857143,74.6913580246914,0.667,0.674,0.534,0.822,1228.91,68227.53,19.46,4704.0,98.0,34.0,57.45,2.0,7.0
2023.0,104.98348072307598,100.0,95.51910361977174,87.1754878072813,98.8532110091743,96.50389086358356,100.0,0.667,0.674,0.534,0.822,1228.91,68227.53,19.46,4704.0,98.0,34.0,57.45,2.0,7.0
2024.0,104.98348072307598,113.513513513514,106.52777786111112,110.480549199085,110.44448509237219,107.70655270655271,113.4063143817545,0.667,0.674,0.534,0.822,1228.91,68227.53,19.46,4704.0,98.0,34.0,57.45,2.0,7.0
2020.0,125.0,126.9759485926655,106.52777786111112,122.08333358333336,121.38558201058203,118.518518518519,126.923076923077,0.65,0.658,0.5225,0.7805,405.034,36271.065,19.46,4704.0,98.0,34.0,72.8,2.0,7.0
2021.0,65.69850288600288,100.0,84.83330327080324,87.1754878072813,87.8787878787879,85.2941176470588,74.6913580246914,0.65,0.658,0.5225,0.7805,405.034,36271.065,19.46,4704.0,98.0,34.0,72.8,2.0,7.0
2022.0,95.83333345833333,87.0967741935484,95.51910361977174,110.480549199085,98.8532110091743,96.50389086358356,100.0,0.65,0.658,0.5225,0.7805,405.034,36271.065,19.46,4704.0,98.0,34.0,72.8,2.0,7.0
2023.0,104.98348072307598,113.513513513514,106.52777786111112,156.38888897222222,110.44448509237219,118.518518518519,113.4063143817545,0.65,0.658,0.5225,0.7805,405.034,36271.065,19.46,4704.0,98.0,34.0,72.8,2.0,7.0
2024.0,125.0,113.513513513514,117.6653439153439,110.480549199085,121.38558201058203,118.518518518519,113.4063143817545,0.65,0.658,0.5225,0.7805,405.034,36271.065,19.46,4704.0,98.0,34.0,72.8,2.0,7.0
2020.0,25.972222722222217,113.513513513514,117.6653439153439,99.00087270830306,121.38558201058203,118.518518518519,113.4063143817545,0.697,0.692,0.591,0.822,144.181,36271.065,19.46,4704.0,98.0,34.0,38.9,2.0,8.0
2021.0,104.98348072307598,87.0967741935484,129.16666675,133.5763890138889,121.38558201058203,118.518518518519,126.923076923077,0.697,0.692,0.591,0.822,144.181,36271.065,19.46,4704.0,98.0,34.0,38.9,2.0,8.0
2022.0,125.0,100.0,95.51910361977174,87.1754878072813,98.8532110091743,85.2941176470588,87.06016311118384,0.697,0.692,0.591,0.822,144.181,36271.065,19.46,4704.0,98.0,34.0,38.9,2.0,8.0
2023.0,65.69850288600288,100.0,106.52777786111112,122.08333358333336,110.44448509237219,96.50389086358356,100.0,0.697,0.692,0.591,0.822,144.181,36271.065,19.46,4704.0,98.0,34.0,38.9,2.0,8.0
2024.0,65.69850288600288,126.9759485926655,106.52777786111112,99.00087270830306,110.44448509237219,131.21597458391912,126.923076923077,0.697,0.692,0.591,0.822,144.181,36271.065,19.46,4704.0,98.0,34.0,38.9,2.0,8.0
2020.0,46.1215513794482,113.513513513514,73.6418511066398,99.00087270830306,87.8787878787879,107.70655270655271,113.4063143817545,0.743,0.751,0.633,0.849,144.181,36271.065,19.46,4704.0,98.0,34.0,64.75,1.0,2.0
2021.0,85.50685425685425,100.0,50.26348435761521,65.0,52.77777802777778,41.277890466531446,49.355158896825394,0.743,0.751,0.633,0.849,144.181,36271.065,19.46,4704.0,98.0,34.0,64.75,1.0,2.0
2022.0,145.2422175777439,140.0,95.51910361977174,99.00087270830306,110.44448509237219,96.50389086358356,100.0,0.743,0.751,0.633,0.849,144.181,36271.065,19.46,4704.0,98.0,34.0,64.75,1.0,2.0
2023.0,95.83333345833333,100.0,129.16666675,122.08333358333336,132.142857142857,107.70655270655271,100.0,0.743,0.751,0.633,0.849,144.181,36271.065,19.46,4704.0,98.0,34.0,64.75,1.0,2.0
2024.0,104.98348072307598,100.0,106.52777786111112,110.480549199085,98.8532110091743,96.50389086358356,87.06016311118384,0.743,0.751,0.633,0.849,144.181,36271.065,19.46,4704.0,98.0,34.0,64.75,1.0,2.0
2020.0,85.50685425685425,100.0,84.83330327080324,87.1754878072813,87.8787878787879,96.50389086358356,100.0,0.667,0.646,0.563,0.807,144.181,45625.31,19.46,4704.0,98.0,34.0,31.6,0.0,7.0
2021.0,95.83333345833333,126.9759485926655,106.52777786111112,110.480549199085,110.44448509237219,96.50389086358356,100.0,0.667,0.646,0.563,0.807,144.181,45625.31,19.46,4704.0,98.0,34.0,31.6,0.0,7.0
2022.0,235.8974358974355,113.513513513514,84.83330327080324,87.1754878072813,87.8787878787879,85.2941176470588,87.06016311118384,0.667,0.646,0.563,0.807,144.181,45625.31,19.46,4704.0,98.0,34.0,31.6,0.0,7.0
2023.0,95.83333345833333,100.0,117.6653439153439,110.480549199085,110.44448509237219,107.70655270655271,100.0,0.667,0.646,0.563,0.807,144.181,45625.31,19.46,4704.0,98.0,34.0,31.6,0.0,7.0
2024.0,104.98348072307598,100.0,95.51910361977174,99.00087270830306,98.8532110091743,107.70655270655271,100.0,0.667,0.646,0.563,0.807,144.181,45625.31,19.46,4704.0,98.0,34.0,31.6,0.0,7.0
2020.0,75.70932556349206,113.513513513514,95.51910361977174,99.00087270830306,98.8532110091743,96.50389086358356,113.4063143817545,0.763,0.761,0.6895,0.843,144.181,45625.31,19.46,4704.0,98.0,34.0,50.3,2.0,13.0
2021.0,65.69850288600288,100.0,106.52777786111112,87.1754878072813,110.44448509237219,85.2941176470588,87.06016311118384,0.763,0.761,0.6895,0.843,144.181,45625.31,19.46,4704.0,98.0,34.0,50.3,2.0,13.0
2022.0,114.53373015873015,166.666666666667,95.51910361977174,99.00087270830306,98.8532110091743,96.50389086358356,100.0,0.763,0.761,0.6895,0.843,144.181,45625.31,19.46,4704.0,98.0,34.0,50.3,2.0,13.0
2023.0,145.2422175777439,100.0,106.52777786111112,122.08333358333336,98.8532110091743,107.70655270655271,100.0,0.763,0.761,0.6895,0.843,144.181,45625.31,19.46,4704.0,98.0,34.0,50.3,2.0,13.0
2024.0,95.83333345833333,126.9759485926655,117.6653439153439,122.08333358333336,132.142857142857,131.21597458391912,126.923076923077,0.763,0.761,0.6895,0.843,144.181,45625.31,19.46,4704.0,98.0,34.0,50.3,2.0,13.0
2020.0,135.64380064380063,113.513513513514,95.51910361977174,87.1754878072813,98.8532110091743,107.70655270655271,113.4063143817545,0.706,0.7,0.62,0.822,946.9680000000001,36271.065,19.46,4704.0,98.0,34.0,75.7,5.0,15.0
2021.0,25.972222722222217,100.0,129.16666675,122.08333358333336,132.142857142857,107.70655270655271,100.0,0.706,0.7,0.62,0.822,946.9680000000001,36271.065,19.46,4704.0,98.0,34.0,75.7,5.0,15.0
2022.0,55.9503105590062,100.0,129.16666675,145.45454554545452,132.142857142857,141.74107151190475,140.0,0.706,0.7,0.62,0.822,946.9680000000001,36271.065,19.46,4704.0,98.0,34.0,75.7,5.0,15.0
2023.0,95.83333345833333,193.333333333333,184.857142857143,261.29960317460313,179.2857142857145,185.714285714286,193.8074194324195,0.706,0.7,0.62,0.822,946.9680000000001,36271.065,19.46,4704.0,98.0,34.0,75.7,5.0,15.0
2024.0,145.2422175777439,100.0,106.52777786111112,99.00087270830306,110.44448509237219,107.70655270655271,100.0,0.706,0.7,0.62,0.822,946.9680000000001,36271.065,19.46,4704.0,98.0,34.0,75.7,5.0,15.0
2020.0,75.70932556349206,100.0,95.51910361977174,99.00087270830306,87.8787878787879,96.50389086358356,100.0,0.743,0.734,0.646,0.849,144.181,45625.31,243.59,4704.0,98.0,34.0,86.6,1.0,11.0
2021.0,85.50685425685425,61.9047619047619,140.824915824916,133.5763890138889,144.54365083531744,131.21597458391912,126.923076923077,0.743,0.734,0.646,0.849,144.181,45625.31,243.59,4704.0,98.0,34.0,86.6,1.0,11.0
2022.0,85.50685425685425,61.9047619047619,129.16666675,133.5763890138889,121.38558201058203,118.518518518519,113.4063143817545,0.743,0.734,0.646,0.849,144.181,45625.31,243.59,4704.0,98.0,34.0,86.6,1.0,11.0
2023.0,95.83333345833333,100.0,84.83330327080324,87.1754878072813,76.1904761904762,96.50389086358356,100.0,0.743,0.734,0.646,0.849,144.181,45625.31,243.59,4704.0,98.0,34.0,86.6,1.0,11.0
2024.0,65.69850288600288,113.513513513514,129.16666675,133.5763890138889,121.38558201058203,107.70655270655271,113.4063143817545,0.743,0.734,0.646,0.849,144.181,45625.31,243.59,4704.0,98.0,34.0,86.6,1.0,11.0
2020.0,85.50685425685425,48.95833354166667,39.9399399399399,41.666667,41.66666704166666,41.277890466531446,49.355158896825394,0.706,0.7084999999999999,0.576,0.8705,2253.234,45625.31,19.46,4704.0,98.0,34.0,83.1,5.0,4.0
2021.0,15.3846153846154,74.6815286624204,95.51910361977174,110.480549199085,98.8532110091743,96.50389086358356,100.0,0.706,0.7084999999999999,0.576,0.8705,2253.234,45625.31,19.46,4704.0,98.0,34.0,83.1,5.0,4.0
2022.0,46.1215513794482,87.0967741935484,206.1069023569024,180.8234127400794,200.0,164.28571436904764,166.666666666667,0.706,0.7084999999999999,0.576,0.8705,2253.234,45625.31,19.46,4704.0,98.0,34.0,83.1,5.0,4.0
2023.0,125.0,113.513513513514,106.52777786111112,122.08333358333336,110.44448509237219,118.518518518519,113.4063143817545,0.706,0.7084999999999999,0.576,0.8705,2253.234,45625.31,19.46,4704.0,98.0,34.0,83.1,5.0,4.0
2024.0,135.64380064380063,48.95833354166667,95.51910361977174,53.6144578313253,98.8532110091743,41.277890466531446,49.355158896825394,0.706,0.7084999999999999,0.576,0.8705,2253.234,45625.31,19.46,4704.0,98.0,34.0,83.1,5.0,4.0
2020.0,55.9503105590062,113.513513513514,84.83330327080324,99.00087270830306,87.8787878787879,96.50389086358356,113.4063143817545,0.7244999999999999,0.743,0.606,0.822,144.181,36271.065,19.46,4704.0,98.0,34.0,57.45,0.0,2.0
2021.0,85.50685425685425,61.9047619047619,73.6418511066398,87.1754878072813,76.1904761904762,96.50389086358356,100.0,0.7244999999999999,0.743,0.606,0.822,144.181,36271.065,19.46,4704.0,98.0,34.0,57.45,0.0,2.0
2022.0,166.18882275132276,61.9047619047619,95.51910361977174,99.00087270830306,98.8532110091743,96.50389086358356,100.0,0.7244999999999999,0.743,0.606,0.822,144.181,36271.065,19.46,4704.0,98.0,34.0,57.45,0.0,2.0
2023.0,65.69850288600288,140.0,106.52777786111112,145.45454554545452,110.44448509237219,141.74107151190475,140.0,0.7244999999999999,0.743,0.606,0.822,144.181,36271.065,19.46,4704.0,98.0,34.0,57.45,0.0,2.0
2024.0,85.50685425685425,113.513513513514,150.6881313131313,133.5763890138889,155.263157894737,118.518518518519,113.4063143817545,0.7244999999999999,0.743,0.606,0.822,144.181,36271.065,19.46,4704.0,98.0,34.0,57.45,0.0,2.0
2020.0,25.972222722222217,140.0,150.6881313131313,156.38888897222222,155.263157894737,154.78670634920644,140.0,0.763,0.776,0.676,0.849,144.181,36271.065,19.46,4704.0,98.0,34.0,42.9,3.0,2.0
2021.0,135.64380064380063,74.6815286624204,62.5,65.0,65.15151533333334,63.3333333333333,61.77257512796453,0.763,0.776,0.676,0.849,144.181,36271.065,19.46,4704.0,98.0,34.0,42.9,3.0,2.0
2022.0,95.83333345833333,126.9759485926655,62.5,76.271186440678,65.15151533333334,63.3333333333333,61.77257512796453,0.763,0.776,0.676,0.849,144.181,36271.065,19.46,4704.0,98.0,34.0,42.9,3.0,2.0
2023.0,65.69850288600288,100.0,95.51910361977174,122.08333358333336,98.8532110091743,107.70655270655271,100.0,0.763,0.776,0.676,0.849,144.181,36271.065,19.46,4704.0,98.0,34.0,42.9,3.0,2.0
2024.0,85.50685425685425,100.0,95.51910361977174,87.1754878072813,98.8532110091743,96.50389086358356,100.0,0.763,0.776,0.676,0.849,144.181,36271.065,19.46,4704.0,98.0,34.0,42.9,3.0,2.0
2020.0,46.1215513794482,33.12500033333333,19.848485193181816,31.6455696202532,20.000000416666666,30.000000149999998,32.91666683333333,0.639,0.674,0.4765,0.817,144.181,27276.97,19.46,4704.0,98.0,34.0,20.6,2.0,7.0
2021.0,95.83333345833333,179.27158489658487,84.83330327080324,87.1754878072813,87.8787878787879,85.2941176470588,74.6913580246914,0.639,0.674,0.4765,0.817,144.181,27276.97,19.46,4704.0,98.0,34.0,20.6,2.0,7.0
2022.0,85.50685425685425,87.0967741935484,84.83330327080324,87.1754878072813,87.8787878787879,85.2941176470588,87.06016311118384,0.639,0.674,0.4765,0.817,144.181,27276.97,19.46,4704.0,98.0,34.0,20.6,2.0,7.0
2023.0,65.69850288600288,100.0,73.6418511066398,76.271186440678,76.1904761904762,96.50389086358356,100.0,0.639,0.674,0.4765,0.817,144.181,27276.97,19.46,4704.0,98.0,34.0,20.6,2.0,7.0
2024.0,75.70932556349206,87.0967741935484,95.51910361977174,87.1754878072813,98.8532110091743,85.2941176470588,87.06016311118384,0.639,0.674,0.4765,0.817,144.181,27276.97,19.46,4704.0,98.0,34.0,20.6,2.0,7.0
2020.0,95.83333345833333,113.513513513514,117.6653439153439,122.08333358333336,121.38558201058203,107.70655270655271,113.4063143817545,0.753,0.743,0.676,0.849,144.181,45625.31,19.46,4704.0,98.0,34.0,68.9,4.0,15.0
2021.0,35.1909184726522,87.0967741935484,73.6418511066398,65.0,76.1904761904762,63.3333333333333,61.77257512796453,0.753,0.743,0.676,0.849,144.181,45625.31,19.46,4704.0,98.0,34.0,68.9,4.0,15.0
2022.0,65.69850288600288,61.9047619047619,50.26348435761521,53.6144578313253,65.15151533333334,53.125,61.77257512796453,0.753,0.743,0.676,0.849,144.181,45625.31,19.46,4704.0,98.0,34.0,68.9,4.0,15.0
2023.0,114.53373015873015,113.513513513514,106.52777786111112,122.08333358333336,110.44448509237219,107.70655270655271,113.4063143817545,0.753,0.743,0.676,0.849,144.181,45625.31,19.46,4704.0,98.0,34.0,68.9,4.0,15.0
2024.0,46.1215513794482,113.513513513514,106.52777786111112,99.00087270830306,110.44448509237219,107.70655270655271,113.4063143817545,0.753,0.743,0.676,0.849,144.181,45625.31,19.46,4704.0,98.0,34.0,68.9,4.0,15.0
2020.0,311.111111111111,126.9759485926655,84.83330327080324,99.00087270830306,87.8787878787879,85.2941176470588,126.923076923077,0.687,0.7,0.548,0.834,1228.91,56792.915,19.46,4704.0,98.0,34.0,72.8,5.0,7.0
2021.0,25.972222722222217,87.0967741935484,73.6418511066398,76.271186440678,76.1904761904762,74.2857142857143,74.6913580246914,0.687,0.7,0.548,0.834,1228.91,56792.915,19.46,4704.0,98.0,34.0,72.8,5.0,7.0
2022.0,55.9503105590062,87.0967741935484,117.6653439153439,110.480549199085,110.44448509237219,118.518518518519,126.923076923077,0.687,0.7,0.548,0.834,1228.91,56792.915,19.46,4704.0,98.0,34.0,72.8,5.0,7.0
2023.0,104.98348072307598,113.513513513514,150.6881313131313,156.38888897222222,132.142857142857,107.70655270655271,113.4063143817545,0.687,0.7,0.548,0.834,1228.91,56792.915,19.46,4704.0,98.0,34.0,72.8,5.0,7.0
2024.0,85.50685425685425,48.95833354166667,73.6418511066398,76.271186440678,76.1904761904762,53.125,49.355158896825394,0.687,0.7,0.548,0.834,1228.91,56792.915,19.46,4704.0,98.0,34.0,72.8,5.0,7.0
2020.0,114.53373015873015,113.513513513514,117.6653439153439,110.480549199085,121.38558201058203,107.70655270655271,113.4063143817545,0.65,0.692,0.4765,0.849,144.181,36271.065,19.46,4704.0,98.0,34.0,31.6,3.0,2.0
2021.0,125.0,100.0,95.51910361977174,99.00087270830306,98.8532110091743,118.518518518519,113.4063143817545,0.65,0.692,0.4765,0.849,144.181,36271.065,19.46,4704.0,98.0,34.0,31.6,3.0,2.0
2022.0,65.69850288600288,87.0967741935484,84.83330327080324,99.00087270830306,87.8787878787879,85.2941176470588,87.06016311118384,0.65,0.692,0.4765,0.849,144.181,36271.065,19.46,4704.0,98.0,34.0,31.6,3.0,2.0
2023.0,114.53373015873015,166.666666666667,184.857142857143,169.20093795093794,179.2857142857145,175.52778920425976,166.666666666667,0.65,0.692,0.4765,0.849,144.181,36271.065,19.46,4704.0,98.0,34.0,31.6,3.0,2.0
2024.0,125.0,126.9759485926655,106.52777786111112,133.5763890138889,110.44448509237219,131.21597458391912,126.923076923077,0.65,0.692,0.4765,0.849,144.181,36271.065,19.46,4704.0,98.0,34.0,31.6,3.0,2.0
2020.0,95.83333345833333,61.9047619047619,73.6418511066398,76.271186440678,76.1904761904762,53.125,61.77257512796453,0.706,0.692,0.591,0.834,144.181,36271.065,19.46,4704.0,98.0,34.0,35.4,1.0,1.0
2021.0,114.53373015873015,87.0967741935484,150.6881313131313,145.45454554545452,167.60912698412704,131.21597458391912,126.923076923077,0.706,0.692,0.591,0.834,144.181,36271.065,19.46,4704.0,98.0,34.0,35.4,1.0,1.0
2022.0,135.64380064380063,100.0,39.9399399399399,31.6455696202532,52.77777802777778,53.125,49.355158896825394,0.706,0.692,0.591,0.834,144.181,36271.065,19.46,4704.0,98.0,34.0,35.4,1.0,1.0
2023.0,104.98348072307598,126.9759485926655,150.6881313131313,133.5763890138889,144.54365083531744,118.518518518519,126.923076923077,0.706,0.692,0.591,0.834,144.181,36271.065,19.46,4704.0,98.0,34.0,35.4,1.0,1.0
2024.0,95.83333345833333,48.95833354166667,50.26348435761521,76.271186440678,52.77777802777778,53.125,49.355158896825394,0.706,0.692,0.591,0.834,144.181,36271.065,19.46,4704.0,98.0,34.0,35.4,1.0,1.0
2020.0,114.53373015873015,100.0,95.51910361977174,110.480549199085,98.8532110091743,96.50389086358356,100.0,0.763,0.761,0.6895,0.839,144.181,78182.4,145.6,4704.0,98.0,34.0,90.5,0.0,7.0
2021.0,35.1909184726522,126.9759485926655,73.6418511066398,76.271186440678,76.1904761904762,74.2857142857143,74.6913580246914,0.763,0.761,0.6895,0.839,144.181,78182.4,145.6,4704.0,98.0,34.0,90.5,0.0,7.0
2022.0,85.50685425685425,87.0967741935484,106.52777786111112,110.480549199085,121.38558201058203,118.518518518519,126.923076923077,0.763,0.761,0.6895,0.839,144.181,78182.4,145.6,4704.0,98.0,34.0,90.5,0.0,7.0
2023.0,135.64380064380063,100.0,84.83330327080324,99.00087270830306,87.8787878787879,96.50389086358356,100.0,0.763,0.761,0.6895,0.839,144.181,78182.4,145.6,4704.0,98.0,34.0,90.5,0.0,7.0
2024.0,95.83333345833333,113.513513513514,106.52777786111112,110.480549199085,110.44448509237219,107.70655270655271,113.4063143817545,0.763,0.761,0.6895,0.839,144.181,78182.4,145.6,4704.0,98.0,34.0,90.5,0.0,7.0
2020.0,104.98348072307598,113.513513513514,95.51910361977174,110.480549199085,98.8532110091743,107.70655270655271,113.4063143817545,0.743,0.743,0.676,0.834,144.181,56792.915,19.46,4704.0,98.0,34.0,86.6,0.0,2.0
2021.0,104.98348072307598,61.9047619047619,84.83330327080324,76.271186440678,76.1904761904762,74.2857142857143,74.6913580246914,0.743,0.743,0.676,0.834,144.181,56792.915,19.46,4704.0,98.0,34.0,86.6,0.0,2.0
2022.0,114.53373015873015,74.6815286624204,73.6418511066398,76.271186440678,76.1904761904762,74.2857142857143,74.6913580246914,0.743,0.743,0.676,0.834,144.181,56792.915,19.46,4704.0,98.0,34.0,86.6,0.0,2.0
2023.0,95.83333345833333,140.0,150.6881313131313,133.5763890138889,144.54365083531744,141.74107151190475,140.0,0.743,0.743,0.676,0.834,144.181,56792.915,19.46,4704.0,98.0,34.0,86.6,0.0,2.0
2024.0,85.50685425685425,100.0,106.52777786111112,87.1754878072813,98.8532110091743,96.50389086358356,100.0,0.743,0.743,0.676,0.834,144.181,56792.915,19.46,4704.0,98.0,34.0,86.6,0.0,2.0
2020.0,85.50685425685425,100.0,95.51910361977174,99.00087270830306,98.8532110091743,96.50389086358356,100.0,0.697,0.7,0.563,0.86,676.805,45625.31,19.46,4704.0,98.0,34.0,90.5,1.0,7.0
2021.0,95.83333345833333,100.0,95.51910361977174,99.00087270830306,98.8532110091743,85.2941176470588,87.06016311118384,0.697,0.7,0.563,0.86,676.805,45625.31,19.46,4704.0,98.0,34.0,90.5,1.0,7.0
2022.0,75.70932556349206,87.0967741935484,95.51910361977174,99.00087270830306,98.8532110091743,96.50389086358356,100.0,0.697,0.7,0.563,0.86,676.805,45625.31,19.46,4704.0,98.0,34.0,90.5,1.0,7.0
2023.0,104.98348072307598,87.0967741935484,95.51910361977174,99.00087270830306,98.8532110091743,96.50389086358356,87.06016311118384,0.697,0.7,0.563,0.86,676.805,45625.31,19.46,4704.0,98.0,34.0,90.5,1.0,7.0
2024.0,104.98348072307598,87.0967741935484,95.51910361977174,87.1754878072813,98.8532110091743,85.2941176470588,87.06016311118384,0.697,0.7,0.563,0.86,676.805,45625.31,19.46,4704.0,98.0,34.0,90.5,1.0,7.0
2020.0,75.70932556349206,100.0,84.83330327080324,76.271186440678,87.8787878787879,85.2941176470588,100.0,0.7244999999999999,0.751,0.576,0.881,405.034,36271.065,145.6,62543.0,98.0,428.5,83.1,1.0,8.0
2021.0,25.972222722222217,113.513513513514,117.6653439153439,133.5763890138889,121.38558201058203,131.21597458391912,126.923076923077,0.7244999999999999,0.751,0.576,0.881,405.034,36271.065,145.6,62543.0,98.0,428.5,83.1,1.0,8.0
2022.0,95.83333345833333,74.6815286624204,95.51910361977174,87.1754878072813,98.8532110091743,74.2857142857143,87.06016311118384,0.7244999999999999,0.751,0.576,0.881,405.034,36271.065,145.6,62543.0,98.0,428.5,83.1,1.0,8.0
2023.0,85.50685425685425,140.0,117.6653439153439,122.08333358333336,132.142857142857,141.74107151190475,140.0,0.7244999999999999,0.751,0.576,0.881,405.034,36271.065,145.6,62543.0,98.0,428.5,83.1,1.0,8.0
2024.0,104.98348072307598,154.36868691035355,140.824915824916,169.20093795093794,155.263157894737,154.78670634920644,154.72222230555556,0.7244999999999999,0.751,0.576,0.881,405.034,36271.065,145.6,62543.0,98.0,428.5,83.1,1.0,8.0
2020.0,95.83333345833333,87.0967741935484,95.51910361977174,76.271186440678,87.8787878787879,74.2857142857143,87.06016311118384,0.734,0.734,0.633,0.849,405.034,45625.31,19.46,4704.0,98.0,34.0,86.6,3.0,4.0
2021.0,114.53373015873015,140.0,62.5,53.6144578313253,65.15151533333334,53.125,61.77257512796453,0.734,0.734,0.633,0.849,405.034,45625.31,19.46,4704.0,98.0,34.0,86.6,3.0,4.0
2022.0,95.83333345833333,74.6815286624204,84.83330327080324,76.271186440678,87.8787878787879,74.2857142857143,74.6913580246914,0.734,0.734,0.633,0.849,405.034,45625.31,19.46,4704.0,98.0,34.0,86.6,3.0,4.0
2023.0,135.64380064380063,87.0967741935484,95.51910361977174,99.00087270830306,98.8532110091743,96.50389086358356,87.06016311118384,0.734,0.734,0.633,0.849,405.034,45625.31,19.46,4704.0,98.0,34.0,86.6,3.0,4.0
2024.0,85.50685425685425,100.0,95.51910361977174,99.00087270830306,98.8532110091743,96.50389086358356,100.0,0.734,0.734,0.633,0.849,405.034,45625.31,19.46,4704.0,98.0,34.0,86.6,3.0,4.0
2020.0,75.70932556349206,87.0967741935484,84.83330327080324,87.1754878072813,87.8787878787879,85.2941176470588,87.06016311118384,0.743,0.767,0.633,0.828,144.181,56792.915,19.46,4704.0,98.0,34.0,50.3,0.0,13.0
2021.0,65.69850288600288,100.0,95.51910361977174,99.00087270830306,98.8532110091743,107.70655270655271,100.0,0.743,0.767,0.633,0.828,144.181,56792.915,19.46,4704.0,98.0,34.0,50.3,0.0,13.0
2022.0,125.0,74.6815286624204,95.51910361977174,87.1754878072813,98.8532110091743,85.2941176470588,87.06016311118384,0.743,0.767,0.633,0.828,144.181,56792.915,19.46,4704.0,98.0,34.0,50.3,0.0,13.0
2023.0,85.50685425685425,140.0,129.16666675,145.45454554545452,144.54365083531744,131.21597458391912,140.0,0.743,0.767,0.633,0.828,144.181,56792.915,19.46,4704.0,98.0,34.0,50.3,0.0,13.0
2024.0,75.70932556349206,87.0967741935484,84.83330327080324,65.0,65.15151533333334,85.2941176470588,87.06016311118384,0.743,0.767,0.633,0.828,144.181,56792.915,19.46,4704.0,98.0,34.0,50.3,0.0,13.0
2020.0,35.1909184726522,74.6815286624204,73.6418511066398,76.271186440678,76.1904761904762,74.2857142857143,74.6913580246914,0.66,0.692,0.492,0.828,676.805,27276.97,19.46,4704.0,98.0,34.0,68.9,1.0,7.0
2021.0,85.50685425685425,100.0,106.52777786111112,122.08333358333336,110.44448509237219,107.70655270655271,113.4063143817545,0.66,0.692,0.492,0.828,676.805,27276.97,19.46,4704.0,98.0,34.0,68.9,1.0,7.0
2022.0,135.64380064380063,100.0,73.6418511066398,76.271186440678,76.1904761904762,74.2857142857143,74.6913580246914,0.66,0.692,0.492,0.828,676.805,27276.97,19.46,4704.0,98.0,34.0,68.9,1.0,7.0
2023.0,95.83333345833333,100.0,84.83330327080324,87.1754878072813,98.8532110091743,96.50389086358356,100.0,0.66,0.692,0.492,0.828,676.805,27276.97,19.46,4704.0,98.0,34.0,68.9,1.0,7.0
2024.0,95.83333345833333,113.513513513514,106.52777786111112,87.1754878072813,110.44448509237219,107.70655270655271,113.4063143817545,0.66,0.692,0.492,0.828,676.805,27276.97,19.46,4704.0,98.0,34.0,68.9,1.0,7.0
2020.0,95.83333345833333,48.95833354166667,39.9399399399399,31.6455696202532,41.66666704166666,41.277890466531446,49.355158896825394,0.706,0.7084999999999999,0.606,0.828,405.034,45625.31,19.46,4704.0,98.0,34.0,68.9,0.0,11.0
2021.0,104.98348072307598,126.9759485926655,19.848485193181816,16.66666725,20.000000416666666,19.3548387096774,140.0,0.706,0.7084999999999999,0.606,0.828,405.034,45625.31,19.46,4704.0,98.0,34.0,68.9,0.0,11.0
2022.0,95.83333345833333,87.0967741935484,73.6418511066398,76.271186440678,76.1904761904762,74.2857142857143,74.6913580246914,0.706,0.7084999999999999,0.606,0.828,405.034,45625.31,19.46,4704.0,98.0,34.0,68.9,0.0,11.0
2023.0,104.98348072307598,87.0967741935484,84.83330327080324,87.1754878072813,87.8787878787879,85.2941176470588,87.06016311118384,0.706,0.7084999999999999,0.606,0.828,405.034,45625.31,19.46,4704.0,98.0,34.0,68.9,0.0,11.0
2024.0,95.83333345833333,87.0967741935484,95.51910361977174,87.1754878072813,98.8532110091743,85.2941176470588,87.06016311118384,0.706,0.7084999999999999,0.606,0.828,405.034,45625.31,19.46,4704.0,98.0,34.0,68.9,0.0,11.0
2020.0,125.0,87.0967741935484,84.83330327080324,87.1754878072813,87.8787878787879,85.2941176470588,87.06016311118384,0.687,0.7,0.563,0.828,144.181,36271.065,19.46,4704.0,98.0,34.0,83.1,1.0,2.0
2021.0,75.70932556349206,100.0,95.51910361977174,110.480549199085,110.44448509237219,107.70655270655271,100.0,0.687,0.7,0.563,0.828,144.181,36271.065,19.46,4704.0,98.0,34.0,83.1,1.0,2.0
2022.0,46.1215513794482,87.0967741935484,84.83330327080324,76.271186440678,87.8787878787879,74.2857142857143,74.6913580246914,0.687,0.7,0.563,0.828,144.181,36271.065,19.46,4704.0,98.0,34.0,83.1,1.0,2.0
2023.0,125.0,100.0,106.52777786111112,122.08333358333336,110.44448509237219,107.70655270655271,100.0,0.687,0.7,0.563,0.828,144.181,36271.065,19.46,4704.0,98.0,34.0,83.1,1.0,2.0
2024.0,95.83333345833333,87.0967741935484,84.83330327080324,87.1754878072813,87.8787878787879,85.2941176470588,87.06016311118384,0.687,0.7,0.563,0.828,144.181,36271.065,19.46,4704.0,98.0,34.0,83.1,1.0,2.0
2020.0,75.70932556349206,100.0,106.52777786111112,110.480549199085,110.44448509237219,107.70655270655271,100.0,0.743,0.751,0.646,0.855,144.181,56792.915,145.6,4704.0,98.0,34.0,90.5,3.0,4.0
2021.0,114.53373015873015,74.6815286624204,95.51910361977174,87.1754878072813,98.8532110091743,96.50389086358356,100.0,0.743,0.751,0.646,0.855,144.181,56792.915,145.6,4704.0,98.0,428.5,90.5,3.0,4.0
2022.0,95.83333345833333,87.0967741935484,95.51910361977174,99.00087270830306,98.8532110091743,96.50389086358356,100.0,0.743,0.751,0.646,0.855,144.181,56792.915,145.6,4704.0,98.0,34.0,90.5,3.0,4.0
2023.0,125.0,154.36868691035355,129.16666675,156.38888897222222,121.38558201058203,154.78670634920644,154.72222230555556,0.743,0.751,0.646,0.855,144.181,56792.915,145.6,4704.0,98.0,34.0,90.5,3.0,4.0
2024.0,166.18882275132276,113.513513513514,117.6653439153439,99.00087270830306,121.38558201058203,107.70655270655271,113.4063143817545,0.743,0.751,0.646,0.855,144.181,56792.915,145.6,4704.0,98.0,34.0,90.5,3.0,4.0
2020.0,85.50685425685425,100.0,84.83330327080324,76.271186440678,87.8787878787879,85.2941176470588,100.0,0.743,0.7084999999999999,0.676,0.843,144.181,56792.915,19.46,4704.0,98.0,34.0,54.1,0.0,4.0
2021.0,95.83333345833333,100.0,117.6653439153439,145.45454554545452,144.54365083531744,131.21597458391912,126.923076923077,0.743,0.7084999999999999,0.676,0.843,144.181,56792.915,19.46,4704.0,98.0,34.0,54.1,0.0,4.0
2022.0,75.70932556349206,100.0,84.83330327080324,87.1754878072813,98.8532110091743,85.2941176470588,87.06016311118384,0.743,0.7084999999999999,0.676,0.843,144.181,56792.915,19.46,4704.0,98.0,34.0,54.1,0.0,4.0
2023.0,114.53373015873015,126.9759485926655,117.6653439153439,110.480549199085,110.44448509237219,118.518518518519,126.923076923077,0.743,0.7084999999999999,0.676,0.843,144.181,56792.915,19.46,4704.0,98.0,34.0,54.1,0.0,4.0
2024.0,95.83333345833333,262.46639784946234,239.27045177045153,261.29960317460313,236.66132486965785,263.75608038914487,262.46639784946234,0.743,0.7084999999999999,0.676,0.843,144.181,56792.915,19.46,4704.0,98.0,34.0,54.1,0.0,4.0
2020.0,95.83333345833333,100.0,84.83330327080324,87.1754878072813,87.8787878787879,85.2941176470588,100.0,0.687,0.7084999999999999,0.563,0.817,144.181,36271.065,19.46,4704.0,98.0,34.0,38.9,0.0,11.0
2021.0,75.70932556349206,154.36868691035355,95.51910361977174,99.00087270830306,98.8532110091743,96.50389086358356,100.0,0.687,0.7084999999999999,0.563,0.817,144.181,36271.065,19.46,4704.0,98.0,34.0,38.9,0.0,11.0
2022.0,75.70932556349206,74.6815286624204,95.51910361977174,99.00087270830306,98.8532110091743,96.50389086358356,87.06016311118384,0.687,0.7084999999999999,0.563,0.817,144.181,36271.065,19.46,4704.0,98.0,34.0,38.9,0.0,11.0
2023.0,104.98348072307598,87.0967741935484,95.51910361977174,99.00087270830306,98.8532110091743,85.2941176470588,87.06016311118384,0.687,0.7084999999999999,0.563,0.817,144.181,36271.065,19.46,4704.0,98.0,34.0,38.9,0.0,11.0
2024.0,104.98348072307598,100.0,95.51910361977174,99.00087270830306,98.8532110091743,96.50389086358356,100.0,0.687,0.7084999999999999,0.563,0.817,144.181,36271.065,19.46,4704.0,98.0,34.0,38.9,0.0,11.0
2020.0,95.83333345833333,100.0,106.52777786111112,87.1754878072813,98.8532110091743,96.50389086358356,100.0,0.687,0.682,0.563,0.822,144.181,36271.065,19.46,4704.0,98.0,34.0,31.6,5.0,7.0
2021.0,15.3846153846154,87.0967741935484,84.83330327080324,87.1754878072813,87.8787878787879,74.2857142857143,74.6913580246914,0.687,0.682,0.563,0.822,144.181,36271.065,19.46,4704.0,98.0,34.0,31.6,5.0,7.0
2022.0,35.1909184726522,87.0967741935484,84.83330327080324,87.1754878072813,87.8787878787879,85.2941176470588,87.06016311118384,0.687,0.682,0.563,0.822,144.181,36271.065,19.46,4704.0,98.0,34.0,31.6,5.0,7.0
2023.0,95.83333345833333,113.513513513514,106.52777786111112,133.5763890138889,121.38558201058203,107.70655270655271,113.4063143817545,0.687,0.682,0.563,0.822,144.181,36271.065,19.46,4704.0,98.0,34.0,31.6,5.0,7.0
2024.0,95.83333345833333,113.513513513514,106.52777786111112,110.480549199085,110.44448509237219,118.518518518519,113.4063143817545,0.687,0.682,0.563,0.822,144.181,36271.065,19.46,4704.0,98.0,34.0,31.6,5.0,7.0
2020.0,166.18882275132276,113.513513513514,95.51910361977174,99.00087270830306,98.8532110091743,107.70655270655271,113.4063143817545,0.763,0.751,0.6895,0.86,144.181,45625.31,243.59,4704.0,98.0,428.5,97.9,1.0,7.0
2021.0,145.2422175777439,74.6815286624204,106.52777786111112,110.480549199085,110.44448509237219,96.50389086358356,100.0,0.763,0.751,0.6895,0.86,144.181,45625.31,243.59,4704.0,98.0,428.5,97.9,1.0,7.0
2022.0,114.53373015873015,61.9047619047619,106.52777786111112,110.480549199085,110.44448509237219,107.70655270655271,100.0,0.763,0.751,0.6895,0.86,144.181,45625.31,243.59,4704.0,98.0,428.5,97.9,1.0,7.0
2023.0,85.50685425685425,100.0,95.51910361977174,87.1754878072813,98.8532110091743,96.50389086358356,100.0,0.763,0.751,0.6895,0.86,144.181,45625.31,243.59,4704.0,98.0,428.5,97.9,1.0,7.0
2024.0,95.83333345833333,100.0,106.52777786111112,76.271186440678,98.8532110091743,107.70655270655271,100.0,0.763,0.751,0.6895,0.86,144.181,45625.31,243.59,4704.0,98.0,428.5,97.9,1.0,7.0
2020.0,145.2422175777439,154.36868691035355,161.63690480357144,156.38888897222222,155.263157894737,154.78670634920644,154.72222230555556,0.715,0.725,0.606,0.843,144.181,27276.97,364.28,62543.0,98.0,428.5,97.9,1.0,7.0
2021.0,85.50685425685425,87.0967741935484,129.16666675,133.5763890138889,132.142857142857,154.78670634920644,154.72222230555556,0.715,0.725,0.606,0.843,144.181,27276.97,364.28,62543.0,98.0,428.5,97.9,1.0,7.0
2022.0,85.50685425685425,87.0967741935484,73.6418511066398,76.271186440678,76.1904761904762,74.2857142857143,74.6913580246914,0.715,0.725,0.606,0.843,144.181,27276.97,364.28,62543.0,98.0,428.5,97.9,1.0,7.0
2023.0,125.0,87.0967741935484,117.6653439153439,110.480549199085,110.44448509237219,96.50389086358356,87.06016311118384,0.715,0.725,0.606,0.843,144.181,27276.97,364.28,62543.0,98.0,428.5,97.9,1.0,7.0
2024.0,114.53373015873015,87.0967741935484,84.83330327080324,87.1754878072813,98.8532110091743,85.2941176470588,87.06016311118384,0.715,0.725,0.606,0.843,144.181,27276.97,364.28,62543.0,33.0,428.5,97.9,1.0,7.0
2020.0,25.972222722222217,193.333333333333,184.857142857143,180.8234127400794,192.5925925925926,185.714285714286,193.8074194324195,0.706,0.734,0.563,0.839,144.181,36271.065,19.46,4704.0,98.0,34.0,42.9,3.0,2.0
2021.0,135.64380064380063,74.6815286624204,84.83330327080324,87.1754878072813,87.8787878787879,85.2941176470588,87.06016311118384,0.706,0.734,0.563,0.839,144.181,36271.065,19.46,4704.0,98.0,34.0,42.9,3.0,2.0
2022.0,85.50685425685425,74.6815286624204,73.6418511066398,76.271186440678,76.1904761904762,85.2941176470588,87.06016311118384,0.706,0.734,0.563,0.839,144.181,36271.065,19.46,4704.0,98.0,34.0,42.9,3.0,2.0
2023.0,65.69850288600288,100.0,117.6653439153439,218.19444444444446,132.142857142857,107.70655270655271,100.0,0.706,0.734,0.563,0.839,144.181,36271.065,19.46,4704.0,98.0,34.0,42.9,3.0,2.0
2024.0,75.70932556349206,154.36868691035355,129.16666675,122.08333358333336,132.142857142857,154.78670634920644,154.72222230555556,0.706,0.734,0.563,0.839,144.181,36271.065,19.46,4704.0,98.0,34.0,42.9,3.0,2.0
2020.0,35.1909184726522,100.0,84.83330327080324,87.1754878072813,87.8787878787879,96.50389086358356,100.0,0.687,0.674,0.606,0.787,144.181,56792.915,19.46,4704.0,98.0,34.0,64.75,0.0,13.0
2021.0,95.83333345833333,100.0,95.51910361977174,87.1754878072813,98.8532110091743,85.2941176470588,87.06016311118384,0.687,0.674,0.606,0.787,144.181,56792.915,19.46,4704.0,98.0,34.0,64.75,0.0,13.0
2022.0,135.64380064380063,87.0967741935484,62.5,65.0,65.15151533333334,63.3333333333333,61.77257512796453,0.687,0.674,0.606,0.787,144.181,56792.915,19.46,4704.0,98.0,34.0,64.75,0.0,13.0
2023.0,85.50685425685425,87.0967741935484,95.51910361977174,99.00087270830306,98.8532110091743,96.50389086358356,87.06016311118384,0.687,0.674,0.606,0.787,144.181,56792.915,19.46,4704.0,98.0,34.0,64.75,0.0,13.0
2024.0,85.50685425685425,87.0967741935484,73.6418511066398,87.1754878072813,87.8787878787879,85.2941176470588,87.06016311118384,0.687,0.674,0.606,0.787,144.181,56792.915,19.46,4704.0,98.0,34.0,64.75,0.0,13.0
2020.0,95.83333345833333,87.0967741935484,73.6418511066398,53.6144578313253,65.15151533333334,63.3333333333333,87.06016311118384,0.734,0.717,0.633,0.8705,676.805,275341.31,19.46,4704.0,98.0,34.0,64.75,1.0,2.0
2021.0,85.50685425685425,100.0,140.824915824916,133.5763890138889,132.142857142857,131.21597458391912,126.923076923077,0.734,0.717,0.633,0.8705,676.805,275341.31,19.46,4704.0,98.0,34.0,64.75,1.0,2.0
2022.0,85.50685425685425,113.513513513514,117.6653439153439,122.08333358333336,110.44448509237219,131.21597458391912,126.923076923077,0.734,0.717,0.633,0.8705,676.805,275341.31,19.46,4704.0,98.0,34.0,64.75,1.0,2.0
2023.0,114.53373015873015,113.513513513514,106.52777786111112,122.08333358333336,110.44448509237219,118.518518518519,113.4063143817545,0.734,0.717,0.633,0.8705,676.805,275341.31,19.46,4704.0,98.0,34.0,64.75,1.0,2.0
2024.0,85.50685425685425,74.6815286624204,73.6418511066398,65.0,65.15151533333334,63.3333333333333,74.6913580246914,0.734,0.717,0.633,0.8705,676.805,275341.31,19.46,4704.0,98.0,34.0,64.75,1.0,2.0
2020.0,104.98348072307598,87.0967741935484,95.51910361977174,76.271186440678,98.8532110091743,96.50389086358356,87.06016311118384,0.791,0.843,0.6895,0.849,144.181,45625.31,19.46,4704.0,98.0,34.0,46.7,0.0,2.0
2021.0,95.83333345833333,179.27158489658487,62.5,76.271186440678,65.15151533333334,85.2941176470588,74.6913580246914,0.791,0.843,0.6895,0.849,144.181,45625.31,19.46,4704.0,98.0,34.0,46.7,0.0,2.0
2022.0,114.53373015873015,100.0,50.26348435761521,53.6144578313253,52.77777802777778,53.125,61.77257512796453,0.791,0.843,0.6895,0.849,144.181,45625.31,19.46,4704.0,98.0,34.0,46.7,0.0,2.0
2023.0,65.69850288600288,61.9047619047619,28.1105856250365,65.0,20.000000416666666,63.3333333333333,61.77257512796453,0.791,0.843,0.6895,0.849,144.181,45625.31,19.46,4704.0,98.0,34.0,46.7,0.0,2.0
2024.0,95.83333345833333,100.0,95.51910361977174,76.271186440678,98.8532110091743,96.50389086358356,100.0,0.791,0.843,0.6895,0.849,144.181,45625.31,19.46,4704.0,98.0,34.0,46.7,0.0,2.0
2020.0,85.50685425685425,87.0967741935484,84.83330327080324,87.1754878072813,87.8787878787879,85.2941176470588,87.06016311118384,0.715,0.725,0.606,0.849,144.181,36271.065,19.46,4704.0,98.0,34.0,75.7,1.0,7.0
2021.0,25.972222722222217,100.0,84.83330327080324,76.271186440678,87.8787878787879,85.2941176470588,87.06016311118384,0.715,0.725,0.606,0.849,144.181,36271.065,19.46,4704.0,98.0,34.0,75.7,1.0,7.0
2022.0,15.3846153846154,87.0967741935484,84.83330327080324,87.1754878072813,87.8787878787879,74.2857142857143,87.06016311118384,0.715,0.725,0.606,0.849,144.181,36271.065,19.46,4704.0,98.0,34.0,75.7,1.0,7.0
2023.0,95.83333345833333,87.0967741935484,95.51910361977174,99.00087270830306,98.8532110091743,85.2941176470588,87.06016311118384,0.715,0.725,0.606,0.849,144.181,36271.065,19.46,4704.0,98.0,34.0,75.7,1.0,7.0
2024.0,95.83333345833333,87.0967741935484,95.51910361977174,87.1754878072813,87.8787878787879,96.50389086358356,87.06016311118384,0.715,0.725,0.606,0.849,144.181,36271.065,19.46,4704.0,98.0,34.0,75.7,1.0,7.0
2020.0,55.9503105590062,74.6815286624204,73.6418511066398,76.271186440678,76.1904761904762,74.2857142857143,74.6913580246914,0.706,0.743,0.591,0.828,144.181,45625.31,145.6,4704.0,98.0,34.0,86.6,1.0,11.0
2021.0,55.9503105590062,87.0967741935484,84.83330327080324,87.1754878072813,87.8787878787879,74.2857142857143,74.6913580246914,0.706,0.743,0.591,0.828,144.181,45625.31,145.6,4704.0,98.0,34.0,86.6,1.0,11.0
2022.0,85.50685425685425,100.0,73.6418511066398,76.271186440678,87.8787878787879,74.2857142857143,74.6913580246914,0.706,0.743,0.591,0.828,144.181,45625.31,145.6,4704.0,98.0,34.0,86.6,1.0,11.0
2023.0,125.0,87.0967741935484,84.83330327080324,87.1754878072813,87.8787878787879,85.2941176470588,87.06016311118384,0.706,0.743,0.591,0.828,144.181,45625.31,145.6,4704.0,98.0,34.0,86.6,1.0,11.0
2024.0,114.53373015873015,100.0,95.51910361977174,99.00087270830306,98.8532110091743,96.50389086358356,100.0,0.706,0.743,0.591,0.828,144.181,45625.31,145.6,4704.0,98.0,34.0,86.6,1.0,11.0
2020.0,268.3333333333335,74.6815286624204,50.26348435761521,76.271186440678,65.15151533333334,74.2857142857143,74.6913580246914,0.763,0.761,0.6895,0.834,405.034,56792.915,19.46,4704.0,98.0,34.0,83.1,2.0,7.0
2021.0,95.83333345833333,61.9047619047619,150.6881313131313,169.20093795093794,167.60912698412704,175.52778920425976,179.87103174603178,0.763,0.761,0.6895,0.834,405.034,56792.915,19.46,4704.0,98.0,34.0,83.1,2.0,7.0
2022.0,65.69850288600288,87.0967741935484,95.51910361977174,99.00087270830306,98.8532110091743,96.50389086358356,100.0,0.763,0.761,0.6895,0.834,405.034,56792.915,19.46,4704.0,98.0,34.0,83.1,2.0,7.0
2023.0,75.70932556349206,61.9047619047619,95.51910361977174,53.6144578313253,98.8532110091743,53.125,61.77257512796453,0.763,0.761,0.6895,0.834,405.034,56792.915,19.46,4704.0,98.0,34.0,83.1,2.0,7.0
2024.0,75.70932556349206,113.513513513514,117.6653439153439,87.1754878072813,121.38558201058203,107.70655270655271,113.4063143817545,0.763,0.761,0.6895,0.834,405.034,56792.915,19.46,4704.0,98.0,34.0,83.1,2.0,7.0
2020.0,55.9503105590062,340.0,300.0,320.0,300.0,330.0,340.0,0.66,0.658,0.534,0.813,144.181,27276.97,19.46,4704.0,98.0,34.0,16.4,1.0,7.0
2021.0,95.83333345833333,87.0967741935484,106.52777786111112,110.480549199085,110.44448509237219,107.70655270655271,100.0,0.66,0.658,0.534,0.813,144.181,27276.97,19.46,4704.0,98.0,34.0,16.4,1.0,7.0
2022.0,46.1215513794482,61.9047619047619,84.83330327080324,99.00087270830306,87.8787878787879,85.2941176470588,87.06016311118384,0.66,0.658,0.534,0.813,144.181,27276.97,19.46,4704.0,98.0,34.0,16.4,1.0,7.0
2023.0,85.50685425685425,61.9047619047619,50.26348435761521,76.271186440678,52.77777802777778,63.3333333333333,61.77257512796453,0.66,0.658,0.534,0.813,144.181,27276.97,19.46,4704.0,98.0,34.0,16.4,1.0,7.0
2024.0,104.98348072307598,48.95833354166667,50.26348435761521,65.0,52.77777802777778,41.277890466531446,32.91666683333333,0.66,0.658,0.534,0.813,144.181,27276.97,19.46,4704.0,98.0,34.0,16.4,1.0,7.0
2020.0,95.83333345833333,113.513513513514,117.6653439153439,110.480549199085,121.38558201058203,96.50389086358356,113.4063143817545,0.706,0.751,0.563,0.834,144.181,36271.065,19.46,4704.0,98.0,34.0,57.45,0.0,2.0
2021.0,135.64380064380063,126.9759485926655,95.51910361977174,87.1754878072813,98.8532110091743,85.2941176470588,87.06016311118384,0.706,0.751,0.563,0.834,144.181,36271.065,19.46,4704.0,98.0,34.0,57.45,0.0,2.0
2022.0,95.83333345833333,126.9759485926655,95.51910361977174,99.00087270830306,98.8532110091743,107.70655270655271,100.0,0.706,0.751,0.563,0.834,144.181,36271.065,19.46,4704.0,98.0,34.0,57.45,0.0,2.0
2023.0,104.98348072307598,113.513513513514,106.52777786111112,145.45454554545452,110.44448509237219,118.518518518519,113.4063143817545,0.706,0.751,0.563,0.834,144.181,36271.065,19.46,4704.0,98.0,34.0,57.45,0.0,2.0
2024.0,104.98348072307598,113.513513513514,117.6653439153439,122.08333358333336,121.38558201058203,118.518518518519,113.4063143817545,0.706,0.751,0.563,0.834,144.181,36271.065,19.46,4704.0,98.0,34.0,57.45,0.0,2.0
2020.0,85.50685425685425,113.513513513514,106.52777786111112,99.00087270830306,98.8532110091743,107.70655270655271,113.4063143817545,0.772,0.743,0.705,0.86,144.181,45625.31,19.46,4704.0,98.0,34.0,83.1,0.0,11.0
2021.0,95.83333345833333,113.513513513514,50.26348435761521,53.6144578313253,52.77777802777778,63.3333333333333,61.77257512796453,0.772,0.743,0.705,0.86,144.181,45625.31,19.46,4704.0,98.0,34.0,83.1,0.0,11.0
2022.0,95.83333345833333,100.0,84.83330327080324,87.1754878072813,87.8787878787879,85.2941176470588,87.06016311118384,0.772,0.743,0.705,0.86,144.181,45625.31,19.46,4704.0,98.0,34.0,83.1,0.0,11.0
2023.0,85.50685425685425,113.513513513514,117.6653439153439,133.5763890138889,121.38558201058203,118.518518518519,113.4063143817545,0.772,0.743,0.705,0.86,144.181,45625.31,19.46,4704.0,98.0,34.0,83.1,0.0,11.0
2024.0,85.50685425685425,87.0967741935484,95.51910361977174,87.1754878072813,98.8532110091743,96.50389086358356,87.06016311118384,0.772,0.743,0.705,0.86,144.181,45625.31,19.46,4704.0,98.0,34.0,83.1,0.0,11.0
2020.0,85.50685425685425,61.9047619047619,84.83330327080324,76.271186440678,87.8787878787879,63.3333333333333,61.77257512796453,0.743,0.751,0.676,0.817,144.181,45625.31,19.46,4704.0,98.0,34.0,75.7,2.0,4.0
2021.0,85.50685425685425,74.6815286624204,106.52777786111112,110.480549199085,110.44448509237219,118.518518518519,113.4063143817545,0.743,0.751,0.676,0.817,144.181,45625.31,19.46,4704.0,98.0,34.0,75.7,2.0,4.0
2022.0,75.70932556349206,74.6815286624204,95.51910361977174,87.1754878072813,98.8532110091743,96.50389086358356,100.0,0.743,0.751,0.676,0.817,144.181,45625.31,19.46,4704.0,98.0,34.0,75.7,2.0,4.0
2023.0,95.83333345833333,100.0,117.6653439153439,122.08333358333336,121.38558201058203,96.50389086358356,100.0,0.743,0.751,0.676,0.817,144.181,45625.31,19.46,4704.0,98.0,34.0,75.7,2.0,4.0
2024.0,104.98348072307598,126.9759485926655,117.6653439153439,99.00087270830306,132.142857142857,131.21597458391912,126.923076923077,0.743,0.751,0.676,0.817,144.181,45625.31,19.46,4704.0,98.0,34.0,75.7,2.0,4.0
2020.0,85.50685425685425,113.513513513514,106.52777786111112,99.00087270830306,110.44448509237219,107.70655270655271,113.4063143817545,0.66,0.658,0.534,0.7955000000000001,144.181,27276.97,19.46,4704.0,98.0,34.0,35.4,0.0,15.0
2021.0,95.83333345833333,113.513513513514,106.52777786111112,99.00087270830306,110.44448509237219,96.50389086358356,100.0,0.66,0.658,0.534,0.7955000000000001,144.181,27276.97,19.46,4704.0,98.0,34.0,35.4,0.0,15.0
2022.0,85.50685425685425,74.6815286624204,95.51910361977174,87.1754878072813,98.8532110091743,96.50389086358356,87.06016311118384,0.66,0.658,0.534,0.7955000000000001,144.181,27276.97,19.46,4704.0,98.0,34.0,35.4,0.0,15.0
2023.0,125.0,100.0,95.51910361977174,87.1754878072813,98.8532110091743,96.50389086358356,100.0,0.66,0.658,0.534,0.7955000000000001,144.181,27276.97,19.46,4704.0,98.0,34.0,35.4,0.0,15.0
2024.0,114.53373015873015,126.9759485926655,106.52777786111112,122.08333358333336,110.44448509237219,131.21597458391912,126.923076923077,0.66,0.658,0.534,0.7955000000000001,144.181,27276.97,19.46,4704.0,98.0,34.0,35.4,0.0,15.0
2020.0,85.50685425685425,113.513513513514,117.6653439153439,110.480549199085,110.44448509237219,107.70655270655271,113.4063143817545,0.697,0.692,0.591,0.817,144.181,56792.915,19.46,4704.0,98.0,34.0,38.9,0.0,7.0
2021.0,2.63157894736842,100.0,106.52777786111112,99.00087270830306,110.44448509237219,107.70655270655271,100.0,0.697,0.692,0.591,0.817,144.181,56792.915,19.46,4704.0,98.0,34.0,38.9,0.0,7.0
2022.0,55.9503105590062,74.6815286624204,117.6653439153439,110.480549199085,121.38558201058203,107.70655270655271,113.4063143817545,0.697,0.692,0.591,0.817,144.181,56792.915,19.46,4704.0,98.0,34.0,38.9,0.0,7.0
2023.0,104.98348072307598,126.9759485926655,129.16666675,156.38888897222222,132.142857142857,131.21597458391912,126.923076923077,0.697,0.692,0.591,0.817,144.181,56792.915,19.46,4704.0,98.0,34.0,38.9,0.0,7.0
2024.0,95.83333345833333,113.513513513514,117.6653439153439,110.480549199085,121.38558201058203,107.70655270655271,113.4063143817545,0.697,0.692,0.591,0.817,144.181,56792.915,19.46,4704.0,98.0,34.0,38.9,0.0,7.0
2020.0,135.64380064380063,100.0,95.51910361977174,99.00087270830306,98.8532110091743,96.50389086358356,100.0,0.706,0.717,0.591,0.828,2253.234,68227.53,19.46,4704.0,98.0,34.0,83.1,5.0,7.0
2021.0,85.50685425685425,22.916666833333323,84.83330327080324,76.271186440678,87.8787878787879,74.2857142857143,74.6913580246914,0.706,0.717,0.591,0.828,2253.234,68227.53,19.46,4704.0,98.0,34.0,83.1,5.0,7.0
2022.0,85.50685425685425,100.0,84.83330327080324,87.1754878072813,98.8532110091743,85.2941176470588,74.6913580246914,0.706,0.717,0.591,0.828,2253.234,68227.53,19.46,4704.0,98.0,34.0,83.1,5.0,7.0
2023.0,104.98348072307598,100.0,106.52777786111112,99.00087270830306,110.44448509237219,107.70655270655271,100.0,0.706,0.717,0.591,0.828,2253.234,68227.53,19.46,4704.0,98.0,34.0,83.1,5.0,7.0
2024.0,125.0,100.0,95.51910361977174,99.00087270830306,98.8532110091743,96.50389086358356,100.0,0.706,0.717,0.591,0.828,2253.234,68227.53,19.46,4704.0,98.0,34.0,83.1,5.0,7.0
2020.0,114.53373015873015,100.0,117.6653439153439,110.480549199085,121.38558201058203,107.70655270655271,100.0,0.715,0.743,0.591,0.834,144.181,120968.485,19.46,4704.0,98.0,34.0,72.8,1.0,15.0
2021.0,65.69850288600288,74.6815286624204,106.52777786111112,99.00087270830306,110.44448509237219,107.70655270655271,113.4063143817545,0.715,0.743,0.591,0.834,144.181,120968.485,19.46,4704.0,98.0,34.0,72.8,1.0,15.0
2022.0,125.0,74.6815286624204,84.83330327080324,87.1754878072813,87.8787878787879,74.2857142857143,74.6913580246914,0.715,0.743,0.591,0.834,144.181,120968.485,19.46,4704.0,98.0,34.0,72.8,1.0,15.0
2023.0,114.53373015873015,126.9759485926655,140.824915824916,110.480549199085,132.142857142857,118.518518518519,126.923076923077,0.715,0.743,0.591,0.834,144.181,120968.485,19.46,4704.0,98.0,34.0,72.8,1.0,15.0
2024.0,104.98348072307598,100.0,117.6653439153439,122.08333358333336,121.38558201058203,107.70655270655271,100.0,0.715,0.743,0.591,0.834,144.181,120968.485,19.46,4704.0,98.0,34.0,72.8,1.0,15.0
2020.0,114.53373015873015,113.513513513514,106.52777786111112,110.480549199085,110.44448509237219,107.70655270655271,113.4063143817545,0.7244999999999999,0.734,0.633,0.834,405.034,45625.31,19.46,4704.0,98.0,34.0,68.9,2.0,4.0
2021.0,125.0,61.9047619047619,95.51910361977174,99.00087270830306,98.8532110091743,96.50389086358356,100.0,0.7244999999999999,0.734,0.633,0.834,405.034,45625.31,19.46,4704.0,98.0,34.0,68.9,2.0,4.0
2022.0,104.98348072307598,100.0,84.83330327080324,76.271186440678,87.8787878787879,74.2857142857143,74.6913580246914,0.7244999999999999,0.734,0.633,0.834,405.034,45625.31,19.46,4704.0,98.0,34.0,68.9,2.0,4.0
2023.0,65.69850288600288,126.9759485926655,129.16666675,122.08333358333336,132.142857142857,131.21597458391912,126.923076923077,0.7244999999999999,0.734,0.633,0.834,405.034,45625.31,19.46,4704.0,98.0,34.0,68.9,2.0,4.0
2024.0,25.972222722222217,154.36868691035355,129.16666675,133.5763890138889,144.54365083531744,154.78670634920644,154.72222230555556,0.7244999999999999,0.734,0.633,0.834,405.034,45625.31,19.46,4704.0,98.0,34.0,68.9,2.0,4.0
2020.0,135.64380064380063,48.95833354166667,95.51910361977174,65.0,76.1904761904762,53.125,49.355158896825394,0.631,0.682,0.446,0.813,144.181,45625.31,19.46,4704.0,98.0,34.0,46.7,6.0,7.0
2021.0,65.69850288600288,113.513513513514,8.333333875,16.66666725,7.91666725,19.3548387096774,22.916666833333323,0.631,0.682,0.446,0.813,144.181,45625.31,19.46,4704.0,98.0,34.0,46.7,6.0,7.0
2022.0,114.53373015873015,87.0967741935484,62.5,65.0,65.15151533333334,96.50389086358356,100.0,0.631,0.682,0.446,0.813,144.181,45625.31,19.46,4704.0,98.0,34.0,46.7,6.0,7.0
2023.0,95.83333345833333,48.95833354166667,39.9399399399399,31.6455696202532,41.66666704166666,53.125,49.355158896825394,0.631,0.682,0.446,0.813,144.181,45625.31,19.46,4704.0,98.0,34.0,46.7,6.0,7.0
2024.0,104.98348072307598,48.95833354166667,8.333333875,31.6455696202532,7.91666725,41.277890466531446,49.355158896825394,0.631,0.682,0.446,0.813,144.181,45625.31,19.46,4704.0,98.0,34.0,46.7,6.0,7.0
2020.0,114.53373015873015,87.0967741935484,95.51910361977174,87.1754878072813,98.8532110091743,96.50389086358356,87.06016311118384,0.697,0.692,0.62,0.807,144.181,36271.065,19.46,4704.0,98.0,34.0,27.3,2.0,4.0
2021.0,135.64380064380063,113.513513513514,73.6418511066398,76.271186440678,76.1904761904762,74.2857142857143,74.6913580246914,0.697,0.692,0.62,0.807,144.181,36271.065,19.46,4704.0,98.0,34.0,27.3,2.0,4.0
2022.0,125.0,126.9759485926655,84.83330327080324,76.271186440678,87.8787878787879,74.2857142857143,74.6913580246914,0.697,0.692,0.62,0.807,144.181,36271.065,19.46,4704.0,98.0,34.0,27.3,2.0,4.0
2023.0,95.83333345833333,87.0967741935484,84.83330327080324,110.480549199085,87.8787878787879,85.2941176470588,87.06016311118384,0.697,0.692,0.62,0.807,144.181,36271.065,19.46,4704.0,98.0,34.0,27.3,2.0,4.0
2024.0,125.0,100.0,106.52777786111112,99.00087270830306,110.44448509237219,96.50389086358356,100.0,0.697,0.692,0.62,0.807,144.181,36271.065,19.46,4704.0,98.0,34.0,27.3,2.0,4.0
2020.0,2.63157894736842,113.513513513514,95.51910361977174,110.480549199085,98.8532110091743,118.518518518519,113.4063143817545,0.65,0.626,0.548,0.807,676.805,36271.065,19.46,4704.0,98.0,34.0,42.9,5.0,7.0
2021.0,75.70932556349206,100.0,106.52777786111112,122.08333358333336,121.38558201058203,118.518518518519,113.4063143817545,0.65,0.626,0.548,0.807,676.805,36271.065,19.46,4704.0,98.0,34.0,42.9,5.0,7.0
2022.0,135.64380064380063,74.6815286624204,95.51910361977174,99.00087270830306,98.8532110091743,96.50389086358356,87.06016311118384,0.65,0.626,0.548,0.807,676.805,36271.065,19.46,4704.0,98.0,34.0,42.9,5.0,7.0
2023.0,85.50685425685425,126.9759485926655,117.6653439153439,110.480549199085,110.44448509237219,118.518518518519,126.923076923077,0.65,0.626,0.548,0.807,676.805,36271.065,19.46,4704.0,98.0,34.0,42.9,5.0,7.0
2024.0,65.69850288600288,140.0,161.63690480357144,156.38888897222222,179.2857142857145,154.78670634920644,154.72222230555556,0.65,0.626,0.548,0.807,676.805,36271.065,19.46,4704.0,98.0,34.0,42.9,5.0,7.0
2020.0,95.83333345833333,154.36868691035355,150.6881313131313,145.45454554545452,155.263157894737,154.78670634920644,154.72222230555556,0.734,0.785,0.591,0.849,144.181,56792.915,19.46,4704.0,98.0,34.0,27.3,4.0,9.0
2021.0,125.0,140.0,73.6418511066398,76.271186440678,76.1904761904762,63.3333333333333,61.77257512796453,0.734,0.785,0.591,0.849,144.181,56792.915,19.46,4704.0,98.0,34.0,27.3,4.0,9.0
2022.0,15.3846153846154,140.0,106.52777786111112,99.00087270830306,110.44448509237219,96.50389086358356,100.0,0.734,0.785,0.591,0.849,144.181,56792.915,19.46,4704.0,98.0,34.0,27.3,4.0,9.0
2023.0,104.98348072307598,113.513513513514,95.51910361977174,87.1754878072813,98.8532110091743,107.70655270655271,113.4063143817545,0.734,0.785,0.591,0.849,144.181,56792.915,19.46,4704.0,98.0,34.0,27.3,4.0,9.0
2024.0,114.53373015873015,140.0,106.52777786111112,133.5763890138889,110.44448509237219,131.21597458391912,140.0,0.734,0.785,0.591,0.849,144.181,56792.915,19.46,4704.0,98.0,34.0,27.3,4.0,9.0
2020.0,85.50685425685425,100.0,84.83330327080324,87.1754878072813,87.8787878787879,85.2941176470588,100.0,0.743,0.725,0.662,0.86,5702.098,36271.065,19.46,111457.5,33.0,1173.0,94.4,5.0,7.0
2021.0,85.50685425685425,87.0967741935484,106.52777786111112,110.480549199085,110.44448509237219,107.70655270655271,113.4063143817545,0.743,0.725,0.662,0.86,5702.098,36271.065,19.46,111457.5,33.0,937.0,94.4,5.0,7.0
2022.0,95.83333345833333,166.666666666667,140.824915824916,145.45454554545452,144.54365083531744,131.21597458391912,126.923076923077,0.743,0.725,0.662,0.86,5702.098,36271.065,19.46,111457.5,55.0,937.0,94.4,5.0,7.0
2023.0,85.50685425685425,113.513513513514,129.16666675,133.5763890138889,132.142857142857,107.70655270655271,113.4063143817545,0.743,0.725,0.662,0.86,5702.098,36271.065,19.46,111457.5,55.0,937.0,94.4,5.0,7.0
2024.0,75.70932556349206,126.9759485926655,129.16666675,133.5763890138889,121.38558201058203,131.21597458391912,126.923076923077,0.743,0.725,0.662,0.86,5702.098,36271.065,19.46,111457.5,55.0,937.0,94.4,5.0,7.0
2020.0,275.0,87.0967741935484,106.52777786111112,122.08333358333336,98.8532110091743,85.2941176470588,87.06016311118384,0.7244999999999999,0.743,0.606,0.839,2045.1845,56792.915,19.46,62543.0,98.0,651.0,94.4,4.0,11.0
2021.0,85.50685425685425,74.6815286624204,117.6653439153439,133.5763890138889,110.44448509237219,131.21597458391912,140.0,0.7244999999999999,0.743,0.606,0.839,2045.1845,56792.915,19.46,62543.0,98.0,651.0,94.4,4.0,11.0
2022.0,75.70932556349206,74.6815286624204,172.91666670833334,156.38888897222222,167.60912698412704,141.74107151190475,140.0,0.7244999999999999,0.743,0.606,0.839,2045.1845,56792.915,19.46,62543.0,98.0,428.5,94.4,4.0,11.0
2023.0,65.69850288600288,87.0967741935484,84.83330327080324,145.45454554545452,87.8787878787879,96.50389086358356,87.06016311118384,0.7244999999999999,0.743,0.606,0.839,2045.1845,56792.915,19.46,62543.0,98.0,428.5,94.4,4.0,11.0
2024.0,35.1909184726522,87.0967741935484,62.5,41.666667,65.15151533333334,85.2941176470588,87.06016311118384,0.7244999999999999,0.743,0.606,0.839,2045.1845,56792.915,19.46,62543.0,98.0,428.5,94.4,4.0,11.0
2020.0,95.83333345833333,113.513513513514,106.52777786111112,110.480549199085,110.44448509237219,131.21597458391912,113.4063143817545,0.621,0.682,0.438,0.813,405.034,36271.065,19.46,4704.0,98.0,428.5,60.75,3.0,7.0
2021.0,114.53373015873015,140.0,84.83330327080324,65.0,87.8787878787879,96.50389086358356,87.06016311118384,0.621,0.682,0.438,0.813,405.034,36271.065,19.46,4704.0,98.0,428.5,60.75,3.0,7.0
2022.0,85.50685425685425,100.0,184.857142857143,190.6240981240981,179.2857142857145,175.52778920425976,166.666666666667,0.621,0.682,0.438,0.813,405.034,36271.065,19.46,4704.0,98.0,428.5,60.75,3.0,7.0
2023.0,55.9503105590062,100.0,106.52777786111112,99.00087270830306,98.8532110091743,96.50389086358356,100.0,0.621,0.682,0.438,0.813,405.034,36271.065,19.46,4704.0,98.0,428.5,60.75,3.0,7.0
2024.0,95.83333345833333,74.6815286624204,84.83330327080324,65.0,87.8787878787879,74.2857142857143,74.6913580246914,0.621,0.682,0.438,0.813,405.034,36271.065,19.46,4704.0,98.0,428.5,60.75,3.0,7.0
2020.0,104.98348072307598,74.6815286624204,84.83330327080324,87.1754878072813,87.8787878787879,85.2941176470588,74.6913580246914,0.734,0.743,0.633,0.849,144.181,45625.31,145.6,4704.0,98.0,34.0,90.5,4.0,7.0
2021.0,85.50685425685425,87.0967741935484,73.6418511066398,76.271186440678,76.1904761904762,74.2857142857143,74.6913580246914,0.734,0.743,0.633,0.849,144.181,45625.31,145.6,4704.0,98.0,34.0,90.5,4.0,7.0
2022.0,85.50685425685425,113.513513513514,73.6418511066398,76.271186440678,76.1904761904762,74.2857142857143,74.6913580246914,0.734,0.743,0.633,0.849,144.181,45625.31,145.6,4704.0,98.0,34.0,90.5,4.0,7.0
2023.0,104.98348072307598,74.6815286624204,73.6418511066398,65.0,76.1904761904762,74.2857142857143,74.6913580246914,0.734,0.743,0.633,0.849,144.181,45625.31,145.6,4704.0,98.0,34.0,90.5,4.0,7.0
2024.0,95.83333345833333,100.0,95.51910361977174,87.1754878072813,98.8532110091743,96.50389086358356,100.0,0.734,0.743,0.633,0.849,144.181,45625.31,145.6,4704.0,98.0,34.0,90.5,4.0,7.0
2020.0,85.50685425685425,220.86956521739148,251.5029761904762,180.8234127400794,250.0,197.5049603174603,220.86956521739148,0.65,0.666,0.492,0.817,405.034,45625.31,19.46,4704.0,98.0,34.0,31.6,3.0,2.0
2021.0,125.0,87.0967741935484,117.6653439153439,99.00087270830306,110.44448509237219,85.2941176470588,100.0,0.65,0.666,0.492,0.817,405.034,45625.31,19.46,4704.0,98.0,34.0,31.6,3.0,2.0
2022.0,75.70932556349206,74.6815286624204,50.26348435761521,76.271186440678,52.77777802777778,74.2857142857143,74.6913580246914,0.65,0.666,0.492,0.817,405.034,45625.31,19.46,4704.0,98.0,34.0,31.6,3.0,2.0
2023.0,85.50685425685425,140.0,28.1105856250365,53.6144578313253,29.166667208333333,19.3548387096774,140.0,0.65,0.666,0.492,0.817,405.034,45625.31,19.46,4704.0,98.0,34.0,31.6,3.0,2.0
2024.0,104.98348072307598,48.95833354166667,28.1105856250365,53.6144578313253,29.166667208333333,41.277890466531446,49.355158896825394,0.65,0.666,0.492,0.817,405.034,45625.31,19.46,4704.0,98.0,34.0,31.6,3.0,2.0
2020.0,75.70932556349206,87.0967741935484,84.83330327080324,87.1754878072813,87.8787878787879,85.2941176470588,87.06016311118384,0.753,0.734,0.705,0.834,144.181,36271.065,19.46,4704.0,98.0,34.0,64.75,0.0,4.0
2021.0,95.83333345833333,100.0,84.83330327080324,87.1754878072813,87.8787878787879,74.2857142857143,87.06016311118384,0.753,0.734,0.705,0.834,144.181,36271.065,19.46,4704.0,98.0,34.0,64.75,0.0,4.0
2022.0,55.9503105590062,87.0967741935484,73.6418511066398,76.271186440678,87.8787878787879,74.2857142857143,74.6913580246914,0.753,0.734,0.705,0.834,144.181,36271.065,19.46,4704.0,98.0,34.0,64.75,0.0,4.0
2023.0,125.0,100.0,95.51910361977174,110.480549199085,98.8532110091743,96.50389086358356,100.0,0.753,0.734,0.705,0.834,144.181,36271.065,19.46,4704.0,98.0,34.0,64.75,0.0,4.0
2024.0,114.53373015873015,100.0,95.51910361977174,99.00087270830306,98.8532110091743,96.50389086358356,100.0,0.753,0.734,0.705,0.834,144.181,36271.065,19.46,4704.0,98.0,34.0,64.75,0.0,4.0
2020.0,104.98348072307598,87.0967741935484,73.6418511066398,87.1754878072813,65.15151533333334,85.2941176470588,87.06016311118384,0.715,0.734,0.606,0.817,676.805,68227.53,19.46,62543.0,98.0,428.5,68.9,3.0,4.0
2021.0,65.69850288600288,140.0,117.6653439153439,122.08333358333336,144.54365083531744,131.21597458391912,140.0,0.715,0.734,0.606,0.817,676.805,68227.53,19.46,62543.0,33.0,428.5,68.9,3.0,4.0
2022.0,85.50685425685425,48.95833354166667,106.52777786111112,110.480549199085,110.44448509237219,107.70655270655271,100.0,0.715,0.734,0.606,0.817,676.805,68227.53,19.46,62543.0,33.0,428.5,68.9,3.0,4.0
2023.0,114.53373015873015,74.6815286624204,84.83330327080324,156.38888897222222,87.8787878787879,63.3333333333333,74.6913580246914,0.715,0.734,0.606,0.817,676.805,68227.53,19.46,62543.0,33.0,428.5,68.9,3.0,4.0
2024.0,104.98348072307598,140.0,129.16666675,133.5763890138889,121.38558201058203,131.21597458391912,140.0,0.715,0.734,0.606,0.817,676.805,68227.53,19.46,62543.0,33.0,428.5,68.9,3.0,4.0
2020.0,114.53373015873015,126.9759485926655,117.6653439153439,110.480549199085,121.38558201058203,107.70655270655271,126.923076923077,0.734,0.734,0.646,0.843,405.034,45625.31,19.46,4704.0,98.0,34.0,60.75,3.0,8.0
2021.0,35.1909184726522,74.6815286624204,84.83330327080324,87.1754878072813,87.8787878787879,85.2941176470588,87.06016311118384,0.734,0.734,0.646,0.843,405.034,45625.31,19.46,4704.0,98.0,34.0,60.75,3.0,8.0
2022.0,85.50685425685425,74.6815286624204,106.52777786111112,99.00087270830306,110.44448509237219,107.70655270655271,113.4063143817545,0.734,0.734,0.646,0.843,405.034,45625.31,19.46,4704.0,98.0,34.0,60.75,3.0,8.0
2023.0,104.98348072307598,154.36868691035355,129.16666675,145.45454554545452,132.142857142857,154.78670634920644,154.72222230555556,0.734,0.734,0.646,0.843,405.034,45625.31,19.46,4704.0,98.0,34.0,60.75,3.0,8.0
2024.0,135.64380064380063,126.9759485926655,106.52777786111112,110.480549199085,110.44448509237219,118.518518518519,126.923076923077,0.734,0.734,0.646,0.843,405.034,45625.31,19.46,4704.0,98.0,34.0,60.75,3.0,8.0
2020.0,114.53373015873015,126.9759485926655,117.6653439153439,122.08333358333336,121.38558201058203,131.21597458391912,126.923076923077,0.772,0.7945,0.6895,0.839,144.181,99721.8,19.46,4704.0,98.0,34.0,86.6,4.0,2.0
2021.0,95.83333345833333,61.9047619047619,106.52777786111112,110.480549199085,110.44448509237219,107.70655270655271,100.0,0.772,0.7945,0.6895,0.839,144.181,99721.8,19.46,4704.0,98.0,34.0,86.6,4.0,2.0
2022.0,104.98348072307598,87.0967741935484,95.51910361977174,99.00087270830306,98.8532110091743,96.50389086358356,87.06016311118384,0.772,0.7945,0.6895,0.839,144.181,99721.8,19.46,4704.0,98.0,34.0,86.6,4.0,2.0
2023.0,125.0,100.0,95.51910361977174,110.480549199085,98.8532110091743,107.70655270655271,100.0,0.772,0.7945,0.6895,0.839,144.181,99721.8,19.46,4704.0,98.0,34.0,86.6,4.0,2.0
2024.0,114.53373015873015,166.666666666667,172.91666670833334,169.20093795093794,179.2857142857145,164.28571436904764,166.666666666667,0.772,0.7945,0.6895,0.839,144.181,99721.8,19.46,4704.0,98.0,34.0,86.6,4.0,2.0
2020.0,75.70932556349206,100.0,106.52777786111112,110.480549199085,110.44448509237219,96.50389086358356,100.0,0.7244999999999999,0.761,0.591,0.855,144.181,56792.915,19.46,4704.0,98.0,34.0,27.3,3.0,5.0
2021.0,114.53373015873015,74.6815286624204,117.6653439153439,133.5763890138889,121.38558201058203,141.74107151190475,140.0,0.7244999999999999,0.761,0.591,0.855,144.181,56792.915,19.46,4704.0,98.0,34.0,27.3,3.0,5.0
2022.0,174.193548387097,87.0967741935484,50.26348435761521,53.6144578313253,41.66666704166666,53.125,49.355158896825394,0.7244999999999999,0.761,0.591,0.855,144.181,56792.915,19.46,4704.0,98.0,34.0,27.3,3.0,5.0
2023.0,95.83333345833333,74.6815286624204,161.63690480357144,87.1754878072813,110.44448509237219,74.2857142857143,74.6913580246914,0.7244999999999999,0.761,0.591,0.855,144.181,56792.915,19.46,4704.0,98.0,34.0,27.3,3.0,5.0
2024.0,95.83333345833333,140.0,106.52777786111112,122.08333358333336,98.8532110091743,141.74107151190475,140.0,0.7244999999999999,0.761,0.591,0.855,144.181,56792.915,19.46,4704.0,98.0,34.0,27.3,3.0,5.0
2020.0,104.98348072307598,113.513513513514,95.51910361977174,110.480549199085,110.44448509237219,107.70655270655271,113.4063143817545,0.706,0.717,0.563,0.866,144.181,36271.065,19.46,4704.0,98.0,34.0,60.75,0.0,15.0
2021.0,65.69850288600288,113.513513513514,73.6418511066398,76.271186440678,76.1904761904762,74.2857142857143,74.6913580246914,0.706,0.717,0.563,0.866,144.181,36271.065,19.46,4704.0,98.0,34.0,60.75,0.0,15.0
2022.0,85.50685425685425,140.0,73.6418511066398,76.271186440678,87.8787878787879,74.2857142857143,74.6913580246914,0.706,0.717,0.563,0.866,144.181,36271.065,19.46,4704.0,98.0,34.0,60.75,0.0,15.0
2023.0,104.98348072307598,87.0967741935484,95.51910361977174,76.271186440678,98.8532110091743,96.50389086358356,87.06016311118384,0.706,0.717,0.563,0.866,144.181,36271.065,19.46,4704.0,98.0,34.0,60.75,0.0,15.0
2024.0,104.98348072307598,87.0967741935484,84.83330327080324,16.66666725,87.8787878787879,85.2941176470588,87.06016311118384,0.706,0.717,0.563,0.866,144.181,36271.065,19.46,4704.0,98.0,34.0,60.75,0.0,15.0
2020.0,104.98348072307598,100.0,95.51910361977174,99.00087270830306,98.8532110091743,96.50389086358356,100.0,0.715,0.717,0.591,0.866,1496.019,27276.97,145.6,224112.0,33.0,1681.0,94.4,1.0,11.0
2021.0,65.69850288600288,61.9047619047619,62.5,65.0,65.15151533333334,63.3333333333333,61.77257512796453,0.715,0.717,0.591,0.866,1496.019,27276.97,145.6,224112.0,33.0,1507.0,94.4,1.0,11.0
2022.0,104.98348072307598,74.6815286624204,84.83330327080324,87.1754878072813,87.8787878787879,85.2941176470588,87.06016311118384,0.715,0.717,0.591,0.866,1496.019,27276.97,145.6,224112.0,55.0,1507.0,94.4,1.0,11.0
2023.0,104.98348072307598,113.513513513514,106.52777786111112,110.480549199085,110.44448509237219,118.518518518519,113.4063143817545,0.715,0.717,0.591,0.866,1496.019,27276.97,145.6,224112.0,55.0,1507.0,94.4,1.0,11.0
2024.0,104.98348072307598,113.513513513514,106.52777786111112,110.480549199085,110.44448509237219,118.518518518519,113.4063143817545,0.715,0.717,0.591,0.866,1496.019,27276.97,145.6,224112.0,55.0,1507.0,94.4,1.0,11.0
2020.0,35.1909184726522,100.0,95.51910361977174,110.480549199085,98.8532110091743,96.50389086358356,100.0,0.639,0.658,0.492,0.807,144.181,36271.065,19.46,4704.0,98.0,34.0,50.3,0.0,2.0
2021.0,75.70932556349206,61.9047619047619,84.83330327080324,76.271186440678,76.1904761904762,74.2857142857143,74.6913580246914,0.639,0.658,0.492,0.807,144.181,36271.065,19.46,4704.0,98.0,34.0,50.3,0.0,2.0
2022.0,114.53373015873015,74.6815286624204,95.51910361977174,87.1754878072813,98.8532110091743,85.2941176470588,87.06016311118384,0.639,0.658,0.492,0.807,144.181,36271.065,19.46,4704.0,98.0,34.0,50.3,0.0,2.0
2023.0,104.98348072307598,113.513513513514,106.52777786111112,110.480549199085,110.44448509237219,107.70655270655271,113.4063143817545,0.639,0.658,0.492,0.807,144.181,36271.065,19.46,4704.0,98.0,34.0,50.3,0.0,2.0
2024.0,46.1215513794482,100.0,106.52777786111112,99.00087270830306,110.44448509237219,107.70655270655271,100.0,0.639,0.658,0.492,0.807,144.181,36271.065,19.46,4704.0,98.0,34.0,50.3,0.0,2.0
2020.0,75.70932556349206,61.9047619047619,50.26348435761521,53.6144578313253,52.77777802777778,53.125,61.77257512796453,0.78,0.776,0.719,0.839,144.181,88848.11,19.46,4704.0,98.0,34.0,57.45,0.0,2.0
2021.0,15.3846153846154,74.6815286624204,106.52777786111112,110.480549199085,110.44448509237219,107.70655270655271,113.4063143817545,0.78,0.776,0.719,0.839,144.181,88848.11,19.46,4704.0,98.0,34.0,57.45,0.0,2.0
2022.0,55.9503105590062,140.0,195.1388888888889,156.38888897222222,200.0,141.74107151190475,140.0,0.78,0.776,0.719,0.839,144.181,88848.11,19.46,4704.0,98.0,34.0,57.45,0.0,2.0
2023.0,104.98348072307598,100.0,73.6418511066398,122.08333358333336,76.1904761904762,96.50389086358356,100.0,0.78,0.776,0.719,0.839,144.181,88848.11,19.46,4704.0,98.0,34.0,57.45,0.0,2.0
2024.0,114.53373015873015,48.95833354166667,8.333333875,16.66666725,7.91666725,41.277890466531446,49.355158896825394,0.78,0.776,0.719,0.839,144.181,88848.11,19.46,4704.0,98.0,34.0,57.45,0.0,2.0
2020.0,55.9503105590062,113.513513513514,95.51910361977174,99.00087270830306,98.8532110091743,96.50389086358356,113.4063143817545,0.743,0.725,0.646,0.866,144.181,99721.8,19.46,4704.0,98.0,34.0,64.75,4.0,2.0
2021.0,75.70932556349206,61.9047619047619,62.5,76.271186440678,65.15151533333334,63.3333333333333,61.77257512796453,0.743,0.725,0.646,0.866,144.181,99721.8,19.46,4704.0,98.0,34.0,64.75,4.0,2.0
2022.0,145.2422175777439,87.0967741935484,73.6418511066398,76.271186440678,76.1904761904762,74.2857142857143,74.6913580246914,0.743,0.725,0.646,0.866,144.181,99721.8,19.46,4704.0,98.0,34.0,64.75,4.0,2.0
2023.0,135.64380064380063,87.0967741935484,117.6653439153439,169.20093795093794,121.38558201058203,85.2941176470588,87.06016311118384,0.743,0.725,0.646,0.866,144.181,99721.8,19.46,4704.0,98.0,34.0,64.75,4.0,2.0
2024.0,135.64380064380063,193.333333333333,150.6881313131313,180.8234127400794,155.263157894737,185.714285714286,179.87103174603178,0.743,0.725,0.646,0.866,144.181,99721.8,19.46,4704.0,98.0,34.0,64.75,4.0,2.0
2020.0,65.69850288600288,33.12500033333333,39.9399399399399,41.666667,41.66666704166666,41.277890466531446,32.91666683333333,0.706,0.761,0.548,0.839,144.181,78182.4,19.46,4704.0,98.0,34.0,31.6,0.0,2.0
2021.0,55.9503105590062,87.0967741935484,62.5,65.0,65.15151533333334,63.3333333333333,61.77257512796453,0.706,0.761,0.548,0.839,144.181,78182.4,19.46,4704.0,98.0,34.0,31.6,0.0,2.0
2022.0,135.64380064380063,113.513513513514,73.6418511066398,76.271186440678,87.8787878787879,74.2857142857143,74.6913580246914,0.706,0.761,0.548,0.839,144.181,78182.4,19.46,4704.0,98.0,34.0,31.6,0.0,2.0
2023.0,114.53373015873015,100.0,106.52777786111112,122.08333358333336,110.44448509237219,96.50389086358356,100.0,0.706,0.761,0.548,0.839,144.181,78182.4,19.46,4704.0,98.0,34.0,31.6,0.0,2.0
2024.0,114.53373015873015,100.0,95.51910361977174,110.480549199085,110.44448509237219,107.70655270655271,100.0,0.706,0.761,0.548,0.839,144.181,78182.4,19.46,4704.0,98.0,34.0,31.6,0.0,2.0
2020.0,75.70932556349206,100.0,73.6418511066398,87.1754878072813,87.8787878787879,85.2941176470588,100.0,0.763,0.7945,0.662,0.839,144.181,88848.11,19.46,4704.0,98.0,34.0,64.75,0.0,16.0
2021.0,85.50685425685425,87.0967741935484,73.6418511066398,76.271186440678,65.15151533333334,74.2857142857143,74.6913580246914,0.763,0.7945,0.662,0.839,144.181,88848.11,19.46,4704.0,98.0,34.0,64.75,0.0,16.0
2022.0,95.83333345833333,126.9759485926655,117.6653439153439,133.5763890138889,132.142857142857,141.74107151190475,140.0,0.763,0.7945,0.662,0.839,144.181,88848.11,19.46,4704.0,98.0,34.0,64.75,0.0,16.0
2023.0,114.53373015873015,126.9759485926655,129.16666675,145.45454554545452,132.142857142857,131.21597458391912,126.923076923077,0.763,0.7945,0.662,0.839,144.181,88848.11,19.46,4704.0,98.0,34.0,64.75,0.0,16.0
2024.0,95.83333345833333,140.0,106.52777786111112,133.5763890138889,110.44448509237219,131.21597458391912,140.0,0.763,0.7945,0.662,0.839,144.181,88848.11,19.46,4704.0,98.0,34.0,64.75,0.0,16.0
2020.0,85.50685425685425,100.0,106.52777786111112,110.480549199085,110.44448509237219,107.70655270655271,100.0,0.66,0.646,0.548,0.828,405.034,56792.915,19.46,4704.0,98.0,34.0,60.75,5.0,4.0
2021.0,55.9503105590062,87.0967741935484,62.5,76.271186440678,65.15151533333334,63.3333333333333,61.77257512796453,0.66,0.646,0.548,0.828,405.034,56792.915,19.46,4704.0,98.0,34.0,60.75,5.0,4.0
2022.0,114.53373015873015,100.0,73.6418511066398,76.271186440678,87.8787878787879,85.2941176470588,87.06016311118384,0.66,0.646,0.548,0.828,405.034,56792.915,19.46,4704.0,98.0,34.0,60.75,5.0,4.0
2023.0,104.98348072307598,100.0,95.51910361977174,76.271186440678,87.8787878787879,96.50389086358356,100.0,0.66,0.646,0.548,0.828,405.034,56792.915,19.46,4704.0,98.0,34.0,60.75,5.0,4.0
2024.0,95.83333345833333,113.513513513514,95.51910361977174,87.1754878072813,87.8787878787879,118.518518518519,113.4063143817545,0.66,0.646,0.548,0.828,405.034,56792.915,19.46,4704.0,98.0,34.0,60.75,5.0,4.0
2020.0,95.83333345833333,87.0967741935484,95.51910361977174,87.1754878072813,87.8787878787879,74.2857142857143,87.06016311118384,0.743,0.761,0.633,0.843,144.181,45625.31,19.46,4704.0,98.0,34.0,50.3,0.0,13.0
2021.0,55.9503105590062,100.0,95.51910361977174,99.00087270830306,87.8787878787879,96.50389086358356,87.06016311118384,0.743,0.761,0.633,0.843,144.181,45625.31,19.46,4704.0,98.0,34.0,50.3,0.0,13.0
2022.0,75.70932556349206,154.36868691035355,140.824915824916,133.5763890138889,144.54365083531744,107.70655270655271,113.4063143817545,0.743,0.761,0.633,0.843,144.181,45625.31,19.46,4704.0,98.0,34.0,50.3,0.0,13.0
2023.0,104.98348072307598,166.666666666667,129.16666675,145.45454554545452,132.142857142857,164.28571436904764,166.666666666667,0.743,0.761,0.633,0.843,144.181,45625.31,19.46,4704.0,98.0,34.0,50.3,0.0,13.0
2024.0,35.1909184726522,87.0967741935484,106.52777786111112,110.480549199085,110.44448509237219,85.2941176470588,87.06016311118384,0.743,0.761,0.633,0.843,144.181,45625.31,19.46,4704.0,98.0,34.0,50.3,0.0,13.0
2020.0,166.18882275132276,140.0,172.91666670833334,180.8234127400794,179.2857142857145,141.74107151190475,140.0,0.78,0.8105,0.6895,0.849,144.181,45625.31,19.46,4704.0,98.0,34.0,35.4,4.0,12.0
2021.0,2.63157894736842,74.6815286624204,73.6418511066398,76.271186440678,65.15151533333334,85.2941176470588,87.06016311118384,0.78,0.8105,0.6895,0.849,144.181,45625.31,19.46,4704.0,98.0,34.0,35.4,4.0,12.0
2022.0,25.972222722222217,87.0967741935484,140.824915824916,122.08333358333336,132.142857142857,131.21597458391912,126.923076923077,0.78,0.8105,0.6895,0.849,144.181,45625.31,19.46,4704.0,98.0,34.0,35.4,4.0,12.0
2023.0,114.53373015873015,154.36868691035355,117.6653439153439,122.08333358333336,132.142857142857,154.78670634920644,154.72222230555556,0.78,0.8105,0.6895,0.849,144.181,45625.31,19.46,4704.0,98.0,34.0,35.4,4.0,12.0
2024.0,125.0,87.0967741935484,73.6418511066398,87.1754878072813,76.1904761904762,96.50389086358356,87.06016311118384,0.78,0.8105,0.6895,0.849,144.181,45625.31,19.46,4704.0,98.0,34.0,35.4,4.0,12.0
2020.0,65.69850288600288,179.27158489658487,150.6881313131313,156.38888897222222,155.263157894737,164.28571436904764,179.87103174603178,0.753,0.776,0.676,0.839,144.181,36271.065,19.46,4704.0,98.0,34.0,42.9,0.0,2.0
2021.0,104.98348072307598,61.9047619047619,95.51910361977174,87.1754878072813,98.8532110091743,85.2941176470588,87.06016311118384,0.753,0.776,0.676,0.839,144.181,36271.065,19.46,4704.0,98.0,34.0,42.9,0.0,2.0
2022.0,85.50685425685425,154.36868691035355,84.83330327080324,99.00087270830306,98.8532110091743,96.50389086358356,100.0,0.753,0.776,0.676,0.839,144.181,36271.065,19.46,4704.0,98.0,34.0,42.9,0.0,2.0
2023.0,95.83333345833333,113.513513513514,129.16666675,145.45454554545452,110.44448509237219,107.70655270655271,113.4063143817545,0.753,0.776,0.676,0.839,144.181,36271.065,19.46,4704.0,98.0,34.0,42.9,0.0,2.0
2024.0,95.83333345833333,166.666666666667,150.6881313131313,169.20093795093794,155.263157894737,164.28571436904764,154.72222230555556,0.753,0.776,0.676,0.839,144.181,36271.065,19.46,4704.0,98.0,34.0,42.9,0.0,2.0
2020.0,95.83333345833333,140.0,140.824915824916,122.08333358333336,98.8532110091743,107.70655270655271,140.0,0.66,0.658,0.5225,0.807,144.181,27276.97,19.46,4704.0,98.0,34.0,31.6,2.0,4.0
2021.0,85.50685425685425,126.9759485926655,117.6653439153439,110.480549199085,121.38558201058203,107.70655270655271,100.0,0.66,0.658,0.5225,0.807,144.181,27276.97,19.46,4704.0,98.0,34.0,31.6,2.0,4.0
2022.0,125.0,74.6815286624204,129.16666675,133.5763890138889,121.38558201058203,141.74107151190475,154.72222230555556,0.66,0.658,0.5225,0.807,144.181,27276.97,19.46,4704.0,98.0,34.0,31.6,2.0,4.0
2023.0,95.83333345833333,140.0,129.16666675,145.45454554545452,132.142857142857,118.518518518519,140.0,0.66,0.658,0.5225,0.807,144.181,27276.97,19.46,4704.0,98.0,34.0,31.6,2.0,4.0
2024.0,145.2422175777439,126.9759485926655,84.83330327080324,110.480549199085,110.44448509237219,107.70655270655271,126.923076923077,0.66,0.658,0.5225,0.807,144.181,27276.97,19.46,4704.0,98.0,34.0,31.6,2.0,4.0
2020.0,55.9503105590062,126.9759485926655,161.63690480357144,145.45454554545452,167.60912698412704,131.21597458391912,126.923076923077,0.753,0.7945,0.633,0.849,144.181,78182.4,19.46,4704.0,98.0,34.0,54.1,3.0,2.0
2021.0,46.1215513794482,113.513513513514,62.5,65.0,52.77777802777778,74.2857142857143,74.6913580246914,0.753,0.7945,0.633,0.849,144.181,78182.4,19.46,4704.0,98.0,34.0,54.1,3.0,2.0
2022.0,104.98348072307598,100.0,84.83330327080324,87.1754878072813,87.8787878787879,85.2941176470588,87.06016311118384,0.753,0.7945,0.633,0.849,144.181,78182.4,19.46,4704.0,98.0,34.0,54.1,3.0,2.0
2023.0,65.69850288600288,87.0967741935484,117.6653439153439,87.1754878072813,110.44448509237219,85.2941176470588,87.06016311118384,0.753,0.7945,0.633,0.849,144.181,78182.4,19.46,4704.0,98.0,34.0,54.1,3.0,2.0
2024.0,46.1215513794482,154.36868691035355,161.63690480357144,169.20093795093794,179.2857142857145,154.78670634920644,154.72222230555556,0.753,0.7945,0.633,0.849,144.181,78182.4,19.46,4704.0,98.0,34.0,54.1,3.0,2.0
2020.0,85.50685425685425,140.0,184.857142857143,261.29960317460313,200.0,164.28571436904764,140.0,0.734,0.743,0.633,0.849,144.181,56792.915,243.59,4704.0,98.0,34.0,97.9,1.0,15.0
2021.0,95.83333345833333,74.6815286624204,50.26348435761521,65.0,52.77777802777778,53.125,61.77257512796453,0.734,0.743,0.633,0.849,144.181,56792.915,243.59,4704.0,98.0,34.0,97.9,1.0,15.0
2022.0,95.83333345833333,74.6815286624204,140.824915824916,145.45454554545452,144.54365083531744,154.78670634920644,154.72222230555556,0.734,0.743,0.633,0.849,144.181,56792.915,243.59,4704.0,98.0,34.0,97.9,1.0,15.0
2023.0,125.0,61.9047619047619,50.26348435761521,122.08333358333336,52.77777802777778,63.3333333333333,61.77257512796453,0.734,0.743,0.633,0.849,144.181,56792.915,243.59,4704.0,98.0,34.0,97.9,1.0,15.0
2024.0,85.50685425685425,61.9047619047619,39.9399399399399,41.666667,41.66666704166666,63.3333333333333,61.77257512796453,0.734,0.743,0.633,0.849,144.181,56792.915,243.59,4704.0,98.0,34.0,97.9,1.0,15.0
2020.0,75.70932556349206,126.9759485926655,129.16666675,122.08333358333336,121.38558201058203,118.518518518519,126.923076923077,0.753,0.836,0.591,0.849,144.181,110772.2,19.46,4704.0,98.0,34.0,42.9,0.0,2.0
2021.0,85.50685425685425,48.95833354166667,106.52777786111112,99.00087270830306,110.44448509237219,96.50389086358356,100.0,0.753,0.836,0.591,0.849,144.181,110772.2,19.46,4704.0,98.0,34.0,42.9,0.0,2.0
2022.0,95.83333345833333,251.92307692307702,150.6881313131313,133.5763890138889,155.263157894737,131.21597458391912,126.923076923077,0.753,0.836,0.591,0.849,144.181,110772.2,19.46,4704.0,98.0,34.0,42.9,0.0,2.0
2023.0,104.98348072307598,126.9759485926655,161.63690480357144,203.25396825396825,167.60912698412704,131.21597458391912,126.923076923077,0.753,0.836,0.591,0.849,144.181,110772.2,19.46,4704.0,98.0,34.0,42.9,0.0,2.0
2024.0,95.83333345833333,140.0,140.824915824916,122.08333358333336,144.54365083531744,141.74107151190475,140.0,0.753,0.836,0.591,0.849,144.181,110772.2,19.46,4704.0,98.0,34.0,42.9,0.0,2.0
2020.0,104.98348072307598,48.95833354166667,73.6418511066398,65.0,65.15151533333334,53.125,49.355158896825394,0.706,0.717,0.591,0.839,144.181,56792.915,19.46,4704.0,98.0,34.0,54.1,0.0,7.0
2021.0,95.83333345833333,87.0967741935484,62.5,76.271186440678,76.1904761904762,74.2857142857143,74.6913580246914,0.706,0.717,0.591,0.839,144.181,56792.915,19.46,4704.0,98.0,34.0,54.1,0.0,7.0
2022.0,125.0,126.9759485926655,95.51910361977174,87.1754878072813,98.8532110091743,85.2941176470588,87.06016311118384,0.706,0.717,0.591,0.839,144.181,56792.915,19.46,4704.0,98.0,34.0,54.1,0.0,7.0
2023.0,104.98348072307598,74.6815286624204,84.83330327080324,87.1754878072813,87.8787878787879,85.2941176470588,74.6913580246914,0.706,0.717,0.591,0.839,144.181,56792.915,19.46,4704.0,98.0,34.0,54.1,0.0,7.0
2024.0,95.83333345833333,61.9047619047619,50.26348435761521,53.6144578313253,52.77777802777778,63.3333333333333,61.77257512796453,0.706,0.717,0.591,0.839,144.181,56792.915,19.46,4704.0,98.0,34.0,54.1,0.0,7.0
